"","geoid_cnty","geoid_blk","p_id_iris_frmtd","property_indicator","acres","land_square_footage","bldg_code","building_square_feet","living_square_feet","year_built","effective_year_built","bedrooms","baths_appraised","property_address","sale_price","sale_date","sale_year","transaction_type","property_centroid_latitude","property_centroid_longitude"
"1","20057","200579619006017","087-26-0-20-08-002.00-0","10",0.16,7100,"RS0",1068,1068,"1938","1980",2,1,"1510  8TH AVE  DODGE CITY KS 678013747",NA,2014-10-28,2014,"1",37.763042,-100.025586
"2","20057","200579619006020","087-26-0-20-07-008.00-0","10",0.05,2200,"RS0",528,528,"1930",NA,1,1,"702 W BRIER ST  DODGE CITY KS 678013749",NA,2016-04-04,2016,"1",37.762339,-100.023978
"3","20057","200579619004032","086-23-0-10-13-010.00-0","10",0.19,8085,"RS0",3166,1856,"1965","2016",2,3,"2303  POST AVE  DODGE CITY KS 678012557",NA,2015-10-13,2015,"1",37.774977,-100.02026
"4","20057","200579619006023","087-26-0-20-23-009.00-0","10",0.16,7100,"RS0",1800,900,"1942",NA,2,2,"1403  7TH AVE  DODGE CITY KS 678013741",NA,2015-10-13,2015,"1",37.761498,-100.025057
