"","geoid_cnty","geoid_blk","p_id_iris_frmtd","property_indicator","acres","land_square_footage","bldg_code","building_square_feet","living_square_feet","year_built","effective_year_built","bedrooms","baths_appraised","property_address","sale_price","sale_date","sale_year","transaction_type","property_centroid_latitude","property_centroid_longitude"
"1","22053",NA,"110527400","10",NA,NA,NA,NA,NA,NA,NA,NA,NA,"807  COMMERCIAL AVE  LAKE ARTHUR LA 705493133",126000,2019-08-06,2019,"1",NA,NA
"2","22053",NA,"220483750","10",NA,NA,NA,NA,NA,NA,NA,NA,NA,"810  LEDOUX ST  JENNINGS LA 705464418",104900,2019-08-30,2019,"1",NA,NA
"3","22053",NA,"221883690","10",NA,NA,NA,NA,NA,NA,NA,NA,NA,"610 N MORTON ST  JENNINGS LA 705465452",1e+05,2019-11-18,2019,"1",NA,NA
"4","22053",NA,"221899944","10",NA,NA,NA,NA,NA,NA,NA,NA,NA,"122  SEAGRAVES ST  JENNINGS LA 705467041",40000,2020-01-31,2020,"1",NA,NA
"5","22053",NA,"300376645","10",NA,NA,NA,NA,NA,NA,NA,NA,NA,"18174  ELTON DR  JENNINGS LA 70546",20000,2019-07-19,2019,"1",NA,NA
"6","22053",NA,"300463495","10",4,174240,NA,NA,NA,NA,NA,NA,NA,"4945  BRYAN RD  JENNINGS LA 705468469",195000,2020-01-31,2020,"1",NA,NA
"7","22053",NA,"440088210","10",NA,NA,NA,NA,NA,NA,NA,NA,NA,"312  JOHNSON ST  ELTON LA 705323218",49500,2019-11-12,2019,"1",NA,NA
"8","22053",NA,"440207900","10",NA,NA,NA,NA,NA,NA,NA,NA,NA,"1317  1ST ST  ELTON LA 70532",108500,2019-09-04,2019,"1",NA,NA
"9","22053",NA,"600089990","10",0.04,1920,NA,NA,NA,NA,NA,NA,NA,"12998  SHELLIE DR  WELSH LA 705914524",68000,2019-08-02,2019,"1",NA,NA
"10","22053",NA,"600361350","10",NA,NA,NA,NA,NA,NA,NA,NA,NA,"12994  SHELLIE DR  WELSH LA 705914524",85000,2019-12-06,2019,"1",NA,NA
"11","22053",NA,"660171010","10",NA,NA,NA,NA,NA,NA,NA,NA,NA,"106  RICE ST  WELSH LA 705914621",115000,2019-12-13,2019,"1",NA,NA
"12","22053",NA,"660526386","10",NA,NA,NA,NA,NA,NA,NA,NA,NA,"528 W RUSSELL AVE  WELSH LA 705914742",70000,2020-02-07,2020,"3",NA,NA
"13","22053",NA,"700274490","10",NA,NA,NA,NA,NA,NA,NA,NA,NA,"8299  HIGHWAY 99   WELSH LA 705916000",170000,2019-10-10,2019,"1",NA,NA
"14","22053",NA,"800265532","10",2.03,88427,NA,NA,NA,NA,NA,NA,NA,"164  CARDINAL LN   LA",23000,2019-08-21,2019,"1",NA,NA
"15","22053",NA,"800296593","10",NA,NA,NA,NA,NA,NA,NA,NA,NA,"16380  CHEYENNE DR  IOWA LA 706476228",2e+05,2019-09-27,2019,"1",NA,NA
"16","22053",NA,"900036898","10",NA,NA,NA,NA,NA,NA,NA,NA,NA,"21249  ABIE FONTENOT RD  IOWA LA 706475919",25000,2019-08-14,2019,"6",NA,NA
"17","22053",NA,"100459000","10",NA,NA,NA,NA,NA,NA,NA,NA,NA,"6645  MORGAN SHORES RD  LAKE ARTHUR LA 705495318",635000,2019-06-04,2019,"1",NA,NA
"18","22053",NA,"100493995","10",NA,NA,NA,NA,NA,NA,NA,NA,NA,"6180  HIGHWAY 26   JENNINGS LA 705468141",135000,2019-09-04,2019,"1",NA,NA
"19","22053",NA,"200008091","10",NA,NA,NA,NA,NA,NA,NA,NA,NA,"16328  HIGHWAY 26   JENNINGS LA 705463147",240000,2020-02-21,2020,"1",NA,NA
"20","22053",NA,"200281723","10",NA,NA,NA,NA,NA,NA,NA,NA,NA,"17477  PELOQUIN RD  JENNINGS LA 705463145",162100,2019-10-03,2019,"1",NA,NA
"21","22053",NA,"220229495","10",NA,NA,NA,NA,NA,NA,NA,NA,NA,"725  ACADIAN DR  JENNINGS LA 705464228",158000,2019-08-02,2019,"1",NA,NA
"22","22053",NA,"220247020","10",NA,NA,NA,NA,NA,NA,NA,NA,NA,"703  SCOTT ST  JENNINGS LA 705466621",120000,2019-11-14,2019,"1",NA,NA
"23","22053",NA,"220945010","10",NA,NA,NA,NA,NA,NA,NA,NA,NA,"910  SHANKLAND AVE  JENNINGS LA 705464007",20000,2019-10-04,2019,"1",NA,NA
"24","22053",NA,"221203300","10",NA,NA,NA,NA,NA,NA,NA,NA,NA,"614  CARY AVE  JENNINGS LA 705465230",195000,2019-07-26,2019,"1",NA,NA
"25","22053",NA,"221976665","10",NA,NA,NA,NA,NA,NA,NA,NA,NA,"1020 W JEFFERSON ST  JENNINGS LA 705466352",82600,2019-08-27,2019,"1",NA,NA
"26","22053",NA,"222042589","10",NA,NA,NA,NA,NA,NA,NA,NA,NA,"911 W ACADEMY AVE  JENNINGS LA 705465117",105000,2020-01-31,2020,"3",NA,NA
"27","22053",NA,"300182230","10",1,1280,NA,NA,NA,NA,NA,NA,NA,"5100  LITTERAL RD  JENNINGS LA 705468708",57000,2020-01-21,2020,"1",NA,NA
"28","22053",NA,"300287638","10",NA,NA,NA,NA,NA,NA,NA,NA,NA,"21370  HIGHWAY 26   JENNINGS LA 705468534",147000,2019-10-08,2019,"1",NA,NA
"29","22053",NA,"300356840","10",NA,NA,NA,NA,NA,NA,NA,NA,NA,"4256  PETE RD  JENNINGS LA 705468264",89500,2019-11-15,2019,"1",NA,NA
"30","22053",NA,"600089550","10",1.16,50530,NA,NA,NA,NA,NA,NA,NA,"18346  COMPTON RD  ROANOKE LA 705813103",125000,2019-08-30,2019,"1",NA,NA
"31","22053",NA,"660114750","10",NA,NA,NA,NA,NA,NA,NA,NA,NA,"319  JARRETT ST  WELSH LA 705913625",148000,2019-11-27,2019,"1",NA,NA
"32","22053",NA,"660344250","10",NA,NA,NA,NA,NA,NA,NA,NA,NA,"310  FRANCES ST  WELSH LA 70591",138000,2019-12-23,2019,"1",NA,NA
"33","22053",NA,"800119314","10",2.42,105415,NA,NA,NA,NA,NA,NA,NA,"13566  VAUSSINE RD  WELSH LA 70591",200750,2019-11-27,2019,"1",NA,NA
"34","22053",NA,"800192150","10",NA,NA,NA,NA,NA,NA,NA,NA,NA,"24425  NEWCOMER RD  IOWA LA 706476029",339000,2019-08-07,2019,"1",NA,NA
"35","22053",NA,"800289801","10",2,87120,NA,NA,NA,NA,NA,NA,NA,"22466  PINEHILL CEMETERY RD  IOWA LA 706476204",36000,2019-10-31,2019,"1",NA,NA
"36","22053",NA,"800296575","10",NA,NA,NA,NA,NA,NA,NA,NA,NA,"16585  JA ELLE DR  IOWA LA 706476227",226500,2019-06-25,2019,"3",NA,NA
"37","22053",NA,"800296590","10",NA,NA,NA,NA,NA,NA,NA,NA,NA,"16575  JA ELLE DR  IOWA LA 706476227",290000,2019-08-09,2019,"3",NA,NA
"38","22053",NA,"800373753","10",NA,NA,NA,NA,NA,NA,NA,NA,NA,"13068  VAUSSINE RD  WELSH LA 705915341",192000,2019-09-24,2019,"1",NA,NA
"39","22053",NA,"110174709","10",NA,NA,NA,NA,NA,NA,NA,NA,NA,"711  NEW ORLEANS AVE  LAKE ARTHUR LA 705493128",1e+05,2020-01-14,2020,"1",NA,NA
"40","22053",NA,"110231750","10",NA,NA,NA,NA,NA,NA,NA,NA,NA,"190  GRAND AVE  LAKE ARTHUR LA 705494502",1e+05,2020-01-22,2020,"1",NA,NA
"41","22053",NA,"110599850","10",NA,NA,NA,NA,NA,NA,NA,NA,NA,"401  NEW ORLEANS AVE  LAKE ARTHUR LA 705494120",48000,2019-06-14,2019,"1",NA,NA
"42","22053",NA,"200125827","10",NA,NA,NA,NA,NA,NA,NA,NA,NA,"3048  WOODLAND DR  JENNINGS LA 705463274",290000,2019-08-29,2019,"1",NA,NA
"43","22053",NA,"200410464","10",1,43560,NA,NA,NA,NA,NA,NA,NA,"9297  EARL DUHON RD  JENNINGS LA 705467712",153000,2019-08-30,2019,"1",NA,NA
"44","22053",NA,"220362250","10",NA,NA,NA,NA,NA,NA,NA,NA,NA,"139  GREENWOOD DR  JENNINGS LA 705464301",97500,2019-07-29,2019,"1",NA,NA
"45","22053",NA,"300294303","10",9.16,399010,NA,NA,NA,NA,NA,NA,NA,"LA",75000,2020-02-13,2020,"1",NA,NA
"46","22053",NA,"500237130","10",24,1045440,NA,NA,NA,NA,NA,NA,NA,"LA",350000,2019-11-15,2019,"1",NA,NA
"47","22053",NA,"550031950","10",NA,NA,NA,NA,NA,NA,NA,NA,NA,"1617  HWY 165    LA",102500,2019-07-29,2019,"1",NA,NA
"48","22053",NA,"550054890","10",NA,NA,NA,NA,NA,NA,NA,NA,NA,"LA",112900,2019-12-02,2019,"1",NA,NA
"49","22053",NA,"660485467","10",NA,NA,NA,NA,NA,NA,NA,NA,NA,"303  GOODWIN ST  WELSH LA 705913623",137500,2019-11-20,2019,"1",NA,NA
"50","22053",NA,"660540460","10",0.71,30928,NA,NA,NA,NA,NA,NA,NA,"722  BEAUFORT ST  WELSH LA 705913830",50000,2019-05-29,2019,"1",NA,NA
"51","22053",NA,"800296554","10",NA,NA,NA,NA,NA,NA,NA,NA,NA,"16455  JA ELLE DR  IOWA LA 706476226",227000,2019-09-11,2019,"1",NA,NA
"52","22053",NA,"800296608","10",NA,NA,NA,NA,NA,NA,NA,NA,NA,"16310  CHEYENNE DR  IOWA LA 706476228",249000,2019-09-25,2019,"1",NA,NA
"53","22053",NA,"900109800","10",0.71,30928,NA,NA,NA,NA,NA,NA,NA,"23113  HIGHWAY 383   IOWA LA 706475812",440000,2019-09-18,2019,"1",NA,NA
"54","22053",NA,"100605781","10",0.44,1080,NA,NA,NA,NA,NA,NA,NA,"3010  GAITHES POINT RD  LAKE ARTHUR LA 705495303",235000,2020-01-14,2020,"1",NA,NA
"55","22053",NA,"200122410","10",NA,NA,NA,NA,NA,NA,NA,NA,NA,"5014  HIGHWAY 90  W JENNINGS LA 705463446",1e+05,2020-01-11,2020,"1",NA,NA
"56","22053",NA,"200208462","10",NA,NA,NA,NA,NA,NA,NA,NA,NA,"3014  ASHLEY DR  JENNINGS LA 705463243",93000,2019-10-30,2019,"1",NA,NA
"57","22053",NA,"220396000","10",NA,NA,NA,NA,NA,NA,NA,NA,NA,"113  GREENWOOD DR  JENNINGS LA 705464301",107500,2019-11-08,2019,"1",NA,NA
"58","22053",NA,"220426150","10",NA,NA,NA,NA,NA,NA,NA,NA,NA,"1103 N CHURCH ST  JENNINGS LA 705464707",130000,2020-02-20,2020,"1",NA,NA
"59","22053",NA,"220782460","10",NA,NA,NA,NA,NA,NA,NA,NA,NA,"623  ROBERTS AVE  JENNINGS LA 705464445",19500,2019-12-04,2019,"1",NA,NA
"60","22053",NA,"220810890","10",NA,NA,NA,NA,NA,NA,NA,NA,NA,"806  STATE ST  JENNINGS LA 705464740",125000,2019-07-25,2019,"1",NA,NA
"61","22053",NA,"220919781","10",NA,NA,NA,NA,NA,NA,NA,NA,NA,"1915 N SHERMAN ST  JENNINGS LA 705463837",197700,2020-01-18,2020,"1",NA,NA
"62","22053",NA,"220985940","10",NA,NA,NA,NA,NA,NA,NA,NA,NA,"431  2ND ST  JENNINGS LA 705465407",130000,2019-12-02,2019,"1",NA,NA
"63","22053",NA,"221616579","10",NA,NA,NA,NA,NA,NA,NA,NA,NA,"710  LUCY ST  JENNINGS LA 705464432",167000,2019-11-22,2019,"1",NA,NA
"64","22053",NA,"222005180","10",NA,NA,NA,NA,NA,NA,NA,NA,NA,"527  DAVIS ST  JENNINGS LA 705465915",88000,2019-08-23,2019,"1",NA,NA
"65","22053",NA,"300135010","10",0.05,2240,NA,NA,NA,NA,NA,NA,NA,"19380  HIGHWAY 26   JENNINGS LA 705468425",30000,2019-09-26,2019,"1",NA,NA
"66","22053",NA,"300388770","10",NA,NA,NA,NA,NA,NA,NA,NA,NA,"9240  RADIO TOWER RD  WELSH LA 705913315",60000,2019-11-26,2019,"1",NA,NA
"67","22053",NA,"400104400","10",72.52,3158971,NA,NA,NA,NA,NA,NA,NA,"30010  BORNSDALL RD  ELTON LA 705323405",370000,2019-06-13,2019,"1",NA,NA
"68","22053",NA,"440103508","10",NA,NA,NA,NA,NA,NA,NA,NA,NA,"426  BULLER ST  ELTON LA 705323220",20000,2019-01-16,2019,"1",NA,NA
"69","22053",NA,"600207010","10",1,43560,NA,NA,NA,NA,NA,NA,NA,"13305  HIGHWAY 382   WELSH LA 705915603",122000,2019-12-17,2019,"1",NA,NA
"70","22053",NA,"660042300","10",NA,NA,NA,NA,NA,NA,NA,NA,NA,"309  FLOYD ST  WELSH LA 705914855",145000,2019-07-08,2019,"1",NA,NA
"71","22053",NA,"660193514","10",NA,NA,NA,NA,NA,NA,NA,NA,NA,"411 E SOUTH ST  WELSH LA 705914329",100320,2019-12-20,2019,"1",NA,NA
"72","22053",NA,"660343800","10",NA,NA,NA,NA,NA,NA,NA,NA,NA,"307 E NICHOLS ST  WELSH LA 705914315",280000,2020-01-16,2020,"1",NA,NA
"73","22053",NA,"800192695","10",NA,NA,NA,NA,NA,NA,NA,NA,NA,"7250  JEFF DAVIS RD  IOWA LA 706476803",209900,2020-01-15,2020,"1",NA,NA
"74","22053",NA,"800296578","10",NA,NA,NA,NA,NA,NA,NA,NA,NA,"16405  CHEYENNE DR  IOWA LA 706476229",219900,2019-07-12,2019,"1",NA,NA
"75","22053",NA,"800296653","10",NA,NA,NA,NA,NA,NA,NA,NA,NA,"17523  JAYCEE RD  IOWA LA 706476074",225000,2019-09-27,2019,"1",NA,NA
"76","22053",NA,"900050400","10",NA,NA,NA,NA,NA,NA,NA,NA,NA,"LA",76000,2016-06-17,2016,"1",NA,NA
"77","22053",NA,"900250238","10",NA,NA,NA,NA,NA,NA,NA,NA,NA,"292  SLAUGHTERHOUSE RD  RAGLEY LA 706573227",93750,2020-01-17,2020,"1",NA,NA
"78","22053",NA,"222117240","10",NA,NA,NA,NA,NA,NA,NA,NA,NA,"522  5TH ST  JENNINGS LA 705464808",83000,2019-05-30,2019,"1",NA,NA
"79","22053",NA,"300466415","10",18,7841,NA,NA,NA,NA,NA,NA,NA,"3369  F E LANDRY RD  JENNINGS LA 705468626",210000,2019-08-07,2019,"1",NA,NA
"80","22053",NA,"300490950","10",2,87120,NA,NA,NA,NA,NA,NA,NA,"4451  PETE RD  JENNINGS LA 705468266",1e+05,2019-12-10,2019,"1",NA,NA
"81","22053",NA,"500070266","10",2.67,116305,NA,NA,NA,NA,NA,NA,NA,"17269  PARISH LINE RD  KINDER LA 706484219",250000,2019-07-23,2019,"1",NA,NA
"82","22053",NA,"500179550","10",NA,NA,NA,NA,NA,NA,NA,NA,NA,"25233  GENE RD  KINDER LA 706484017",40000,2019-06-05,2019,"1",NA,NA
"83","22053",NA,"500237125","10",1.01,43996,NA,NA,NA,NA,NA,NA,NA,"19425  ROSTROM RD  WELSH LA 705916512",54632,2019-08-09,2019,"1",NA,NA
"84","22053",NA,"600254760","10",1.5,65340,NA,NA,NA,NA,NA,NA,NA,"13170  LEBLANC RD  WELSH LA 705914509",165000,2019-10-08,2019,"1",NA,NA
"85","22053",NA,"660024464","10",NA,NA,NA,NA,NA,NA,NA,NA,NA,"318  WILLARD ST  WELSH LA 705914824",165000,2019-12-23,2019,"1",NA,NA
"86","22053",NA,"660081450","10",NA,NA,NA,NA,NA,NA,NA,NA,NA,"214 S JOSEPH ST  WELSH LA 705914410",98500,2020-02-21,2020,"1",NA,NA
"87","22053",NA,"660638158","10",0.34,14767,NA,NA,NA,NA,NA,NA,NA,"610 S JOSEPH ST  WELSH LA 705915102",147000,2019-10-22,2019,"1",NA,NA
"88","22053",NA,"700335260","10",3.42,148845,NA,NA,NA,NA,NA,NA,NA,"17884  HWY 14    LA",70000,2019-08-19,2019,"1",NA,NA
"89","22053",NA,"800296585","10",NA,NA,NA,NA,NA,NA,NA,NA,NA,"16610  MARSHALL DR  IOWA LA 706476230",224000,2019-08-30,2019,"1",NA,NA
"90","22053",NA,"800296592","10",NA,NA,NA,NA,NA,NA,NA,NA,NA,"16350  CHEYENNE DR  IOWA LA 706476228",225000,2019-08-01,2019,"1",NA,NA
"91","22053",NA,"800296625","10",NA,NA,NA,NA,NA,NA,NA,NA,NA,"17368  MAVERICK DR  IOWA LA 706476073",219000,2019-07-29,2019,"1",NA,NA
"92","22053",NA,"800300863","10",NA,NA,NA,NA,NA,NA,NA,NA,NA,"362  HIGHWAY 165   IOWA LA 706474028",45000,2019-06-21,2019,"1",NA,NA
"93","22053",NA,"800471658","10",NA,NA,NA,NA,NA,NA,NA,NA,NA,"16172  FLEUR DE LIS DR  IOWA LA 706476232",249500,2019-05-31,2019,"1",NA,NA
"94","22053",NA,"800570150","10",NA,NA,NA,NA,NA,NA,NA,NA,NA,"18501  BROUSSARD CEMETERY RD  IOWA LA 706476920",37500,2019-06-28,2019,"1",NA,NA
"95","22053",NA,"800592191","10",1.58,68825,NA,NA,NA,NA,NA,NA,NA,"15121  HARDY RD  IOWA LA 706476411",88500,2019-12-06,2019,"1",NA,NA
"96","22053",NA,"800594903","10",0.02,1064,NA,NA,NA,NA,NA,NA,NA,"315  ANNA ST  JENNINGS LA 70546",25000,2019-10-04,2019,"1",NA,NA
"97","22053",NA,"900277220","10",5,217800,NA,NA,NA,NA,NA,NA,NA,"263  NORTH AVE  JENNINGS LA 70546",65000,2019-10-18,2019,"1",NA,NA
"98","22053",NA,"100164250","10",NA,NA,NA,NA,NA,NA,NA,NA,NA,"3556  POTTER RD  LAKE ARTHUR LA 705495226",165000,2019-07-31,2019,"1",NA,NA
"99","22053",NA,"100484680","10",10.07,438649,NA,NA,NA,NA,NA,NA,NA,"8066  HIGHWAY 102   JENNINGS LA 705467772",70836,2019-07-11,2019,"1",NA,NA
"100","22053",NA,"200131310","10",NA,NA,NA,NA,NA,NA,NA,NA,NA,"4193  KOLL RD  JENNINGS LA 705468257",121500,2019-08-16,2019,"1",NA,NA
"101","22053",NA,"220293845","10",NA,NA,NA,NA,NA,NA,NA,NA,NA,"819 W DIVISION ST  JENNINGS LA 705465603",110000,2019-08-05,2019,"1",NA,NA
"102","22053",NA,"220966140","10",NA,NA,NA,NA,NA,NA,NA,NA,NA,"526 E NEZPIQUE ST  JENNINGS LA 705465940",30000,2019-10-02,2019,"6",NA,NA
"103","22053",NA,"221141650","10",NA,NA,NA,NA,NA,NA,NA,NA,NA,"523  GRANGER ST  JENNINGS LA 705466223",92000,2020-02-28,2020,"1",NA,NA
"104","22053",NA,"222042540","10",0.03,1280,NA,NA,NA,NA,NA,NA,NA,"918 W NEZPIQUE ST  JENNINGS LA 705465646",54000,2020-01-03,2020,"1",NA,NA
"105","22053",NA,"400097640","10",18.97,826333,NA,NA,NA,NA,NA,NA,NA,"7299  DOISE RD  ELTON LA 705323121",95000,2019-08-20,2019,"1",NA,NA
"106","22053",NA,"440003180","10",NA,NA,NA,NA,NA,NA,NA,NA,NA,"1110  2ND AVE  KINDER LA 70648",75000,2019-12-18,2019,"1",NA,NA
"107","22053",NA,"500183145","10",15.33,667775,NA,NA,NA,NA,NA,NA,NA,"11548  PINE ISLAND HWY  WELSH LA 705913321",120000,2019-06-03,2019,"1",NA,NA
"108","22053",NA,"600148700","10",1.5,65340,NA,NA,NA,NA,NA,NA,NA,"10175  HIGHWAY 90   WELSH LA 705915221",293000,2019-06-17,2019,"1",NA,NA
"109","22053",NA,"660238050","10",NA,NA,NA,NA,NA,NA,NA,NA,NA,"405  BENOIT ST  WELSH LA 705914911",165000,2020-01-16,2020,"1",NA,NA
"110","22053",NA,"660539582","10",NA,NA,NA,NA,NA,NA,NA,NA,NA,"210 W NICHOLS ST  WELSH LA 705914720",79800,2019-08-15,2019,"1",NA,NA
"111","22053",NA,"800296600","10",NA,NA,NA,NA,NA,NA,NA,NA,NA,"16495  JA ELLE DR  IOWA LA 70647",325000,2020-01-17,2020,"3",NA,NA
"112","22053",NA,"800471603","10",NA,NA,NA,NA,NA,NA,NA,NA,NA,"16041  FLEUR DE LIS DR  IOWA LA 706476231",340000,2019-06-14,2019,"1",NA,NA
"113","22053",NA,"900295190","10",NA,NA,NA,NA,NA,NA,NA,NA,NA,"5747  TOPSY BELL RD  RAGLEY LA 706573023",67333,2019-04-29,2019,"1",NA,NA
"114","22053",NA,"200113871","10",NA,NA,NA,NA,NA,NA,NA,NA,NA,"2149  JEFF DAVIS ACADEMY RD  JENNINGS LA 70546",84000,2019-08-21,2019,"1",NA,NA
"115","22053",NA,"220226350","10",NA,NA,NA,NA,NA,NA,NA,NA,NA,"530 E DIVISION ST  JENNINGS LA 705466214",113000,2020-01-17,2020,"1",NA,NA
"116","22053",NA,"220547200","10",NA,NA,NA,NA,NA,NA,NA,NA,NA,"1702  CARY AVE  JENNINGS LA 705463608",135500,2019-05-31,2019,"1",NA,NA
"117","22053",NA,"110512540","10",NA,NA,NA,NA,NA,NA,NA,NA,NA,"413  ORANGE AVE  LAKE ARTHUR LA 705493905",95000,2019-08-16,2019,"1",NA,NA
"118","22053",NA,"110626047","10",NA,NA,NA,NA,NA,NA,NA,NA,NA,"606  ARTHUR AVE  LAKE ARTHUR LA 705493114",50000,2019-08-30,2019,"1",NA,NA
"119","22053",NA,"110632250","10",NA,NA,NA,NA,NA,NA,NA,NA,NA,"411  SIXTH ST  LAKE ARTHUR LA 705493609",70000,2019-11-08,2019,"1",NA,NA
"120","22053",NA,"200249750","10",328,14287680,NA,NA,NA,NA,NA,NA,NA,"LA",2291750,2019-10-30,2019,"1",NA,NA
"121","22053",NA,"220005390","10",NA,NA,NA,NA,NA,NA,NA,NA,NA,"518 S DOYLE ST  JENNINGS LA 705466710",5000,2020-02-07,2020,"1",NA,NA
"122","22053",NA,"220339972","10",NA,NA,NA,NA,NA,NA,NA,NA,NA,"1834 S MAIN ST  JENNINGS LA 705467814",126600,2019-11-08,2019,"1",NA,NA
"123","22053",NA,"220778482","10",196,95658,NA,NA,NA,NA,NA,NA,NA,"606  HIGHWAY 90  E JENNINGS LA 705467024",166000,2020-01-14,2020,"1",NA,NA
"124","22053",NA,"220812673","10",4.05,93654,NA,NA,NA,NA,NA,NA,NA,"1835 S LAKE ARTHUR AVE  JENNINGS LA 705467529",575000,2019-07-23,2019,"1",NA,NA
"125","22053",NA,"220812693","10",NA,NA,NA,NA,NA,NA,NA,NA,NA,"714  LEDOUX ST  JENNINGS LA 705464416",102000,2019-07-19,2019,"1",NA,NA
"126","22053",NA,"220999000","10",NA,NA,NA,NA,NA,NA,NA,NA,NA,"303 S SHERMAN ST  JENNINGS LA 705467056",122665,2020-02-10,2020,"1",NA,NA
"127","22053",NA,"221046230","10",NA,NA,NA,NA,NA,NA,NA,NA,NA,"520 E ACADEMY AVE  JENNINGS LA 705465904",115000,2019-12-20,2019,"1",NA,NA
"128","22053",NA,"221417050","10",NA,NA,NA,NA,NA,NA,NA,NA,NA,"603  GRANGER ST  JENNINGS LA 705466236",140000,2019-12-12,2019,"1",NA,NA
"129","22053",NA,"300158400","10",4,174240,NA,NA,NA,NA,NA,NA,NA,"18363  HIGHWAY 102   JENNINGS LA 705468226",350000,2019-07-25,2019,"1",NA,NA
"130","22053",NA,"400179110","10",0.04,1920,NA,NA,NA,NA,NA,NA,NA,"28535  LIBERTY CEMETERY RD  ELTON LA 705323612",60000,2019-11-21,2019,"1",NA,NA
"131","22053",NA,"660384300","10",NA,NA,NA,NA,NA,NA,NA,NA,NA,"501 S POLK ST  WELSH LA 705914729",95400,2019-10-28,2019,"1",NA,NA
"132","22053",NA,"800195660","10",NA,NA,NA,NA,NA,NA,NA,NA,NA,"124  JERRY RD  LACASSINE LA 70650",228000,2019-08-30,2019,"1",NA,NA
"133","22053",NA,"800296580","10",NA,NA,NA,NA,NA,NA,NA,NA,NA,"16335  CHEYENNE DR  IOWA LA 706476228",214000,2019-05-08,2019,"3",NA,NA
"134","22053",NA,"800446850","10",NA,NA,NA,NA,NA,NA,NA,NA,NA,"20135  WITHERWAX RD  IOWA LA 706476121",110000,2019-09-30,2019,"1",NA,NA
"135","22053",NA,"900179105","10",NA,NA,NA,NA,NA,NA,NA,NA,NA,"24444  GRAYS BLUFF RD   LA",175000,2019-08-26,2019,"1",NA,NA
"136","22053",NA,"110600290","10",NA,NA,NA,NA,NA,NA,NA,NA,NA,"307  EIGHTH ST  LAKE ARTHUR LA 705493107",45000,2020-01-12,2020,"1",NA,NA
"137","22053",NA,"200250650","10",NA,NA,NA,NA,NA,NA,NA,NA,NA,"16055  HIGHWAY 26   JENNINGS LA 705463104",146000,2019-09-30,2019,"1",NA,NA
"138","22053",NA,"220435150","10",NA,NA,NA,NA,NA,NA,NA,NA,NA,"606 S DOYLE ST  JENNINGS LA 705466712",5000,2020-02-07,2020,"1",NA,NA
"139","22053",NA,"220623250","10",NA,NA,NA,NA,NA,NA,NA,NA,NA,"503 N CRAIG ST  JENNINGS LA 705465139",67000,2020-02-27,2020,"1",NA,NA
"140","22053",NA,"220993600","10",NA,NA,NA,NA,NA,NA,NA,NA,NA,"214 W ACADEMY AVE  JENNINGS LA 705465216",55000,2019-07-26,2019,"1",NA,NA
"141","22053",NA,"221115987","10",NA,NA,NA,NA,NA,NA,NA,NA,NA,"312 W DIVISION ST  JENNINGS LA 705465710",70000,2019-09-18,2019,"3",NA,NA
"142","22053",NA,"221517412","10",NA,NA,NA,NA,NA,NA,NA,NA,NA,"610 W PLAQUEMINE ST  JENNINGS LA 705465654",99900,2019-08-29,2019,"1",NA,NA
"143","22053",NA,"221590740","10",NA,NA,NA,NA,NA,NA,NA,NA,NA,"310  MULKERN ST  JENNINGS LA 705467300",13500,2019-07-16,2019,"1",NA,NA
"144","22053",NA,"221636660","10",NA,NA,NA,NA,NA,NA,NA,NA,NA,"710  5TH ST  JENNINGS LA 705464812",75000,2019-08-14,2019,"1",NA,NA
"145","22053",NA,"221645650","10",NA,NA,NA,NA,NA,NA,NA,NA,NA,"1315  GARAGE ALY  JENNINGS LA 705467205",22000,2019-11-20,2019,"1",NA,NA
"146","22053",NA,"221659770","10",NA,NA,NA,NA,NA,NA,NA,NA,NA,"907 N CHURCH ST  JENNINGS LA 705464703",40000,2019-06-03,2019,"1",NA,NA
"147","22053",NA,"222014298","10",NA,NA,NA,NA,NA,NA,NA,NA,NA,"418  CASSIDY DR  JENNINGS LA 705466176",383000,2019-08-30,2019,"1",NA,NA
"148","22053",NA,"300045470","10",NA,NA,NA,NA,NA,NA,NA,NA,NA,"18339  HIGHWAY 26   JENNINGS LA 705468238",136000,2019-10-07,2019,"1",NA,NA
"149","22053",NA,"300119700","10",0.07,3049,NA,NA,NA,NA,NA,NA,NA,"2280  BABINEAUX RD  JENNINGS LA 705468521",64995,2019-10-10,2019,"1",NA,NA
"150","22053",NA,"300479250","10",2.17,94525,NA,NA,NA,NA,NA,NA,NA,"4128  ARDOIN RD  JENNINGS LA 705468453",74200,2019-07-26,2019,"1",NA,NA
"151","22053",NA,"440101305","10",NA,NA,NA,NA,NA,NA,NA,NA,NA,"405  JOHNSON ST  ELTON LA 705323219",82500,2019-12-20,2019,"1",NA,NA
"152","22053",NA,"600068475","10",0.83,36155,NA,NA,NA,NA,NA,NA,NA,"10471  HIGHWAY 90   WELSH LA 705915212",11000,2019-09-26,2019,"6",NA,NA
"153","22053",NA,"660229520","10",NA,NA,NA,NA,NA,NA,NA,NA,NA,"205 S SIMMONS ST  WELSH LA 705914839",58000,2020-02-10,2020,"1",NA,NA
"154","22053",NA,"660324436","10",NA,NA,NA,NA,NA,NA,NA,NA,NA,"615 S SARAH ST  WELSH LA 705914747",115000,2019-09-10,2019,"1",NA,NA
"155","22053",NA,"660363144","10",NA,NA,NA,NA,NA,NA,NA,NA,NA,"144  MABEL ST  WELSH LA 705913804",201900,2019-06-07,2019,"1",NA,NA
"156","22053",NA,"660441000","10",67.58,2943567,NA,NA,NA,NA,NA,NA,NA,"615  DEROUEN ST  WELSH LA 705915403",42000,2019-11-14,2019,"1",NA,NA
"157","22053",NA,"660565376","10",0.03,1440,NA,NA,NA,NA,NA,NA,NA,"524 W RUSSELL AVE  WELSH LA 705914742",18000,2019-07-10,2019,"1",NA,NA
"158","22053",NA,"660609750","10",NA,NA,NA,NA,NA,NA,NA,NA,NA,"313  BOURGEOIS ST E  LA",186000,2019-05-10,2019,"1",NA,NA
"159","22053",NA,"700140458","10",2.78,121097,NA,NA,NA,NA,NA,NA,NA,"13260  BELLARD RD  WELSH LA 705915920",115000,2019-07-01,2019,"1",NA,NA
"160","22053",NA,"800296598","10",NA,NA,NA,NA,NA,NA,NA,NA,NA,"16505  JA ELLE DR  IOWA LA 706476227",227500,2019-09-13,2019,"1",NA,NA
"161","22053",NA,"800296628","10",NA,NA,NA,NA,NA,NA,NA,NA,NA,"17298  MAVERICK DR  IOWA LA 706476076",225000,2019-09-20,2019,"1",NA,NA
"162","22053",NA,"800307350","10",10.99,478681,NA,NA,NA,NA,NA,NA,NA,"22360  PINEHILL CEMETERY RD  IOWA LA 706476203",36000,2019-11-18,2019,"1",NA,NA
"163","22053",NA,"800664640","10",2.29,99578,NA,NA,NA,NA,NA,NA,NA,"19033  WOOLRIDGE RD  IOWA LA 706476806",115000,2019-09-24,2019,"1",NA,NA
"164","22053",NA,"900093037","10",NA,NA,NA,NA,NA,NA,NA,NA,NA,"5700  TOPSY BELL RD  RAGLEY LA 706573023",335000,2019-11-15,2019,"1",NA,NA
"165","22053",NA,"110100800","10",NA,NA,NA,NA,NA,NA,NA,NA,NA,"520  NEMENTO AVE  LAKE ARTHUR LA 705493818",70000,2019-10-10,2019,"1",NA,NA
"166","22053",NA,"110303750","10",NA,NA,NA,NA,NA,NA,NA,NA,NA,"119  NEW ORLEANS AVE  LAKE ARTHUR LA 705494629",1e+05,2019-12-17,2019,"1",NA,NA
"167","22053",NA,"110331800","10",NA,NA,NA,NA,NA,NA,NA,NA,NA,"401  MILL AVE  LAKE ARTHUR LA 705494209",40000,2019-06-20,2019,"1",NA,NA
"168","22053",NA,"110375301","10",NA,NA,NA,NA,NA,NA,NA,NA,NA,"409  COMMERCIAL AVE  LAKE ARTHUR LA 705494113",15000,2019-12-27,2019,"1",NA,NA
