"","geoid_cnty","geoid_blk","p_id_iris_frmtd","property_indicator","acres","land_square_footage","bldg_code","building_square_feet","living_square_feet","year_built","effective_year_built","bedrooms","baths_appraised","property_address","sale_price","sale_date","sale_year","transaction_type","property_centroid_latitude","property_centroid_longitude"
"1","46117",NA,"002078","10",9.89,430808,NA,NA,NA,NA,NA,NA,NA,"1302 S US HIGHWAY 83   FORT PIERRE SD 575322120",NA,2002-09-05,2002,"1",NA,NA
"2","46117",NA,"002353","10",13,566280,NA,NA,NA,NA,NA,NA,NA,"29942  SD HIGHWAY 1806   FORT PIERRE SD 575327506",NA,2008-06-30,2008,"1",NA,NA
"3","46117",NA,"002728","10",1.92,83635,NA,NA,NA,NA,NA,NA,NA,"25444  US HIGHWAY 14/34   HAYES SD 575375503",NA,1999-09-15,1999,"1",NA,NA
"4","46117",NA,"006452","10",0.19,8250,"RS0",720,720,"1959",NA,NA,NA,"210 S 5TH ST  FORT PIERRE SD 57532",NA,1999-08-05,1999,"1",NA,NA
"5","46117",NA,"006465","10",0.38,16500,"RS0",969,969,"1970",NA,NA,NA,"605 W 1ST AVE  FORT PIERRE SD 575323324",NA,2005-09-30,2005,"1",NA,NA
"6","46117",NA,"006473","10",0.28,12375,"RS0",772,772,"1957",NA,NA,NA,"514 W 1ST AVE  FORT PIERRE SD 575323310",NA,2005-07-27,2005,"1",NA,NA
"7","46117",NA,"006476","10",0.32,14025,NA,NA,NA,NA,NA,NA,NA,"506 W 1ST AVE  FORT PIERRE SD 575323310",NA,2001-08-20,2001,"1",NA,NA
"8","46117",NA,"006484","10",0.24,10313,"RS0",952,952,"1985",NA,NA,NA,"410 W 1ST AVE  FORT PIERRE SD 57532",NA,2004-04-16,2004,"1",NA,NA
"9","46117",NA,"006567","10",0.19,8250,"RS0",2646,1865,"1962",NA,NA,NA,"205 W 2ND AVE  FORT PIERRE SD 57532",NA,2003-09-26,2003,"1",NA,NA
"10","46117",NA,"006575","10",0.19,8250,"RS0",NA,NA,"1905",NA,NA,NA,"310 W MAIN AVE  FORT PIERRE SD 57532",NA,2004-09-29,2004,"1",NA,NA
"11","46117",NA,"006581","10",0.09,3750,"RS0",824,824,"1920",NA,NA,NA,"105 N 3RD ST  FORT PIERRE SD 575323318",NA,2005-05-20,2005,"1",NA,NA
"12","46117",NA,"006586","10",0.27,11880,"RS0",1768,1149,"1974",NA,NA,NA,"102 N 5TH ST  FORT PIERRE SD 575322226",NA,2001-10-03,2001,"1",NA,NA
"13","46117",NA,"006609","10",0.29,12500,NA,NA,NA,"1974",NA,NA,NA,"608  CREAGOR CT  FORT PIERRE SD 575326010",NA,1999-05-27,1999,"1",NA,NA
"14","46117",NA,"006612","10",0.27,11700,NA,NA,NA,"1975",NA,NA,NA,"602 W 2ND AVE  FORT PIERRE SD 575325500",NA,2004-07-26,2004,"1",NA,NA
"15","46117",NA,"006618","10",0.38,16380,"RS0",2838,1683,"1979",NA,NA,NA,"208 N 6TH ST  FORT PIERRE SD 575323316",NA,2003-05-01,2003,"1",NA,NA
"16","46117",NA,"006621","10",0.85,37125,NA,NA,NA,"2001",NA,NA,NA,"202 N 4TH ST   SD",NA,2000-11-14,2000,"1",NA,NA
"17","46117",NA,"006657","10",0.21,9075,"RS0",896,896,"1958",NA,NA,NA,"116 E 2ND AVE  FORT PIERRE SD 57532",NA,2007-08-16,2007,"1",NA,NA
"18","46117",NA,"006681","10",668.1,29102436,"RS0",3016,1144,"1977",NA,NA,NA,"312 N 6TH ST  FORT PIERRE SD 575323308",NA,2006-07-12,2006,"1",NA,NA
"19","46117",NA,"006712","10",0.28,12375,NA,NA,NA,NA,NA,NA,NA,"118 E 5TH AVE  FORT PIERRE SD 57532",NA,2005-06-23,2005,"1",NA,NA
"20","46117",NA,"006733","10",0.74,32200,NA,NA,NA,"1973",NA,NA,NA,"301 W 7TH AVE  FORT PIERRE SD 57532",NA,2004-04-26,2004,"1",NA,NA
"21","46117",NA,"006757","10",0.17,7500,NA,NA,NA,"1949",NA,NA,NA,"106 E 7TH AVE  FORT PIERRE SD 575322136",NA,2006-06-10,2006,"1",NA,NA
"22","46117",NA,"006797","10",0.21,9150,NA,NA,NA,"1964",NA,NA,NA,"513 N MARION ST  FORT PIERRE SD 575322239",NA,2007-10-19,2007,"1",NA,NA
"23","46117",NA,"006799","10",0.18,7714,NA,NA,NA,"1993",NA,NA,NA,"308  CENTER LN  FORT PIERRE SD 575322100",NA,2004-06-25,2004,"1",NA,NA
"24","46117",NA,"006809","10",0.28,12375,NA,NA,NA,"1978",NA,NA,NA,"308 E 5TH AVE  FORT PIERRE SD 575322215",NA,2006-03-22,2006,"1",NA,NA
"25","46117",NA,"006860","10",0.25,11100,NA,NA,NA,"1953",NA,NA,NA,"107 E WANDEL AVE  FORT PIERRE SD 575322020",NA,1999-06-02,1999,"1",NA,NA
"26","46117",NA,"006920","10",0.16,6850,NA,NA,NA,"1928",NA,NA,NA,"112 W PARK AVE  FORT PIERRE SD 575322005",NA,2006-09-29,2006,"1",NA,NA
"27","46117",NA,"006922","10",0.16,6850,NA,NA,NA,"1961",NA,NA,NA,"108 W PARK AVE  FORT PIERRE SD 575322005",NA,2003-01-06,2003,"1",NA,NA
"28","46117",NA,"006944","10",0.16,6850,NA,NA,NA,"1940",NA,NA,NA,"206 E CEDAR AVE  FORT PIERRE SD 575322014",NA,2004-04-08,2004,"1",NA,NA
"29","46117",NA,"006955","10",0.31,13700,NA,NA,NA,"1975",NA,NA,NA,"302  ASH AVE  FORT PIERRE SD 575322035",NA,2002-05-01,2002,"1",NA,NA
"30","46117",NA,"006968","10",0.2,8820,NA,NA,NA,"1975",NA,NA,NA,"212  SCOTTY PHILIP AVE  FORT PIERRE SD 575322047",NA,1975-07-21,1975,"1",NA,NA
"31","46117",NA,"006970","10",0.23,10220,NA,NA,NA,"1974",NA,NA,NA,"304  SCOTTY PHILIP AVE  FORT PIERRE SD 575322049",NA,1997-08-29,1997,"1",NA,NA
"32","46117",NA,"006972","10",0.28,12390,NA,NA,NA,"1978",NA,NA,NA,"312  SCOTTY PHILIP AVE  FORT PIERRE SD 575322049",NA,1992-05-29,1992,"1",NA,NA
"33","46117",NA,"006986","10",0.19,8250,NA,NA,NA,"1975",NA,NA,NA,"701  TWO RIVERS ST  FORT PIERRE SD 575322046",NA,2006-07-10,2006,"1",NA,NA
"34","46117",NA,"006990","10",0.18,8000,NA,NA,NA,"1976",NA,NA,NA,"715  TWO RIVERS ST  FORT PIERRE SD 575322046",NA,2005-01-26,2005,"1",NA,NA
"35","46117",NA,"007013","10",0.18,8050,NA,NA,NA,"1974",NA,NA,NA,"901  LAFRAMBOISE DR  FORT PIERRE SD 575322030",NA,2003-01-29,2003,"1",NA,NA
"36","46117",NA,"007026","10",0.19,8160,NA,NA,NA,"1965",NA,NA,NA,"706 N MARION ST  FORT PIERRE SD 575322243",NA,2001-11-16,2001,"1",NA,NA
"37","46117",NA,"007189","10",0.35,15318,NA,NA,NA,"1995",NA,NA,NA,"117  SHIMROSE ST  FORT PIERRE SD 575323203",NA,2003-05-28,2003,"1",NA,NA
"38","46117",NA,"007199","10",0.19,8160,NA,NA,NA,"1999",NA,NA,NA,"316  SHIMROSE ST  FORT PIERRE SD 575323200",NA,1997-11-13,1997,"1",NA,NA
"39","46117",NA,"007202","10",0.23,9880,NA,NA,NA,"2005",NA,NA,NA,"307  SHIMROSE ST  FORT PIERRE SD 575323201",NA,2009-03-31,2009,"1",NA,NA
"40","46117",NA,"007203","10",0.23,9880,NA,NA,NA,"1993",NA,NA,NA,"303  SHIMROSE ST  FORT PIERRE SD 575323201",NA,1994-06-28,1994,"1",NA,NA
"41","46117",NA,"007209","10",0.35,15246,NA,NA,NA,"1979",NA,NA,NA,"609  SHAMROCK LN  FORT PIERRE SD 57532",NA,2001-12-11,2001,"1",NA,NA
"42","46117",NA,"007318","10",0.16,6958,NA,NA,NA,"2004",NA,NA,NA,"213  ISLAY AVE  FORT PIERRE SD 575322302",NA,2004-08-05,2004,"1",NA,NA
"43","46117",NA,"007355","10",0.3,13068,NA,NA,NA,NA,NA,NA,NA,"102  PORT NA HAVEN ST  FORT PIERRE SD 575322310",NA,2005-03-01,2005,"1",NA,NA
"44","46117",NA,"007363","10",0.36,15682,NA,NA,NA,NA,NA,NA,NA,"115  PORT WEYMS CT  FORT PIERRE SD 575322317",NA,2006-08-24,2006,"1",NA,NA
"45","46117",NA,"007368","10",0.37,16117,NA,NA,NA,"2000",NA,NA,NA,"104  PORT WEYMS CT  FORT PIERRE SD 575322317",NA,2004-03-31,2004,"1",NA,NA
"46","46117",NA,"007370","10",0.3,13068,NA,NA,NA,"1995",NA,NA,NA,"212  PORT CHARLOTTE AVE  FORT PIERRE SD 575322305",NA,2001-01-26,2001,"1",NA,NA
"47","46117",NA,"007376","10",0.43,18731,NA,NA,NA,"1997",NA,NA,NA,"121  JAMIESON DR  FORT PIERRE SD 575322312",NA,1997-05-01,1997,"1",NA,NA
"48","46117",NA,"007414","10",0.25,10890,NA,NA,NA,"2000",NA,NA,NA,"305  JAMIESON DR  FORT PIERRE SD 575322316",NA,2000-09-21,2000,"1",NA,NA
"49","46117",NA,"007423","10",0.27,11761,NA,NA,NA,"2003",NA,NA,NA,"304  PORT CHARLOTTE AVE  FORT PIERRE SD 575322307",NA,2006-01-18,2006,"1",NA,NA
"50","46117",NA,"007506","10",0.25,10890,NA,NA,NA,"1973",NA,NA,NA,"411 E 8TH AVE  FORT PIERRE SD 575322273",NA,2004-10-01,2004,"1",NA,NA
"51","46117",NA,"007926","10",0.18,7841,NA,NA,NA,"1996",NA,NA,NA,"167  ISLAY AVE  FORT PIERRE SD 575322301",NA,2003-04-14,2003,"1",NA,NA
"52","46117",NA,"007930","10",0.11,4792,NA,NA,NA,"1998",NA,NA,NA,"137  ISLAY AVE  FORT PIERRE SD 575322301",NA,2004-08-11,2004,"1",NA,NA
"53","46117",NA,"007934","10",0.62,27007,NA,NA,NA,"2005",NA,NA,NA,"106  CAOL ILA CT  FORT PIERRE SD 575322300",NA,2008-09-16,2008,"1",NA,NA
"54","46117",NA,"007937","10",0.31,13504,NA,NA,NA,"2005",NA,NA,NA,"112  CAOL ILA CT  FORT PIERRE SD 57532",NA,2006-06-20,2006,"1",NA,NA
"55","46117",NA,"007939","10",0.3,13143,NA,NA,NA,"2004",NA,NA,NA,"118  CAOL ILA CT  FORT PIERRE SD 575322300",NA,2004-02-23,2004,"1",NA,NA
"56","46117",NA,"007940","10",0.28,12197,NA,NA,NA,"2005",NA,NA,NA,"122  CAOL ILA CT  FORT PIERRE SD 575322300",NA,2004-04-29,2004,"1",NA,NA
"57","46117",NA,"007977","10",0.15,6534,NA,NA,NA,"1995",NA,NA,NA,"201  ISLAY AVE  FORT PIERRE SD 575322302",NA,2006-06-22,2006,"1",NA,NA
"58","46117",NA,"008321","10",0.13,5663,NA,NA,NA,"1997",NA,NA,NA,"153  ISLAY AVE  FORT PIERRE SD 575322301",NA,2007-07-05,2007,"1",NA,NA
"59","46117",NA,"008385","10",0.28,12197,NA,NA,NA,"2003",NA,NA,NA,"106  PORT NA HAVEN ST  FORT PIERRE SD 575322310",NA,2009-03-18,2009,"1",NA,NA
"60","46117",NA,"008451","10",NA,NA,NA,NA,NA,NA,NA,NA,NA,"205  LINDSAY TRL  FORT PIERRE SD 575322205",NA,2008-07-24,2008,"1",NA,NA
"61","46117",NA,"008491","10",0.24,10454,NA,NA,NA,"1971",NA,NA,NA,"2006  TIREE DR  FORT PIERRE SD 575322098",NA,2005-08-04,2005,"1",NA,NA
"62","46117",NA,"008498","10",0.18,7841,NA,NA,NA,"2000",NA,NA,NA,"2005  TIREE DR  FORT PIERRE SD 575322099",NA,2001-09-17,2001,"1",NA,NA
"63","46117",NA,"008559","10",0.26,11326,NA,NA,NA,"2006",NA,NA,NA,"2003  WALDRON ST  FORT PIERRE SD 575322111",NA,2006-11-06,2006,"1",NA,NA
"64","46117",NA,"008567","10",0.19,8276,NA,NA,NA,"1975",NA,NA,NA,"2101  TIREE DR  FORT PIERRE SD 575322127",NA,2005-10-28,2005,"1",NA,NA
"65","46117",NA,"008573","10",0.37,16117,NA,NA,NA,"2002",NA,NA,NA,"2110  TIREE DR  FORT PIERRE SD 575322112",NA,2001-06-14,2001,"1",NA,NA
"66","46117",NA,"008626","10",0.5,21780,NA,NA,NA,NA,NA,NA,NA,"3102  VERENDRYE DR  FORT PIERRE SD 575322113",NA,2001-01-19,2001,"1",NA,NA
"67","46117",NA,"008881","10",15.29,666032,NA,NA,NA,NA,NA,NA,NA,"28782  BAD RIVER RD  FORT PIERRE SD 575327401",NA,2001-09-07,2001,"1",NA,NA
"68","46117",NA,"008913","10",0.38,16553,NA,NA,NA,"2006",NA,NA,NA,"901  VERENDRYE DR  FORT PIERRE SD 575322071",NA,2004-10-29,2004,"1",NA,NA
"69","46117",NA,"008954","10",0.31,13383,NA,NA,NA,NA,NA,NA,NA,"2706  BENJAMIN ST  FORT PIERRE SD 575322235",NA,2005-01-28,2005,"1",NA,NA
"70","46117",NA,"009060","10",NA,NA,NA,NA,NA,NA,NA,NA,NA,"104  LARAMIE TRL  FORT PIERRE SD 575322211",NA,2003-10-20,2003,"1",NA,NA
"71","46117",NA,"009150","10",0.18,7906,NA,NA,NA,"2005",NA,NA,NA,"809  FOGAL ST  FORT PIERRE SD 575328200",NA,2005-12-20,2005,"1",NA,NA
"72","46117",NA,"009163","10",0.19,8307,NA,NA,NA,NA,NA,NA,NA,"805 N MARION ST  FORT PIERRE SD 575322253",NA,2007-04-16,2007,"1",NA,NA
"73","46117",NA,"009185","10",0.5,21780,NA,NA,NA,NA,NA,NA,NA,"2002  IONA ST  FORT PIERRE SD 57532",NA,2007-03-08,2007,"1",NA,NA
"74","46117",NA,"009186","10",0.5,21780,NA,NA,NA,"1995",NA,NA,NA,"1912  IONA ST  FORT PIERRE SD 575322318",NA,2004-09-23,2004,"1",NA,NA
"75","46117",NA,"009221","10",0.99,43124,NA,NA,NA,"1956",NA,NA,NA,"305 W PARK AVE  FORT PIERRE SD 575322008",NA,2009-09-16,2009,"1",NA,NA
"76","46117",NA,"009224","10",4.06,176854,NA,NA,NA,NA,NA,NA,NA,"28036  SD HIGHWAY 1806   FORT PIERRE SD 575324916",NA,2005-08-23,2005,"1",NA,NA
"77","46117",NA,"009252","10",1.66,72310,NA,NA,NA,"2007",NA,NA,NA,"2312  WHISPERING SHORES DR  FORT PIERRE SD 575322400",NA,2006-05-18,2006,"1",NA,NA
"78","46117",NA,"009268","10",0.88,38333,NA,NA,NA,"2008",NA,NA,NA,"2606  HAMILTON CT  FORT PIERRE SD 575322281",NA,2006-05-26,2006,"1",NA,NA
"79","46117",NA,"009279","10",0.45,19602,NA,NA,NA,"2007",NA,NA,NA,"107  ROUSSEAU AVE  FORT PIERRE SD 575322356",NA,2007-03-01,2007,"1",NA,NA
"80","46117",NA,"009287","10",0.4,17424,NA,NA,NA,"2007",NA,NA,NA,"2417  WHISPERING SHORES DR  FORT PIERRE SD 575322402",NA,2006-06-23,2006,"1",NA,NA
"81","46117",NA,"009301","10",0.23,10019,NA,NA,NA,NA,NA,NA,NA,"404  DAKOTA AVE  FORT PIERRE SD 575323331",NA,2007-07-26,2007,"1",NA,NA
"82","46117",NA,"009326","10",5,217800,NA,NA,NA,NA,NA,NA,NA,"20744  MUD RD  FORT PIERRE SD 575324918",NA,2006-08-29,2006,"1",NA,NA
"83","46117",NA,"002074","10",2.85,124146,NA,NA,NA,NA,NA,NA,NA,"1602 S US HIGHWAY 83   FORT PIERRE SD 575322130",NA,2005-03-14,2005,"1",NA,NA
"84","46117",NA,"002104","10",10,435600,NA,NA,NA,NA,NA,NA,NA,"28686  BAD RIVER RD  FORT PIERRE SD 575327402",NA,1998-07-22,1998,"1",NA,NA
"85","46117",NA,"006462","10",0.31,13695,NA,NA,NA,"2014",NA,NA,NA,"701 W 1ST AVE  FORT PIERRE SD 575326105",NA,2000-10-10,2000,"1",NA,NA
"86","46117",NA,"006463","10",0.38,16500,NA,NA,NA,NA,NA,NA,NA,"613 W 1ST AVE  FORT PIERRE SD 575323324",NA,2006-03-28,2006,"1",NA,NA
"87","46117",NA,"006464","10",0.38,16500,"RS0",792,792,"1900",NA,NA,NA,"609 W 1ST AVE  FORT PIERRE SD 57532",NA,2006-03-28,2006,"1",NA,NA
"88","46117",NA,"006481","10",0.47,20625,"RS0",2352,936,"1980",NA,NA,NA,"513 W MAIN AVE  FORT PIERRE SD 575322365",NA,2008-09-02,2008,"1",NA,NA
"89","46117",NA,"006485","10",0.24,10313,"RS0",2016,1008,"1980",NA,NA,NA,"408 W 1ST AVE  FORT PIERRE SD 575323321",NA,2004-01-11,2004,"1",NA,NA
"90","46117",NA,"006505","10",0.28,12375,"RS0",1598,1088,"1905",NA,NA,NA,"212 W 1ST AVE  FORT PIERRE SD 57532",NA,2007-03-05,2007,"1",NA,NA
"91","46117",NA,"006521","10",0.12,5250,"RS0",1872,1684,"1962",NA,NA,NA,"113 W MAIN AVE  FORT PIERRE SD 57532",NA,2009-04-06,2009,"1",NA,NA
"92","46117",NA,"006558","10",0.19,8250,"RS0",2650,2137,"1959",NA,NA,NA,"114 N 2ND AVE  FORT PIERRE SD 57532",NA,2002-08-08,2002,"1",NA,NA
"93","46117",NA,"006559","10",0.19,8100,NA,NA,NA,NA,NA,NA,NA,"214 W MAIN AVE  FORT PIERRE SD 57532",NA,2003-03-03,2003,"1",NA,NA
"94","46117",NA,"006589","10",0.2,8580,"RS0",576,576,"1920",NA,NA,NA,"404 W MAIN AVE  FORT PIERRE SD 57532",NA,1999-04-23,1999,"1",NA,NA
"95","46117",NA,"006590","10",0.17,7350,"RS0",NA,NA,"1905",NA,NA,NA,"402 W MAIN AVE  FORT PIERRE SD 575322352",NA,2006-10-23,2006,"1",NA,NA
"96","46117",NA,"006594","10",0.19,8100,"RS0",2072,1036,"1903",NA,NA,NA,"109 N 4TH ST  FORT PIERRE SD 575322360",NA,2006-06-28,2006,"1",NA,NA
"97","46117",NA,"006611","10",0.27,11685,NA,NA,NA,"1973",NA,NA,NA,"205 N 6TH ST  FORT PIERRE SD 57532",NA,1997-02-01,1997,"1",NA,NA
"98","46117",NA,"006616","10",1.14,49500,"RS0",2240,1666,"1962",NA,NA,NA,"502 W 2ND AVE  FORT PIERRE SD 575325501",NA,2006-11-13,2006,"1",NA,NA
"99","46117",NA,"006625","10",0.28,12375,"RS0",1248,1248,"1965",NA,NA,NA,"302 W 2ND AVE  FORT PIERRE SD 575322236",NA,2002-10-29,2002,"1",NA,NA
"100","46117",NA,"006630","10",0.28,12375,"RS0",1176,1176,"1948",NA,NA,NA,"202 W 2ND AVE  FORT PIERRE SD 575323305",NA,1998-07-02,1998,"1",NA,NA
"101","46117",NA,"006650","10",0.24,10313,"RS0",815,815,"1890",NA,NA,NA,"117 E 3RD AVE  FORT PIERRE SD 57532",NA,2003-08-07,2003,"1",NA,NA
"102","46117",NA,"006670","10",0.17,7340,NA,NA,NA,NA,NA,NA,NA,"112 E 3RD AVE  FORT PIERRE SD 575322274",NA,2008-12-30,2008,"1",NA,NA
"103","46117",NA,"006698","10",0.28,12375,NA,NA,NA,"1977",NA,NA,NA,"121 E 5TH AVE  FORT PIERRE SD 57532",NA,1999-08-25,1999,"1",NA,NA
"104","46117",NA,"006763","10",0.28,12375,NA,NA,NA,"1968",NA,NA,NA,"120 E 7TH AVE  FORT PIERRE SD 575322136",NA,2007-08-29,2007,"1",NA,NA
"105","46117",NA,"006770","10",0.74,32200,NA,NA,NA,"1962",NA,NA,NA,"705  SALEBARN RD  FORT PIERRE SD 575322232",NA,2000-09-22,2000,"1",NA,NA
"106","46117",NA,"006806","10",0.09,4125,NA,NA,NA,"1965",NA,NA,NA,"303 E 6TH AVE  FORT PIERRE SD 57532",NA,2004-01-23,2004,"1",NA,NA
"107","46117",NA,"006858","10",0.19,8325,NA,NA,NA,"1973",NA,NA,NA,"201 E WANDEL AVE  FORT PIERRE SD 575322022",NA,2007-04-26,2007,"1",NA,NA
"108","46117",NA,"006892","10",0.16,6850,NA,NA,NA,"1954",NA,NA,NA,"511  LAFRAMBOISE DR  FORT PIERRE SD 57532",NA,2008-10-01,2008,"1",NA,NA
"109","46117",NA,"006902","10",0.24,10275,NA,NA,NA,"1967",NA,NA,NA,"211 E CEDAR AVE  FORT PIERRE SD 57532",NA,2006-03-31,2006,"1",NA,NA
"110","46117",NA,"006906","10",0.24,10275,NA,NA,NA,"1897",NA,NA,NA,"202 E PARK AVE  FORT PIERRE SD 57532",NA,2003-10-30,2003,"1",NA,NA
"111","46117",NA,"006913","10",0.31,13700,NA,NA,NA,"1911",NA,NA,NA,"410 S 1ST ST  FORT PIERRE SD 575323100",NA,2005-10-28,2005,"1",NA,NA
"112","46117",NA,"006948","10",0.24,10275,NA,NA,NA,"1910",NA,NA,NA,"407  ASH AVE  FORT PIERRE SD 575322038",NA,2005-05-10,2005,"1",NA,NA
"113","46117",NA,"006963","10",0.16,6760,NA,NA,NA,"1976",NA,NA,NA,"609  LAFRAMBOISE DR  FORT PIERRE SD 575322060",NA,2002-04-26,2002,"1",NA,NA
"114","46117",NA,"006978","10",0.28,11990,NA,NA,NA,"1975",NA,NA,NA,"808  LAFRAMBOISE DR  FORT PIERRE SD 575322027",NA,2004-06-01,2004,"1",NA,NA
"115","46117",NA,"007006","10",0.18,7700,NA,NA,NA,"1977",NA,NA,NA,"709  LAFRAMBOISE DR  FORT PIERRE SD 575322026",NA,1990-06-25,1990,"1",NA,NA
"116","46117",NA,"007011","10",0.18,8050,NA,NA,NA,"1972",NA,NA,NA,"807  LAFRAMBOISE DR  FORT PIERRE SD 57532",NA,1982-09-29,1982,"1",NA,NA
"117","46117",NA,"007046","10",0.44,19180,NA,NA,NA,"1910",NA,NA,NA,"702 S 1ST ST  FORT PIERRE SD 575322017",NA,2008-08-20,2008,"1",NA,NA
"118","46117",NA,"007047","10",0.09,4000,NA,NA,NA,"1973",NA,NA,NA,"605 S 1ST ST  FORT PIERRE SD 575322040",NA,2001-03-31,2001,"1",NA,NA
"119","46117",NA,"007058","10",0.11,4782,NA,NA,NA,"1973",NA,NA,NA,"701 S 2ND ST  FORT PIERRE SD 575322076",NA,1994-03-25,1994,"1",NA,NA
"120","46117",NA,"007066","10",0.21,9148,NA,NA,NA,"1989",NA,NA,NA,"702  LEO ST  FORT PIERRE SD 575322101",NA,2004-10-06,2004,"1",NA,NA
"121","46117",NA,"007119","10",2.4,104544,NA,NA,NA,"1971",NA,NA,NA,"805 W BUFFALO RD  FORT PIERRE SD 57532",NA,2002-09-30,2002,"1",NA,NA
"122","46117",NA,"007125","10",0.5,21780,NA,NA,NA,"1960",NA,NA,NA,"1407  SALEBARN RD  FORT PIERRE SD 575322284",NA,2009-04-01,2009,"1",NA,NA
"123","46117",NA,"007133","10",0.22,9750,NA,NA,NA,"1962",NA,NA,NA,"1414  SALEBARN RD  FORT PIERRE SD 57532",NA,2004-07-15,2004,"1",NA,NA
"124","46117",NA,"007197","10",0.18,8000,NA,NA,NA,"2000",NA,NA,NA,"310  SHIMROSE ST  FORT PIERRE SD 575323200",NA,2004-12-31,2004,"1",NA,NA
"125","46117",NA,"007211","10",0.61,26572,NA,NA,NA,"1978",NA,NA,NA,"613  SHAMROCK LN  FORT PIERRE SD 575322357",NA,2005-08-04,2005,"1",NA,NA
"126","46117",NA,"007301","10",2.9,126324,NA,NA,NA,NA,NA,NA,NA,"SD",NA,2003-01-28,2003,"1",NA,NA
"127","46117",NA,"007362","10",0.34,14810,NA,NA,NA,"1997",NA,NA,NA,"111  PORT WEYMS CT  FORT PIERRE SD 575322317",NA,2008-10-01,2008,"1",NA,NA
"128","46117",NA,"007383","10",0.35,15246,NA,NA,NA,"2000",NA,NA,NA,"302  JAMIESON DR  FORT PIERRE SD 575322315",NA,1998-04-30,1998,"1",NA,NA
"129","46117",NA,"007388","10",0.27,11761,NA,NA,NA,"1997",NA,NA,NA,"322  JAMIESON DR  FORT PIERRE SD 575322315",NA,2005-11-30,2005,"1",NA,NA
"130","46117",NA,"007389","10",0.28,12197,NA,NA,NA,"2003",NA,NA,NA,"326  JAMIESON DR  FORT PIERRE SD 575322315",NA,2006-12-12,2006,"1",NA,NA
"131","46117",NA,"007410","10",0.26,11326,NA,NA,NA,"1999",NA,NA,NA,"319  JAMIESON DR  FORT PIERRE SD 575322316",NA,2003-06-19,2003,"1",NA,NA
"132","46117",NA,"007413","10",0.25,10890,NA,NA,NA,"2000",NA,NA,NA,"307  JAMIESON DR  FORT PIERRE SD 575322316",NA,2008-02-18,2008,"1",NA,NA
"133","46117",NA,"007417","10",0.25,10890,NA,NA,NA,"2005",NA,NA,NA,"124  JAMIESON DR  FORT PIERRE SD 575322311",NA,2004-07-29,2004,"1",NA,NA
"134","46117",NA,"007419","10",0.25,10890,NA,NA,NA,"2002",NA,NA,NA,"116  JAMIESON DR  FORT PIERRE SD 575322311",NA,2003-04-08,2003,"1",NA,NA
"135","46117",NA,"007438","10",1.56,67954,NA,NA,NA,NA,NA,NA,NA,"28818  BAD RIVER RD  FORT PIERRE SD 575327400",NA,2004-03-11,2004,"1",NA,NA
"136","46117",NA,"007459","10",0.19,8225,NA,NA,NA,"1995",NA,NA,NA,"210  CENTER LN  FORT PIERRE SD 575322153",NA,2007-05-21,2007,"1",NA,NA
"137","46117",NA,"007508","10",0.27,11761,NA,NA,NA,"1992",NA,NA,NA,"407 E 8TH AVE  FORT PIERRE SD 575322273",NA,2008-02-11,2008,"1",NA,NA
"138","46117",NA,"007558","10",16.54,720482,NA,NA,NA,NA,NA,NA,NA,"702 W CEDAR AVE  FORT PIERRE SD 575324001",NA,2005-01-07,2005,"1",NA,NA
"139","46117",NA,"007570","10",1.1,47916,NA,NA,NA,NA,NA,NA,NA,"3202 N FRONTIER RD  FORT PIERRE SD 575322290",NA,2005-04-05,2005,"1",NA,NA
"140","46117",NA,"007619","10",2.53,110207,NA,NA,NA,NA,NA,NA,NA,"20307  PORCUPINE LOOP  FORT PIERRE SD 575325405",NA,2005-09-29,2005,"1",NA,NA
"141","46117",NA,"007630","10",4.65,202554,NA,NA,NA,NA,NA,NA,NA,"20249  PORCUPINE LOOP  FORT PIERRE SD 575325400",NA,2007-08-10,2007,"1",NA,NA
"142","46117",NA,"007635","10",1.7,74052,NA,NA,NA,NA,NA,NA,NA,"20244  SD HIGHWAY 1806   FORT PIERRE SD 575325401",NA,2004-04-15,2004,"1",NA,NA
"143","46117",NA,"007893","10",0.16,6970,NA,NA,NA,"1994",NA,NA,NA,"187  ISLAY AVE  FORT PIERRE SD 575322301",NA,2001-04-17,2001,"1",NA,NA
"144","46117",NA,"007902","10",0.51,22044,NA,NA,NA,"2000",NA,NA,NA,"2612  DUNES DR  FORT PIERRE SD 575322264",NA,2008-10-20,2008,"1",NA,NA
"145","46117",NA,"007909","10",0.21,9236,NA,NA,NA,"2001",NA,NA,NA,"2712  DUNES DR  FORT PIERRE SD 575322250",NA,2001-09-20,2001,"1",NA,NA
"146","46117",NA,"007913","10",0.41,17819,NA,NA,NA,"1997",NA,NA,NA,"2724  DUNES DR  FORT PIERRE SD 575322250",NA,2004-09-01,2004,"1",NA,NA
"147","46117",NA,"007933","10",0.19,8276,NA,NA,NA,"2013",NA,NA,NA,"117  ISLAY AVE  FORT PIERRE SD 575322301",NA,2005-02-18,2005,"1",NA,NA
"148","46117",NA,"007936","10",0.35,15362,NA,NA,NA,"2006",NA,NA,NA,"110  CAOL ILA CT  FORT PIERRE SD 575322300",NA,2007-04-20,2007,"1",NA,NA
"149","46117",NA,"007944","10",0.63,27443,NA,NA,NA,"2002",NA,NA,NA,"125  CAOL ILA CT  FORT PIERRE SD 575322300",NA,2002-11-19,2002,"1",NA,NA
"150","46117",NA,"007982","10",1.9,82764,NA,NA,NA,"1995",NA,NA,NA,"110  SD HIGHWAY 1806   FORT PIERRE SD 57532",NA,1996-10-28,1996,"1",NA,NA
"151","46117",NA,"008380","10",0.11,4792,NA,NA,NA,"1998",NA,NA,NA,"133  ISLAY AVE  FORT PIERRE SD 575322301",NA,2006-04-26,2006,"1",NA,NA
"152","46117",NA,"008472","10",NA,NA,NA,NA,NA,NA,NA,NA,NA,"27301  BAD RIVER RD  FORT PIERRE SD 575327200",NA,2004-04-12,2004,"1",NA,NA
"153","46117",NA,"008495","10",0.23,10019,NA,NA,NA,"1979",NA,NA,NA,"1912  TIREE DR  FORT PIERRE SD 575322116",NA,2007-04-19,2007,"1",NA,NA
"154","46117",NA,"008505","10",0.17,7405,NA,NA,NA,"2000",NA,NA,NA,"1911  WALDRON ST  FORT PIERRE SD 575322119",NA,2001-06-11,2001,"1",NA,NA
"155","46117",NA,"008526","10",NA,NA,NA,NA,NA,"1962",NA,NA,NA,"2705  HAMILTON CT  FORT PIERRE SD 575322269",NA,2000-04-20,2000,"1",NA,NA
"156","46117",NA,"008565","10",0.18,7841,NA,NA,NA,"2001",NA,NA,NA,"2012  WALDRON ST  FORT PIERRE SD 575322110",NA,2000-05-24,2000,"1",NA,NA
"157","46117",NA,"008614","10",6.38,277913,NA,NA,NA,NA,NA,NA,NA,"20356  SD HIGHWAY 1806   FORT PIERRE SD 575325402",NA,2003-05-06,2003,"1",NA,NA
"158","46117",NA,"008620","10",6.71,292288,NA,NA,NA,NA,NA,NA,NA,"20384  SD HIGHWAY 1806   FORT PIERRE SD 575325402",NA,2005-10-04,2005,"1",NA,NA
"159","46117",NA,"008631","10",0.93,40418,NA,NA,NA,"2001",NA,NA,NA,"2621  HAMILTON CT  FORT PIERRE SD 575322281",NA,2006-08-11,2006,"1",NA,NA
"160","46117",NA,"008892","10",NA,NA,NA,NA,NA,NA,NA,NA,NA,"314 W 1ST AVE  FORT PIERRE SD 575323314",NA,2003-06-05,2003,"1",NA,NA
"161","46117",NA,"008956","10",0.27,11569,NA,NA,NA,NA,NA,NA,NA,"2718  BENJAMIN ST  FORT PIERRE SD 575322235",NA,2003-04-15,2003,"1",NA,NA
"162","46117",NA,"008957","10",0.34,14968,NA,NA,NA,NA,NA,NA,NA,"2714  BENJAMIN ST  FORT PIERRE SD 57532",NA,2005-01-31,2005,"1",NA,NA
"163","46117",NA,"009019","10",2.31,100624,NA,NA,NA,NA,NA,NA,NA,"29942  SD HIGHWAY 1806   FORT PIERRE SD 575327506",NA,2008-06-30,2008,"1",NA,NA
"164","46117",NA,"009056","10",6.87,299257,NA,NA,NA,NA,NA,NA,NA,"28738  BAD RIVER RD  FORT PIERRE SD 575327401",NA,2002-07-12,2002,"1",NA,NA
"165","46117",NA,"009100","10",4.59,199940,NA,NA,NA,NA,NA,NA,NA,"28118  OAHE VIEW RD  FORT PIERRE SD 575323005",NA,2005-05-18,2005,"1",NA,NA
"166","46117",NA,"009116","10",NA,NA,NA,NA,NA,NA,NA,NA,NA,"809 S 1ST ST  FORT PIERRE SD 575324500",NA,2003-10-06,2003,"1",NA,NA
"167","46117",NA,"009270","10",0.41,17860,NA,NA,NA,"2013",NA,NA,NA,"106  ROUSSEAU AVE  FORT PIERRE SD 575322376",NA,2008-10-23,2008,"1",NA,NA
"168","46117",NA,"009278","10",0.46,20038,NA,NA,NA,"2014",NA,NA,NA,"111  ROUSSEAU AVE  FORT PIERRE SD 575322356",NA,2008-10-23,2008,"1",NA,NA
"169","46117",NA,"009281","10",0.46,20038,NA,NA,NA,"2007",NA,NA,NA,"105  ROUSSEAU AVE  FORT PIERRE SD 575322356",NA,2006-10-27,2006,"1",NA,NA
"170","46117",NA,"009286","10",0.45,19602,NA,NA,NA,"2007",NA,NA,NA,"2501  WHISPERING SHORES DR  FORT PIERRE SD 575322404",NA,2006-08-25,2006,"1",NA,NA
"171","46117",NA,"009302","10",0.23,10019,NA,NA,NA,NA,NA,NA,NA,"402  DAKOTA AVE  FORT PIERRE SD 575323331",NA,2007-07-26,2007,"1",NA,NA
"172","46117",NA,"009329","10",2.33,101495,NA,NA,NA,NA,NA,NA,NA,"28092  YELLOW HAWK DR   SD",NA,2007-05-14,2007,"1",NA,NA
"173","46117",NA,"002506","10",6,261360,NA,NA,NA,NA,NA,NA,NA,"25302  US HIGHWAY 14/34   HAYES SD 575375508",NA,2005-09-29,2005,"1",NA,NA
"174","46117",NA,"002632","10",3.82,166399,NA,NA,NA,NA,NA,NA,NA,"25492  US HIGHWAY 14/34   HAYES SD 575375503",NA,2006-05-12,2006,"1",NA,NA
"175","46117",NA,"006454","10",0.19,8250,"RS0",1050,1050,"1906",NA,NA,NA,"509 W 1ST AVE  FORT PIERRE SD 575323309",NA,2002-01-30,2002,"1",NA,NA
"176","46117",NA,"006483","10",0.28,12375,"RS0",1568,1568,"1930",NA,NA,NA,"414 W 1ST AVE  FORT PIERRE SD 57532",NA,2007-01-05,2007,"1",NA,NA
"177","46117",NA,"006490","10",0.24,10313,"RS0",2016,1008,"1982",NA,NA,NA,"405 W MAIN AVE  FORT PIERRE SD 575322336",NA,2001-04-20,2001,"1",NA,NA
"178","46117",NA,"006496","10",0.14,6188,"RS0",2716,2058,"1965",NA,NA,NA,"109 S 3RD ST  FORT PIERRE SD 575323319",NA,2006-01-30,2006,"1",NA,NA
"179","46117",NA,"006517","10",0.14,6188,"RS0",1008,1008,"1900",NA,NA,NA,"114 S 2ND ST  FORT PIERRE SD 575322152",NA,1999-05-28,1999,"1",NA,NA
"180","46117",NA,"006535","10",0.08,3340,"RS0",2112,1661,"1950",NA,NA,NA,"118 E MAIN AVE  FORT PIERRE SD 575322347",NA,2008-04-20,2008,"1",NA,NA
"181","46117",NA,"006569","10",0.19,8250,"RS0",1280,640,"1926",NA,NA,NA,"209 W 2ND AVE  FORT PIERRE SD 575323306",NA,2003-06-25,2003,"1",NA,NA
"182","46117",NA,"006576","10",0.19,8250,"RS0",NA,NA,"1905",NA,NA,NA,"308 W MAIN AVE  FORT PIERRE SD 57532",NA,2008-02-13,2008,"1",NA,NA
"183","46117",NA,"006647","10",0.17,7250,"RS0",1632,816,"1890",NA,NA,NA,"214 N DEADWOOD ST  FORT PIERRE SD 57532",NA,2006-06-30,2006,"1",NA,NA
"184","46117",NA,"007523","10",0.59,25800,NA,NA,NA,NA,NA,NA,NA,"3802 N FRONTIER RD  FORT PIERRE SD 575322298",NA,2008-10-20,2008,"1",NA,NA
"185","46117",NA,"007536","10",0.84,36598,NA,NA,NA,NA,NA,NA,NA,"3408 N FRONTIER RD  FORT PIERRE SD 57532",NA,2005-08-03,2005,"1",NA,NA
"186","46117",NA,"007540","10",0.34,14700,NA,NA,NA,NA,NA,NA,NA,"3316  COLONY LOOP  FORT PIERRE SD 575322247",NA,2001-02-02,2001,"1",NA,NA
"187","46117",NA,"007595","10",2.02,87991,NA,NA,NA,NA,NA,NA,NA,"20230  COYOTE RD  FORT PIERRE SD 575325404",NA,2004-06-23,2004,"1",NA,NA
"188","46117",NA,"007928","10",0.18,7841,NA,NA,NA,"1997",NA,NA,NA,"157  ISLAY AVE  FORT PIERRE SD 575322301",NA,2003-05-02,2003,"1",NA,NA
"189","46117",NA,"007931","10",0.13,5663,NA,NA,NA,"1998",NA,NA,NA,"131  ISLAY AVE  FORT PIERRE SD 575322301",NA,2004-11-26,2004,"1",NA,NA
"190","46117",NA,"007938","10",0.31,13358,NA,NA,NA,"2004",NA,NA,NA,"116  CAOL ILA CT  FORT PIERRE SD 575322300",NA,2007-06-20,2007,"1",NA,NA
"191","46117",NA,"007956","10",0.24,10454,NA,NA,NA,"1994",NA,NA,NA,"106  PORT WEYMS CT  FORT PIERRE SD 575322317",NA,2000-05-15,2000,"1",NA,NA
"192","46117",NA,"008239","10",0.19,8250,NA,NA,NA,"2013",NA,NA,NA,"114 E 5TH AVE  FORT PIERRE SD 57532",NA,2009-01-06,2009,"1",NA,NA
"193","46117",NA,"008241","10",0.21,9000,"RS0",NA,NA,"1978",NA,NA,NA,"108 W MAIN AVE  FORT PIERRE SD 575322362",NA,2008-10-07,2008,"1",NA,NA
"194","46117",NA,"008308","10",20,871200,NA,NA,NA,NA,NA,NA,NA,"20440  SD HIGHWAY 1806   FORT PIERRE SD 575325403",NA,2007-03-16,2007,"1",NA,NA
"195","46117",NA,"008384","10",2,87120,NA,NA,NA,"1999",NA,NA,NA,"1880  WALDRON ST  FORT PIERRE SD 575322094",NA,1998-12-22,1998,"1",NA,NA
"196","46117",NA,"008399","10",0.37,16000,NA,NA,NA,"1910",NA,NA,NA,"704  VERENDRYE DR  FORT PIERRE SD 57532",NA,1999-03-30,1999,"1",NA,NA
"197","46117",NA,"008480","10",3.29,143312,NA,NA,NA,NA,NA,NA,NA,"27248  SNAKE CREEK RD  FORT PIERRE SD 575324902",NA,2008-03-13,2008,"1",NA,NA
"198","46117",NA,"008501","10",0.24,10454,NA,NA,NA,"2004",NA,NA,NA,"2006  WALDRON ST  FORT PIERRE SD 575322110",NA,2004-05-25,2004,"1",NA,NA
"199","46117",NA,"008561","10",0.22,9583,NA,NA,NA,NA,NA,NA,NA,"2009  WALDRON ST  FORT PIERRE SD 575322111",NA,2007-02-14,2007,"1",NA,NA
"200","46117",NA,"008570","10",0.22,9583,NA,NA,NA,"2003",NA,NA,NA,"2114  TIREE DR  FORT PIERRE SD 575322112",NA,2008-12-09,2008,"1",NA,NA
"201","46117",NA,"008571","10",0.17,7405,NA,NA,NA,"2002",NA,NA,NA,"2112  TIREE DR  FORT PIERRE SD 575322112",NA,2002-02-20,2002,"1",NA,NA
"202","46117",NA,"008575","10",1.26,54886,NA,NA,NA,"2001",NA,NA,NA,"2104  TIREE DR  FORT PIERRE SD 575322112",NA,2002-05-28,2002,"1",NA,NA
"203","46117",NA,"008619","10",6.05,263538,NA,NA,NA,NA,NA,NA,NA,"20380  SD HIGHWAY 1806   FORT PIERRE SD 575325402",NA,2001-06-14,2001,"1",NA,NA
"204","46117",NA,"008883","10",0.24,10313,NA,NA,NA,"2001",NA,NA,NA,"407 W MAIN AVE  FORT PIERRE SD 575322336",NA,2001-04-20,2001,"1",NA,NA
"205","46117",NA,"009104","10",7.39,321908,NA,NA,NA,NA,NA,NA,NA,"28102  OAHE VIEW RD  FORT PIERRE SD 575323005",NA,2005-08-17,2005,"1",NA,NA
"206","46117",NA,"009127","10",0.17,7405,NA,NA,NA,"1979",NA,NA,NA,"2017  WALDRON ST  FORT PIERRE SD 575322111",NA,2015-04-27,2015,"1",NA,NA
"207","46117",NA,"009129","10",0.23,10019,NA,NA,NA,"2005",NA,NA,NA,"2105  WALDRON ST  FORT PIERRE SD 575322141",NA,2005-07-11,2005,"1",NA,NA
"208","46117",NA,"009151","10",0.2,8725,NA,NA,NA,"2005",NA,NA,NA,"807  FOGAL ST  FORT PIERRE SD 575328200",NA,2006-01-28,2006,"1",NA,NA
"209","46117",NA,"003461","10",7.41,322780,NA,NA,NA,NA,NA,NA,NA,"SD",NA,2006-08-18,2006,"1",NA,NA
"210","46117",NA,"004353","10",30,1306800,NA,NA,NA,NA,NA,NA,NA,"SD",NA,2005-07-22,2005,"1",NA,NA
"211","46117",NA,"006655","10",0.21,9313,"RS0",2656,1040,"1979",NA,NA,NA,"122 E 2ND AVE  FORT PIERRE SD 575323401",NA,2001-11-16,2001,"1",NA,NA
"212","46117",NA,"006659","10",0.32,14025,"RS0",690,690,"1910",NA,NA,NA,"108 E 2ND AVE  FORT PIERRE SD 575323401",NA,2007-04-20,2007,"1",NA,NA
"213","46117",NA,"006744","10",0.28,12375,NA,NA,NA,"1900",NA,NA,NA,"109 E 7TH AVE  FORT PIERRE SD 575322139",NA,2009-04-29,2009,"1",NA,NA
"214","46117",NA,"006752","10",0.19,8250,NA,NA,NA,"1900",NA,NA,NA,"108 E 6TH AVE  FORT PIERRE SD 575322270",NA,2009-04-01,2009,"1",NA,NA
"215","46117",NA,"006792","10",0.64,28000,NA,NA,NA,"1976",NA,NA,NA,"810  VERENDRYE DR  FORT PIERRE SD 575322122",NA,2008-08-05,2008,"1",NA,NA
"216","46117",NA,"006811","10",0.19,8250,NA,NA,NA,"1990",NA,NA,NA,"205 E 6TH AVE  FORT PIERRE SD 575322231",NA,2002-11-25,2002,"1",NA,NA
"217","46117",NA,"006829","10",0.18,7838,"RS0",960,700,"1978",NA,NA,NA,"309  COTTONWOOD LN  FORT PIERRE SD 575324003",NA,2005-10-14,2005,"1",NA,NA
"218","46117",NA,"006833","10",0.28,12375,NA,NA,NA,"1960",NA,NA,NA,"213 E 7TH AVE  FORT PIERRE SD 575322135",NA,2014-06-17,2014,"1",NA,NA
"219","46117",NA,"006864","10",0.19,8325,NA,NA,NA,"1900",NA,NA,NA,"601 S 1ST ST  FORT PIERRE SD 575322040",NA,2001-10-12,2001,"1",NA,NA
"220","46117",NA,"006894","10",0.24,10275,NA,NA,NA,"1953",NA,NA,NA,"209 E PARK AVE  FORT PIERRE SD 575322004",NA,2001-11-30,2001,"1",NA,NA
"221","46117",NA,"006915","10",0.25,11097,NA,NA,NA,"1905",NA,NA,NA,"108 E PARK AVE  FORT PIERRE SD 575322001",NA,2004-08-31,2004,"1",NA,NA
"222","46117",NA,"006928","10",0.94,41100,NA,NA,NA,NA,NA,NA,NA,"SD",NA,2000-09-05,2000,"1",NA,NA
"223","46117",NA,"006966","10",0.2,8820,NA,NA,NA,"1975",NA,NA,NA,"208  SCOTTY PHILIP AVE  FORT PIERRE SD 575322047",NA,1994-04-20,1994,"1",NA,NA
"224","46117",NA,"006973","10",0.19,8250,NA,NA,NA,"1976",NA,NA,NA,"201  SCOTTY PHILIP AVE  FORT PIERRE SD 575322048",NA,2002-10-21,2002,"1",NA,NA
"225","46117",NA,"006974","10",0.19,8400,NA,NA,NA,"1976",NA,NA,NA,"205  SCOTTY PHILIP AVE  FORT PIERRE SD 575322048",NA,2003-10-02,2003,"1",NA,NA
"226","46117",NA,"006977","10",0.29,12430,NA,NA,NA,"1978",NA,NA,NA,"707  CASEY TIBBS ST  FORT PIERRE SD 575322029",NA,2008-05-15,2008,"1",NA,NA
"227","46117",NA,"006979","10",0.19,8190,NA,NA,NA,"1977",NA,NA,NA,"804  LAFRAMBOISE DR  FORT PIERRE SD 575322027",NA,1993-04-29,1993,"1",NA,NA
"228","46117",NA,"006993","10",0.22,9520,NA,NA,NA,"1976",NA,NA,NA,"710  CASEY TIBBS ST  FORT PIERRE SD 57532",NA,1982-06-02,1982,"1",NA,NA
"229","46117",NA,"007000","10",0.26,11500,NA,NA,NA,"1974",NA,NA,NA,"714  TWO RIVERS ST  FORT PIERRE SD 575322045",NA,2003-09-26,2003,"1",NA,NA
"230","46117",NA,"007003","10",0.17,7200,NA,NA,NA,"1976",NA,NA,NA,"703  LAFRAMBOISE DR  FORT PIERRE SD 575322026",NA,2009-04-21,2009,"1",NA,NA
"231","46117",NA,"007020","10",0.27,11663,NA,NA,NA,"1976",NA,NA,NA,"1007  LAFRAMBOISE DR  FORT PIERRE SD 575322032",NA,2006-06-08,2006,"1",NA,NA
"232","46117",NA,"007052","10",0.54,23522,NA,NA,NA,"1905",NA,NA,NA,"108  TIM ST  FORT PIERRE SD 575322055",NA,1993-11-02,1993,"1",NA,NA
"233","46117",NA,"007185","10",0.24,10575,NA,NA,NA,"1992",NA,NA,NA,"101  SHIMROSE ST  FORT PIERRE SD 575323203",NA,1996-09-17,1996,"1",NA,NA
"234","46117",NA,"007198","10",0.18,8000,NA,NA,NA,"2002",NA,NA,NA,"314  SHIMROSE ST  FORT PIERRE SD 575323200",NA,2006-02-17,2006,"1",NA,NA
"235","46117",NA,"007201","10",0.23,9880,NA,NA,NA,"1993",NA,NA,NA,"311  SHIMROSE ST  FORT PIERRE SD 575323201",NA,1998-04-28,1998,"1",NA,NA
"236","46117",NA,"007293","10",0.81,35284,NA,NA,NA,"1969",NA,NA,NA,"903  VERENDRYE DR  FORT PIERRE SD 575322071",NA,2002-07-19,2002,"1",NA,NA
"237","46117",NA,"007353","10",0.41,17860,NA,NA,NA,"1996",NA,NA,NA,"112  PORT NA HAVEN ST  FORT PIERRE SD 575322310",NA,2003-10-08,2003,"1",NA,NA
"238","46117",NA,"007360","10",0.33,14375,NA,NA,NA,"1998",NA,NA,NA,"107  PORT WEYMS CT  FORT PIERRE SD 575322317",NA,1997-04-21,1997,"1",NA,NA
"239","46117",NA,"007361","10",0.25,10764,NA,NA,NA,"2004",NA,NA,NA,"109  PORT WEYMS CT  FORT PIERRE SD 575322317",NA,2003-06-15,2003,"1",NA,NA
"240","46117",NA,"007381","10",0.34,14810,NA,NA,NA,"2001",NA,NA,NA,"208  JAMIESON DR  FORT PIERRE SD 575322313",NA,2000-06-07,2000,"1",NA,NA
"241","46117",NA,"007390","10",0.23,10019,NA,NA,NA,"2009",NA,NA,NA,"328  JAMIESON DR  FORT PIERRE SD 575322315",NA,2007-05-04,2007,"1",NA,NA
"242","46117",NA,"007393","10",0.23,10019,"RS0",2102,1596,"1996",NA,NA,NA,"309  PORT CHARLOTTE AVE  FORT PIERRE SD 575322308",NA,2005-04-05,2005,"1",NA,NA
"243","46117",NA,"007418","10",0.25,10890,NA,NA,NA,"2003",NA,NA,NA,"120  JAMIESON DR  FORT PIERRE SD 575322311",NA,2006-07-10,2006,"1",NA,NA
"244","46117",NA,"009157","10",0.29,12615,NA,NA,NA,NA,NA,NA,NA,"311 E 8TH AVE  FORT PIERRE SD 575322266",NA,2004-08-19,2004,"1",NA,NA
"245","46117",NA,"009159","10",0.19,8311,NA,NA,NA,NA,NA,NA,NA,"804  FOGAL ST  FORT PIERRE SD 575328201",NA,2009-01-30,2009,"1",NA,NA
"246","46117",NA,"009232","10",0.25,10890,NA,NA,NA,NA,NA,NA,NA,"102  ISLAY AVE  FORT PIERRE SD 57532",NA,2009-02-17,2009,"1",NA,NA
"247","46117",NA,"009234","10",0.25,10890,NA,NA,NA,"2006",NA,NA,NA,"2002  MULL ST  FORT PIERRE SD 57532",NA,2005-11-16,2005,"1",NA,NA
"248","46117",NA,"009253","10",3.93,171191,NA,NA,NA,"2007",NA,NA,NA,"2306  WHISPERING SHORES DR  FORT PIERRE SD 575322400",NA,2006-05-18,2006,"1",NA,NA
"249","46117",NA,"009272","10",0.69,30056,NA,NA,NA,"2014",NA,NA,NA,"2603  WHISPERING SHORES DR  FORT PIERRE SD 575322405",NA,2008-10-23,2008,"1",NA,NA
"250","46117",NA,"009284","10",0.4,17424,NA,NA,NA,"2012",NA,NA,NA,"2507  WHISPERING SHORES DR  FORT PIERRE SD 575322404",NA,2007-09-06,2007,"1",NA,NA
"251","46117",NA,"009290","10",0.75,32670,NA,NA,NA,NA,NA,NA,NA,"2405  WHISPERING SHORES DR  FORT PIERRE SD 575322402",NA,2007-01-12,2007,"1",NA,NA
"252","46117",NA,"009293","10",0.49,21344,NA,NA,NA,NA,NA,NA,NA,"2309  WHISPERING SHORES DR  FORT PIERRE SD 575322401",NA,2006-10-11,2006,"1",NA,NA
"253","46117",NA,"009307","10",0.23,10199,NA,NA,NA,NA,NA,NA,NA,"303  DAKOTA AVE  FORT PIERRE SD 575323330",NA,2007-07-26,2007,"1",NA,NA
"254","46117",NA,"009342","10",2.05,89298,NA,NA,NA,NA,NA,NA,NA,"28056  CACTUS FLAT DR  FORT PIERRE SD 575328500",NA,2005-07-22,2005,"1",NA,NA
"255","46117",NA,"003536","10",8.73,380279,NA,NA,NA,NA,NA,NA,NA,"902 W CEDAR AVE  FORT PIERRE SD 57532",NA,2007-04-12,2007,"1",NA,NA
"256","46117",NA,"006489","10",0.11,4875,"RS0",1280,720,"1953",NA,NA,NA,"105 S 4TH ST  FORT PIERRE SD 575322125",NA,2006-03-31,2006,"1",NA,NA
"257","46117",NA,"006504","10",0.19,8250,NA,NA,NA,"1959",NA,NA,NA,"114 S 3RD ST  FORT PIERRE SD 57532",NA,2006-05-31,2006,"1",NA,NA
"258","46117",NA,"006561","10",0.1,4200,"RS0",NA,NA,"1953",NA,NA,NA,"106 N 3RD ST  FORT PIERRE SD 57532",NA,2004-09-01,2004,"1",NA,NA
"259","46117",NA,"008955","10",0.31,13618,NA,NA,NA,NA,NA,NA,NA,"2710  BENJAMIN ST  FORT PIERRE SD 575322235",NA,2003-01-24,2003,"1",NA,NA
"260","46117",NA,"008961","10",0.27,11600,NA,NA,NA,"2013",NA,NA,NA,"2812  BENJAMIN ST  FORT PIERRE SD 575322228",NA,2006-07-21,2006,"1",NA,NA
"261","46117",NA,"009111","10",0.5,21780,NA,NA,NA,NA,NA,NA,NA,"2102  IONA ST  FORT PIERRE SD 575322350",NA,2005-05-18,2005,"1",NA,NA
"262","46117",NA,"009134","10",0.27,11761,NA,NA,NA,"2004",NA,NA,NA,"2108  WALDRON ST  FORT PIERRE SD 575322140",NA,2004-07-27,2004,"1",NA,NA
"263","46117",NA,"009152","10",0.22,9582,NA,NA,NA,"2010",NA,NA,NA,"805  FOGAL ST  FORT PIERRE SD 575328200",NA,2009-01-30,2009,"1",NA,NA
"264","46117",NA,"009153","10",0.2,8800,NA,NA,NA,"2005",NA,NA,NA,"803  FOGAL ST  FORT PIERRE SD 575328200",NA,2006-08-03,2006,"1",NA,NA
"265","46117",NA,"009155","10",0.31,13348,NA,NA,NA,NA,NA,NA,NA,"303 E 8TH AVE  FORT PIERRE SD 57532",NA,2008-10-27,2008,"1",NA,NA
"266","46117",NA,"009269","10",0.47,20502,NA,NA,NA,NA,NA,NA,NA,"102  ROUSSEAU AVE  FORT PIERRE SD 57532",NA,2008-10-23,2008,"1",NA,NA
"267","46117",NA,"009298","10",0.23,10019,NA,NA,NA,NA,NA,NA,NA,"410  DAKOTA AVE  FORT PIERRE SD 575323331",NA,2007-07-26,2007,"1",NA,NA
"268","46117",NA,"002694","10",2.5,108900,NA,NA,NA,NA,NA,NA,NA,"25451  US HIGHWAY 14/34   HAYES SD 575375503",NA,2002-12-03,2002,"1",NA,NA
"269","46117",NA,"002732","10",0.4,17424,NA,NA,NA,NA,NA,NA,NA,"25434  US HIGHWAY 14/34   HAYES SD 575375503",NA,1999-09-03,1999,"1",NA,NA
"270","46117",NA,"006606","10",0.33,14400,NA,NA,NA,"1965",NA,NA,NA,"614 W 2ND AVE  FORT PIERRE SD 575325500",NA,2002-11-08,2002,"1",NA,NA
"271","46117",NA,"006607","10",0.32,14100,NA,NA,NA,"1977",NA,NA,NA,"612  CREAGOR CT  FORT PIERRE SD 575326010",NA,2002-07-15,2002,"1",NA,NA
"272","46117",NA,"006628","10",0.19,8250,"RS0",NA,NA,"1905",NA,NA,NA,"208 W 2ND AVE  FORT PIERRE SD 575323305",NA,2007-06-11,2007,"1",NA,NA
"273","46117",NA,"006649","10",0.33,14438,"RS0",NA,NA,"1900",NA,NA,NA,"113 E 3RD AVE  FORT PIERRE SD 575322275",NA,1999-05-05,1999,"1",NA,NA
"274","46117",NA,"006707","10",0.24,10500,NA,NA,NA,"1900",NA,NA,NA,"512 N DEADWOOD ST  FORT PIERRE SD 57532",NA,2009-03-31,2009,"1",NA,NA
"275","46117",NA,"006727","10",1.57,68250,NA,NA,NA,NA,NA,NA,NA,"514  VERENDRYE DR  FORT PIERRE SD 57532",NA,2007-10-15,2007,"1",NA,NA
"276","46117",NA,"006753","10",0.19,8250,NA,NA,NA,"1946",NA,NA,NA,"108 E 6TH AVE  FORT PIERRE SD 575322270",NA,2005-09-26,2005,"1",NA,NA
"277","46117",NA,"006760","10",0.25,11036,NA,NA,NA,NA,NA,NA,NA,"109 E 8TH AVE  FORT PIERRE SD 575322279",NA,1999-04-30,1999,"1",NA,NA
"278","46117",NA,"006800","10",0.14,6188,NA,NA,NA,NA,NA,NA,NA,"SD",NA,2007-10-19,2007,"1",NA,NA
"279","46117",NA,"006838","10",0.29,12705,NA,NA,NA,"1976",NA,NA,NA,"208 E 6TH AVE  FORT PIERRE SD 57532",NA,2007-09-11,2007,"1",NA,NA
"280","46117",NA,"006853","10",0.19,8325,NA,NA,NA,NA,NA,NA,NA,"SD",NA,1999-08-06,1999,"1",NA,NA
"281","46117",NA,"006868","10",0.7,30525,NA,NA,NA,NA,NA,NA,NA,"601 S 2ND ST  FORT PIERRE SD 575322042",NA,2002-02-26,2002,"1",NA,NA
"282","46117",NA,"006875","10",0.28,12330,NA,NA,NA,"1960",NA,NA,NA,"101 W PARK AVE  FORT PIERRE SD 575322006",NA,2008-02-15,2008,"1",NA,NA
"283","46117",NA,"006931","10",0.16,6850,NA,NA,NA,"1956",NA,NA,NA,"308 W PARK AVE  FORT PIERRE SD 575322007",NA,2004-05-21,2004,"1",NA,NA
"284","46117",NA,"006969","10",0.23,10220,NA,NA,NA,"1975",NA,NA,NA,"302  SCOTTY PHILIP AVE  FORT PIERRE SD 575322049",NA,2005-08-17,2005,"1",NA,NA
"285","46117",NA,"006980","10",0.21,9100,NA,NA,NA,"1977",NA,NA,NA,"802  LAFRAMBOISE DR  FORT PIERRE SD 575322027",NA,1998-05-11,1998,"1",NA,NA
"286","46117",NA,"006983","10",0.19,8400,NA,NA,NA,"1966",NA,NA,NA,"301  SCOTTY PHILIP AVE  FORT PIERRE SD 575322050",NA,1998-10-22,1998,"1",NA,NA
"287","46117",NA,"006985","10",0.19,8250,NA,NA,NA,"1975",NA,NA,NA,"307  SCOTTY PHILIP AVE  FORT PIERRE SD 575322050",NA,2001-05-11,2001,"1",NA,NA
"288","46117",NA,"006995","10",0.22,9760,NA,NA,NA,"1975",NA,NA,NA,"702  TWO RIVERS ST  FORT PIERRE SD 575322045",NA,2002-05-01,2002,"1",NA,NA
"289","46117",NA,"006999","10",0.4,17540,NA,NA,NA,"1975",NA,NA,NA,"712  TWO RIVERS ST  FORT PIERRE SD 575322045",NA,2003-01-24,2003,"1",NA,NA
"290","46117",NA,"007002","10",0.17,7380,NA,NA,NA,"1976",NA,NA,NA,"111  SCOTTY PHILIP AVE  FORT PIERRE SD 575323204",NA,2003-10-27,2003,"1",NA,NA
"291","46117",NA,"007019","10",0.18,8050,NA,NA,NA,"1976",NA,NA,NA,"1005  LAFRAMBOISE DR  FORT PIERRE SD 575322032",NA,1977-05-14,1977,"1",NA,NA
"292","46117",NA,"007053","10",0.18,7841,NA,NA,NA,"1998",NA,NA,NA,"608 S 2ND ST  FORT PIERRE SD 575322041",NA,2006-03-28,2006,"1",NA,NA
"293","46117",NA,"007204","10",0.23,9880,NA,NA,NA,"2001",NA,NA,NA,"205  SHIMROSE DR  FORT PIERRE SD 57532",NA,2000-01-31,2000,"1",NA,NA
"294","46117",NA,"007316","10",0.16,6970,NA,NA,NA,"2003",NA,NA,NA,"219  ISLAY AVE  FORT PIERRE SD 575322302",NA,2003-01-06,2003,"1",NA,NA
"295","46117",NA,"007372","10",0.25,10890,NA,NA,NA,"1994",NA,NA,NA,"105  JAMIESON DR  FORT PIERRE SD 575322312",NA,2003-08-01,2003,"1",NA,NA
"296","46117",NA,"007375","10",0.44,19166,NA,NA,NA,"1996",NA,NA,NA,"117  JAMIESON DR  FORT PIERRE SD 575322312",NA,1995-07-31,1995,"1",NA,NA
"297","46117",NA,"007504","10",0.2,8700,NA,NA,NA,"1955",NA,NA,NA,"806 N MARION ST  FORT PIERRE SD 575322252",NA,2000-08-24,2000,"1",NA,NA
"298","46117",NA,"007535","10",0.82,35891,NA,NA,NA,NA,NA,NA,NA,"3412 N FRONTIER RD  FORT PIERRE SD 575322294",NA,2005-08-03,2005,"1",NA,NA
"299","46117",NA,"007561","10",2.88,125453,NA,NA,NA,NA,NA,NA,NA,"1500  PRAIRIE VIEW DR  FORT PIERRE SD 57532",NA,2003-03-14,2003,"1",NA,NA
"300","46117",NA,"007574","10",9.92,432115,NA,NA,NA,NA,NA,NA,NA,"20322  SD HIGHWAY 1806   FORT PIERRE SD 575325402",NA,2003-06-06,2003,"1",NA,NA
"301","46117",NA,"007575","10",9.92,432115,NA,NA,NA,NA,NA,NA,NA,"20320  SD HIGHWAY 1806   FORT PIERRE SD 575325402",NA,2007-10-02,2007,"1",NA,NA
"302","46117",NA,"007621","10",1.79,77972,NA,NA,NA,NA,NA,NA,NA,"20304  SD HIGHWAY 1806   FORT PIERRE SD 57532",NA,2004-06-02,2004,"1",NA,NA
"303","46117",NA,"007625","10",3.83,166835,NA,NA,NA,NA,NA,NA,NA,"20302  SD HIGHWAY 1806   FORT PIERRE SD 57532",NA,2007-08-31,2007,"1",NA,NA
"304","46117",NA,"007645","10",6.95,302742,NA,NA,NA,NA,NA,NA,NA,"SD",NA,2005-02-17,2005,"1",NA,NA
"305","46117",NA,"007647","10",12.34,537530,NA,NA,NA,NA,NA,NA,NA,"28044  US HIGHWAY 14/34   FORT PIERRE SD 57532",NA,2008-10-16,2008,"1",NA,NA
"306","46117",NA,"007905","10",0.11,4617,NA,NA,NA,"1998",NA,NA,NA,"2624  DUNES DR  FORT PIERRE SD 575322264",NA,2006-07-20,2006,"1",NA,NA
"307","46117",NA,"007925","10",0.13,5663,NA,NA,NA,"1994",NA,NA,NA,"179  ISLAY AVE  FORT PIERRE SD 575322301",NA,1999-10-04,1999,"1",NA,NA
"308","46117",NA,"007932","10",0.15,6534,NA,NA,NA,"2013",NA,NA,NA,"115  ISLAY AVE  FORT PIERRE SD 575322301",NA,2005-02-18,2005,"1",NA,NA
"309","46117",NA,"007941","10",0.4,17424,NA,NA,NA,"2007",NA,NA,NA,"126  CAOL ILA CT  FORT PIERRE SD 575322300",NA,2002-11-14,2002,"1",NA,NA
"310","46117",NA,"007947","10",0.26,11326,NA,NA,NA,"1999",NA,NA,NA,"115  CAOL ILA CT  FORT PIERRE SD 575322300",NA,2000-10-27,2000,"1",NA,NA
"311","46117",NA,"007975","10",0.56,24609,NA,NA,NA,"1955",NA,NA,NA,"2713  HAMILTON CT  FORT PIERRE SD 575322269",NA,2006-07-31,2006,"1",NA,NA
"312","46117",NA,"008262","10",5.31,231304,NA,NA,NA,NA,NA,NA,NA,"20147  COVE PL  FORT PIERRE SD 57532",NA,2005-05-16,2005,"1",NA,NA
"313","46117",NA,"008266","10",6.79,295772,NA,NA,NA,NA,NA,NA,NA,"20180  COVE PL  FORT PIERRE SD 57532",NA,2008-09-12,2008,"1",NA,NA
"314","46117",NA,"008271","10",0.15,6534,NA,NA,NA,"1996",NA,NA,NA,"163  ISLAY AVE  FORT PIERRE SD 575322301",NA,2007-01-08,2007,"1",NA,NA
"315","46117",NA,"008340","10",0.1,4356,NA,NA,NA,NA,NA,NA,NA,"SD",NA,2002-09-30,2002,"1",NA,NA
"316","46117",NA,"008405","10",21.99,957884,NA,NA,NA,NA,NA,NA,NA,"21162  CEDAR HILL RD  FORT PIERRE SD 575326004",NA,2001-08-06,2001,"1",NA,NA
"317","46117",NA,"008463","10",NA,NA,NA,NA,NA,NA,NA,NA,NA,"117  BLACK AND YELLOW TRL  FORT PIERRE SD 575322202",NA,2005-03-08,2005,"1",NA,NA
"318","46117",NA,"008502","10",0.22,9583,NA,NA,NA,"1993",NA,NA,NA,"1905  WALDRON ST  FORT PIERRE SD 575322119",NA,2004-10-13,2004,"1",NA,NA
"319","46117",NA,"008506","10",0.17,7405,NA,NA,NA,"1994",NA,NA,NA,"1913  WALDRON ST  FORT PIERRE SD 575322119",NA,1999-11-01,1999,"1",NA,NA
"320","46117",NA,"008558","10",0.18,7680,NA,NA,NA,"2000",NA,NA,NA,"2001  WALDRON ST  FORT PIERRE SD 575322111",NA,2004-10-27,2004,"1",NA,NA
"321","46117",NA,"008569","10",0.18,8015,NA,NA,NA,"1976",NA,NA,NA,"2104  WALDRON ST  FORT PIERRE SD 575322140",NA,2008-04-08,2008,"1",NA,NA
"322","46117",NA,"008576","10",0.17,7500,NA,NA,NA,"2000",NA,NA,NA,"2102  TIREE DR  FORT PIERRE SD 575322112",NA,2004-09-14,2004,"1",NA,NA
"323","46117",NA,"008615","10",6.43,280091,NA,NA,NA,NA,NA,NA,NA,"20364  SD HIGHWAY 1806   FORT PIERRE SD 575325402",NA,2004-02-19,2004,"1",NA,NA
"324","46117",NA,"008776","10",0.78,33977,NA,NA,NA,"2012",NA,NA,NA,"508  ROUSSEAU AVE  FORT PIERRE SD 575322375",NA,2008-06-19,2008,"1",NA,NA
"325","46117",NA,"008880","10",5,217800,NA,NA,NA,NA,NA,NA,NA,"28784  BAD RIVER RD  FORT PIERRE SD 57532",NA,2008-06-09,2008,"1",NA,NA
"326","46117",NA,"008894","10",NA,NA,NA,NA,NA,NA,NA,NA,NA,"201 S 4TH ST  FORT PIERRE SD 575322156",NA,2008-12-15,2008,"1",NA,NA
"327","46117",NA,"002075","10",8.99,391604,NA,NA,NA,NA,NA,NA,NA,"28808  BAD RIVER RD  FORT PIERRE SD 575327400",NA,2001-08-22,2001,"1",NA,NA
"328","46117",NA,"002106","10",23.95,1043262,NA,NA,NA,NA,NA,NA,NA,"28774  BAD RIVER RD  FORT PIERRE SD 575327401",NA,2007-12-07,2007,"1",NA,NA
"329","46117",NA,"003456","10",1.46,63598,NA,NA,NA,NA,NA,NA,NA,"SD",NA,2006-08-18,2006,"1",NA,NA
"330","46117",NA,"003465","10",7.82,340639,NA,NA,NA,NA,NA,NA,NA,"1750  VERENDRYE DR  FORT PIERRE SD 575322069",NA,2004-06-10,2004,"1",NA,NA
"331","46117",NA,"006691","10",0.16,7000,"RS0",600,600,"1910",NA,NA,NA,"406 N DEADWOOD ST  FORT PIERRE SD 57532",NA,2003-04-14,2003,"1",NA,NA
"332","46117",NA,"006718","10",0.28,12375,NA,NA,NA,"1975",NA,NA,NA,"121 E 6TH AVE  FORT PIERRE SD 575322259",NA,2000-05-01,2000,"1",NA,NA
"333","46117",NA,"006749","10",0.19,8250,NA,NA,NA,"1967",NA,NA,NA,"116 E 6TH AVE  FORT PIERRE SD 575322270",NA,2003-11-06,2003,"1",NA,NA
"334","46117",NA,"006854","10",0.19,8325,NA,NA,NA,"1975",NA,NA,NA,"301 E WANDEL AVE  FORT PIERRE SD 57532",NA,1999-08-06,1999,"1",NA,NA
"335","46117",NA,"006891","10",0.16,6850,NA,NA,NA,"1953",NA,NA,NA,"110 E WANDEL AVE  FORT PIERRE SD 575322019",NA,2007-08-20,2007,"1",NA,NA
"336","46117",NA,"006905","10",0.31,13700,NA,NA,NA,"1906",NA,NA,NA,"201 E CEDAR AVE  FORT PIERRE SD 575322015",NA,1999-12-06,1999,"1",NA,NA
"337","46117",NA,"006938","10",0.39,17125,NA,NA,NA,NA,NA,NA,NA,"110 E CEDAR AVE  FORT PIERRE SD 575322062",NA,2003-12-15,2003,"1",NA,NA
"338","46117",NA,"006964","10",0.2,8820,NA,NA,NA,"1965",NA,NA,NA,"202  SCOTTY PHILIP AVE  FORT PIERRE SD 575322047",NA,2006-05-11,2006,"1",NA,NA
"339","46117",NA,"006975","10",0.22,9490,NA,NA,NA,"1975",NA,NA,NA,"207  SCOTTY PHILIP AVE  FORT PIERRE SD 575322048",NA,1995-01-10,1995,"1",NA,NA
"340","46117",NA,"006982","10",0.24,10620,NA,NA,NA,"1977",NA,NA,NA,"708  LAFRAMBOISE DR  FORT PIERRE SD 575322025",NA,1977-07-18,1977,"1",NA,NA
"341","46117",NA,"006992","10",0.15,6375,NA,NA,NA,"1975",NA,NA,NA,"714  CASEY TIBBS ST  FORT PIERRE SD 575322051",NA,2004-01-27,2004,"1",NA,NA
"342","46117",NA,"006994","10",0.25,10710,NA,NA,NA,"1976",NA,NA,NA,"706  CASEY TIBBS ST  FORT PIERRE SD 575322051",NA,2009-04-14,2009,"1",NA,NA
"343","46117",NA,"007008","10",0.15,6325,NA,NA,NA,"1977",NA,NA,NA,"713  LAFRAMBOISE DR  FORT PIERRE SD 575322026",NA,2003-10-24,2003,"1",NA,NA
"344","46117",NA,"007012","10",0.18,8050,NA,NA,NA,"1976",NA,NA,NA,"811  LAFRAMBOISE DR  FORT PIERRE SD 575322028",NA,2004-10-27,2004,"1",NA,NA
"345","46117",NA,"007014","10",0.18,8050,NA,NA,NA,"1976",NA,NA,NA,"903  LAFRAMBOISE DR  FORT PIERRE SD 575322030",NA,1990-09-19,1990,"1",NA,NA
"346","46117",NA,"007112","10",0.24,10465,NA,NA,NA,"1940",NA,NA,NA,"110 E 8TH AVE  FORT PIERRE SD 575322280",NA,2004-10-13,2004,"1",NA,NA
"347","46117",NA,"007132","10",0.36,15750,NA,NA,NA,"1962",NA,NA,NA,"1410  SALEBARN RD  FORT PIERRE SD 57532",NA,2008-10-21,2008,"1",NA,NA
"348","46117",NA,"007196","10",0.18,8000,NA,NA,NA,"2002",NA,NA,NA,"308  SHIMROSE ST  FORT PIERRE SD 575323200",NA,2001-09-03,2001,"1",NA,NA
"349","46117",NA,"007317","10",0.35,15246,NA,NA,NA,"2003",NA,NA,NA,"217  ISLAY AVE  FORT PIERRE SD 575322302",NA,2003-12-26,2003,"1",NA,NA
"350","46117",NA,"007351","10",0.29,12632,NA,NA,NA,"2008",NA,NA,NA,"118  PORT NA HAVEN ST  FORT PIERRE SD 575322310",NA,2003-10-01,2003,"1",NA,NA
"351","46117",NA,"007364","10",0.69,30056,NA,NA,NA,"2006",NA,NA,NA,"116  PORT WEYMS CT  FORT PIERRE SD 575322317",NA,2006-06-29,2006,"1",NA,NA
"352","46117",NA,"007403","10",0.2,8712,NA,NA,NA,"1996",NA,NA,NA,"123  PORT CHARLOTTE AVE  FORT PIERRE SD 575322304",NA,1994-05-10,1994,"1",NA,NA
"353","46117",NA,"007416","10",0.25,10890,NA,NA,NA,"2003",NA,NA,NA,"205  JAMIESON DR  FORT PIERRE SD 575322314",NA,2006-02-17,2006,"1",NA,NA
"354","46117",NA,"007421","10",0.26,11326,NA,NA,NA,"2000",NA,NA,NA,"110  JAMIESON DR  FORT PIERRE SD 575322311",NA,2001-04-30,2001,"1",NA,NA
"355","46117",NA,"007525","10",0.59,25500,NA,NA,NA,NA,NA,NA,NA,"3710 N FRONTIER RD  FORT PIERRE SD 575322297",NA,2006-03-23,2006,"1",NA,NA
"356","46117",NA,"007581","10",2.6,113256,NA,NA,NA,NA,NA,NA,NA,"20308  PORCUPINE LOOP  FORT PIERRE SD 575325405",NA,2001-07-19,2001,"1",NA,NA
"357","46117",NA,"007915","10",0.38,16661,NA,NA,NA,"1994",NA,NA,NA,"2732  DUNES DR  FORT PIERRE SD 575322250",NA,2003-05-29,2003,"1",NA,NA
"358","46117",NA,"007916","10",0.36,15543,NA,NA,NA,"2004",NA,NA,NA,"2802  DUNES DR  FORT PIERRE SD 575322267",NA,2005-11-15,2005,"1",NA,NA
"359","46117",NA,"007927","10",0.19,8276,NA,NA,NA,"1996",NA,NA,NA,"161  ISLAY AVE  FORT PIERRE SD 575322301",NA,2001-07-30,2001,"1",NA,NA
"360","46117",NA,"007983","10",1.36,59242,NA,NA,NA,"1964",NA,NA,NA,"116  SD HIGHWAY 1806   FORT PIERRE SD 575322222",NA,2000-04-17,2000,"1",NA,NA
"361","46117",NA,"008001","10",20.06,873814,NA,NA,NA,"1995",NA,NA,NA,"240  NEWMAN RD  FORT PIERRE SD 575322330",NA,2008-03-12,2008,"1",NA,NA
"362","46117",NA,"008038","10",0.56,24365,NA,NA,NA,"1999",NA,NA,NA,"2709  HAMILTON CT  FORT PIERRE SD 575322269",NA,2006-08-04,2006,"1",NA,NA
"363","46117",NA,"009266","10",1.35,58806,NA,NA,NA,NA,NA,NA,NA,"2607  HAMILTON CT  FORT PIERRE SD 57532",NA,2008-10-23,2008,"1",NA,NA
"364","46117",NA,"009310","10",0.23,10019,NA,NA,NA,NA,NA,NA,NA,"309  DAKOTA AVE  FORT PIERRE SD 575323330",NA,2007-07-26,2007,"1",NA,NA
"365","46117",NA,"009325","10",4.96,216058,NA,NA,NA,NA,NA,NA,NA,"20940  STRANGER CREEK PL  FORT PIERRE SD 575325906",NA,2005-07-18,2005,"1",NA,NA
"366","46117",NA,"009432","10",2.72,118483,NA,NA,NA,NA,NA,NA,NA,"27569  US HIGHWAY 14/34   FORT PIERRE SD 575325905",NA,2008-04-02,2008,"1",NA,NA
"367","46117",NA,"006435","10",0.28,12375,"RS0",2188,1668,"1970",NA,NA,NA,"213 W 1ST AVE  FORT PIERRE SD 575323325",NA,2008-06-12,2008,"1",NA,NA
"368","46117",NA,"006441","10",0.33,14438,"RS0",2688,1056,"1973",NA,NA,NA,"309 W 1ST AVE  FORT PIERRE SD 575323303",NA,2007-01-04,2007,"1",NA,NA
"369","46117",NA,"006492","10",0.11,4875,"RS0",NA,NA,"1909",NA,NA,NA,"413 W MAIN AVE  FORT PIERRE SD 575322336",NA,1999-04-18,1999,"1",NA,NA
"370","46117",NA,"006497","10",0.14,6188,"RS0",1196,832,"1965",NA,NA,NA,"113 S 3RD ST  FORT PIERRE SD 57532",NA,2005-12-02,2005,"1",NA,NA
"371","46117",NA,"006555","10",0.19,8250,"R0F",1940,1290,"1971",NA,NA,NA,"109 W 2ND AVE  FORT PIERRE SD 57532",NA,2004-09-09,2004,"1",NA,NA
"372","46117",NA,"006565","10",0.11,5000,"RS0",1456,728,"1902",NA,NA,NA,"111 N 2ND ST  FORT PIERRE SD 57532",NA,2003-10-30,2003,"1",NA,NA
"373","46117",NA,"006568","10",0.19,8250,"RS0",NA,NA,"1910",NA,NA,NA,"207 W 2ND AVE  FORT PIERRE SD 575323306",NA,2003-06-25,2003,"1",NA,NA
"374","46117",NA,"006578","10",0.14,6023,"RS0",1968,984,"1905",NA,NA,NA,"304 W MAIN AVE  FORT PIERRE SD 57532",NA,2007-03-21,2007,"1",NA,NA
"375","46117",NA,"006583","10",0.14,6000,"RS0",3028,1514,"1913",NA,NA,NA,"113 N 3RD ST  FORT PIERRE SD 57532",NA,1975-05-01,1975,"1",NA,NA
"376","46117",NA,"006587","10",0.29,12540,"RS0",960,960,"1900",NA,NA,NA,"410 W MAIN AVE  FORT PIERRE SD 57532",NA,2005-11-18,2005,"1",NA,NA
"377","46117",NA,"006624","10",0.46,20125,"RS0",1582,1582,"1942",NA,NA,NA,"310 W 2ND AVE  FORT PIERRE SD 575322236",NA,2009-04-23,2009,"1",NA,NA
"378","46117",NA,"006645","10",0.22,9570,"RS0",NA,NA,"1930",NA,NA,NA,"210 N DEADWOOD ST  FORT PIERRE SD 57532",NA,2006-06-30,2006,"1",NA,NA
"379","46117",NA,"006646","10",0.11,4640,NA,NA,NA,NA,NA,NA,NA,"SD",NA,2006-06-30,2006,"1",NA,NA
"380","46117",NA,"006671","10",0.19,8250,"RS0",560,560,"1890",NA,NA,NA,"110 E 3RD AVE  FORT PIERRE SD 575322274",NA,2006-10-30,2006,"1",NA,NA
"381","46117",NA,"008217","10",0.69,30000,NA,NA,NA,NA,NA,NA,NA,"2610  VAN METRE ST   SD",NA,2007-04-12,2007,"1",NA,NA
"382","46117",NA,"008228","10",5,217800,NA,NA,NA,NA,NA,NA,NA,"20220  SD HIGHWAY 1806   FORT PIERRE SD 575325401",NA,1998-12-03,1998,"1",NA,NA
"383","46117",NA,"008255","10",1.72,74923,NA,NA,NA,NA,NA,NA,NA,"20160  CHANTIER CREEK PL   SD",NA,2005-04-26,2005,"1",NA,NA
"384","46117",NA,"008259","10",3.84,167270,NA,NA,NA,NA,NA,NA,NA,"20184  CHANTIER CREEK PL   SD",NA,2005-08-19,2005,"1",NA,NA
"385","46117",NA,"008270","10",0.14,6098,NA,NA,NA,"1996",NA,NA,NA,"165  ISLAY AVE  FORT PIERRE SD 575322301",NA,2002-05-03,2002,"1",NA,NA
"386","46117",NA,"008386","10",10,435600,NA,NA,NA,NA,NA,NA,NA,"20224  SD HIGHWAY 1806   FORT PIERRE SD 57532",NA,1998-12-03,1998,"1",NA,NA
"387","46117",NA,"008391","10",1,43560,NA,NA,NA,NA,NA,NA,NA,"21910  302ND AVE   SD",NA,1999-02-04,1999,"1",NA,NA
"388","46117",NA,"008488","10",0.22,9583,NA,NA,NA,"2006",NA,NA,NA,"2012  TIREE DR  FORT PIERRE SD 575322098",NA,2007-07-31,2007,"1",NA,NA
"389","46117",NA,"008568","10",0.2,8712,NA,NA,NA,"2002",NA,NA,NA,"2014  WALDRON ST  FORT PIERRE SD 575322110",NA,2001-09-19,2001,"1",NA,NA
"390","46117",NA,"008914","10",0.41,17860,NA,NA,NA,"2001",NA,NA,NA,"821  VERENDRYE DR  FORT PIERRE SD 575322123",NA,2006-03-27,2006,"1",NA,NA
"391","46117",NA,"008959","10",0.27,11600,NA,NA,NA,NA,NA,NA,NA,"2804  BENJAMIN ST  FORT PIERRE SD 575322228",NA,2002-05-31,2002,"1",NA,NA
"392","46117",NA,"008960","10",0.27,11600,NA,NA,NA,NA,NA,NA,NA,"2808  BENJAMIN ST  FORT PIERRE SD 575322228",NA,2004-09-09,2004,"1",NA,NA
"393","46117",NA,"008964","10",0.34,15000,NA,NA,NA,"2005",NA,NA,NA,"401  FORT CHOUTEAU RD  FORT PIERRE SD 575322255",NA,2007-11-20,2007,"1",NA,NA
"394","46117",NA,"009057","10",6.45,280962,NA,NA,NA,NA,NA,NA,NA,"28734  BAD RIVER RD  FORT PIERRE SD 57532",NA,2004-06-02,2004,"1",NA,NA
"395","46117",NA,"009098","10",4.12,179467,NA,NA,NA,NA,NA,NA,NA,"28126  OAHE VIEW RD  FORT PIERRE SD 575323005",NA,2004-09-07,2004,"1",NA,NA
"396","46117",NA,"009101","10",5.36,233482,NA,NA,NA,NA,NA,NA,NA,"28114  OAHE VIEW RD  FORT PIERRE SD 575323005",NA,2005-04-28,2005,"1",NA,NA
"397","46117",NA,"009113","10",0.5,21780,NA,NA,NA,"2005",NA,NA,NA,"2006  IONA ST  FORT PIERRE SD 575322344",NA,2007-03-08,2007,"1",NA,NA
"398","46117",NA,"009154","10",0.23,9900,NA,NA,NA,"2006",NA,NA,NA,"304 E 8TH AVE  FORT PIERRE SD 575326900",NA,2008-02-27,2008,"1",NA,NA
"399","46117",NA,"009156","10",0.29,12620,NA,NA,NA,"2006",NA,NA,NA,"307 E 8TH AVE  FORT PIERRE SD 575322266",NA,2005-08-01,2005,"1",NA,NA
"400","46117",NA,"009158","10",0.21,9242,NA,NA,NA,NA,NA,NA,NA,"802  FOGAL ST  FORT PIERRE SD 575328201",NA,2007-01-11,2007,"1",NA,NA
"401","46117",NA,"009161","10",0.23,9802,NA,NA,NA,NA,NA,NA,NA,"311 E 9TH AVE  FORT PIERRE SD 575326109",NA,2007-01-11,2007,"1",NA,NA
"402","46117",NA,"009164","10",0.21,9230,NA,NA,NA,"2007",NA,NA,NA,"801 N MARION ST  FORT PIERRE SD 575322253",NA,2007-05-31,2007,"1",NA,NA
"403","46117",NA,"002080","10",4.73,206039,NA,NA,NA,NA,NA,NA,NA,"28816  BAD RIVER RD  FORT PIERRE SD 575327400",NA,2005-12-01,2005,"1",NA,NA
"404","46117",NA,"003423","10",17.62,767527,NA,NA,NA,NA,NA,NA,NA,"3010 N SD HIGHWAY 1806   FORT PIERRE SD 575322286",NA,2008-05-16,2008,"1",NA,NA
"405","46117",NA,"006431","10",0.18,7920,"RS0",1157,1157,"1903",NA,4,NA,"109 E MAIN AVE  FORT PIERRE SD 575322346",NA,2002-12-03,2002,"1",NA,NA
"406","46117",NA,"006442","10",0.28,12375,"RS0",2496,2006,"1973",NA,NA,NA,"305 W 1ST AVE  FORT PIERRE SD 575323303",NA,2001-05-21,2001,"1",NA,NA
"407","46117",NA,"006466","10",0.28,12375,NA,NA,NA,"2008",NA,NA,NA,"601 W 1ST AVE  FORT PIERRE SD 575323324",NA,2008-06-26,2008,"1",NA,NA
"408","46117",NA,"006510","10",0.32,14025,"RS0",1224,1224,"1905",NA,NA,NA,"101 S 2ND ST  FORT PIERRE SD 575322114",NA,2007-10-31,2007,"1",NA,NA
"409","46117",NA,"006566","10",0.11,5000,"RS0",1820,1092,"1903",NA,NA,NA,"109 N 2ND ST  FORT PIERRE SD 57532",NA,2001-08-03,2001,"1",NA,NA
"410","46117",NA,"006577","10",0.15,6353,"RS0",1728,1080,"1955",NA,NA,NA,"306 W MAIN AVE  FORT PIERRE SD 57532",NA,2005-07-12,2005,"1",NA,NA
"411","46117",NA,"006599","10",0.24,10313,"RS0",2496,1536,"1978",NA,NA,NA,"510 W MAIN AVE  FORT PIERRE SD 57532",NA,2003-07-02,2003,"1",NA,NA
"412","46117",NA,"006601","10",0.47,20625,"RS0",3264,2184,"1975",NA,NA,NA,"101 N 5TH ST  FORT PIERRE SD 575322226",NA,2003-07-02,2003,"1",NA,NA
"413","46117",NA,"006631","10",0.46,20125,"RS0",NA,NA,"1900",NA,NA,NA,"112 W 2ND AVE  FORT PIERRE SD 57532",NA,2003-04-22,2003,"1",NA,NA
"414","46117",NA,"006702","10",NA,NA,NA,NA,NA,"1974",NA,NA,NA,"114 E 4TH AVE  FORT PIERRE SD 575322341",NA,2008-07-03,2008,"1",NA,NA
"415","46117",NA,"006750","10",0.19,8250,NA,NA,NA,"1955",NA,NA,NA,"114 E 6TH AVE  FORT PIERRE SD 575322270",NA,2007-02-22,2007,"1",NA,NA
"416","46117",NA,"006761","10",0.3,12950,NA,NA,NA,"1974",NA,NA,NA,"113 E 8TH AVE  FORT PIERRE SD 575322279",NA,2005-05-13,2005,"1",NA,NA
"417","46117",NA,"006780","10",0.18,7950,NA,NA,NA,"1977",NA,NA,NA,"118  ROSE LN   SD",NA,2008-02-08,2008,"1",NA,NA
"418","46117",NA,"006807","10",0.09,4125,NA,NA,NA,NA,NA,NA,NA,"301 E 6TH AVE  FORT PIERRE SD 575322258",NA,2008-02-29,2008,"1",NA,NA
"419","46117",NA,"006825","10",0.19,8250,NA,NA,NA,"1977",NA,NA,NA,"307 E 7TH AVE  FORT PIERRE SD 57532",NA,2007-11-20,2007,"1",NA,NA
"420","46117",NA,"006845","10",0.38,16500,NA,NA,NA,NA,NA,NA,NA,"SD",NA,2002-11-29,2002,"1",NA,NA
"421","46117",NA,"006876","10",0.13,5823,NA,NA,NA,"1958",NA,NA,NA,"103 W PARK AVE  FORT PIERRE SD 575322006",NA,1999-04-29,1999,"1",NA,NA
"422","46117",NA,"006889","10",0.16,6850,NA,NA,NA,"1953",NA,NA,NA,"106 E WANDEL AVE  FORT PIERRE SD 575322019",NA,2005-11-30,2005,"1",NA,NA
"423","46117",NA,"006895","10",0.31,13700,NA,NA,NA,"1910",NA,NA,NA,"205 E PARK AVE  FORT PIERRE SD 575322004",NA,2006-03-06,2006,"1",NA,NA
"424","46117",NA,"006904","10",0.16,6850,NA,NA,NA,NA,NA,NA,NA,"207 E CEDAR AVE  FORT PIERRE SD 575322015",NA,2007-07-12,2007,"1",NA,NA
"425","46117",NA,"006908","10",0.24,10275,NA,NA,NA,"1901",NA,NA,NA,"208 E PARK AVE  FORT PIERRE SD 575322003",NA,2002-04-29,2002,"1",NA,NA
"426","46117",NA,"006929","10",0.16,6850,NA,NA,NA,"1971",NA,NA,NA,"312 W PARK AVE  FORT PIERRE SD 575322007",NA,2008-06-06,2008,"1",NA,NA
"427","46117",NA,"006936","10",0.28,12000,NA,NA,NA,"1918",NA,NA,NA,"303  LAFRAMBOISE DR  FORT PIERRE SD 575322036",NA,1999-09-09,1999,"1",NA,NA
"428","46117",NA,"006961","10",11.9,518364,NA,NA,NA,"2003",NA,NA,NA,"1012  LAFRAMBOISE DR  FORT PIERRE SD 57532",NA,2002-06-15,2002,"1",NA,NA
"429","46117",NA,"006965","10",0.2,8820,NA,NA,NA,"1975",NA,NA,NA,"204  SCOTTY PHILIP AVE  FORT PIERRE SD 575322047",NA,2006-05-05,2006,"1",NA,NA
"430","46117",NA,"006984","10",0.19,8250,NA,NA,NA,"1975",NA,NA,NA,"305  SCOTTY PHILIP AVE  FORT PIERRE SD 575322050",NA,2004-03-31,2004,"1",NA,NA
"431","46117",NA,"007001","10",0.29,12460,NA,NA,NA,"1982",NA,NA,NA,"1006  LAFRAMBOISE DR  FORT PIERRE SD 575322031",NA,2002-10-22,2002,"1",NA,NA
"432","46117",NA,"007004","10",0.17,7200,NA,NA,NA,"1977",NA,NA,NA,"705  LAFRAMBOISE DR  FORT PIERRE SD 575322026",NA,1979-09-07,1979,"1",NA,NA
"433","46117",NA,"008276","10",0.2,8625,NA,NA,NA,NA,NA,NA,NA,"SD",NA,2005-05-13,2005,"1",NA,NA
"434","46117",NA,"008379","10",0.13,5663,NA,NA,NA,"1998",NA,NA,NA,"135  ISLAY AVE  FORT PIERRE SD 575322301",NA,2005-06-15,2005,"1",NA,NA
"435","46117",NA,"008389","10",6,261360,NA,NA,NA,NA,NA,NA,NA,"20495  SD HIGHWAY 1806   FORT PIERRE SD 575325403",NA,1998-09-21,1998,"1",NA,NA
"436","46117",NA,"008394","10",0.25,10872,NA,NA,NA,NA,NA,NA,NA,"SD",NA,2003-06-19,2003,"1",NA,NA
"437","46117",NA,"008461","10",NA,NA,NA,NA,NA,NA,NA,NA,NA,"204  BLACK AND YELLOW TRL  FORT PIERRE SD 575322203",NA,2004-06-01,2004,"1",NA,NA
"438","46117",NA,"008499","10",0.2,8712,NA,NA,NA,"2003",NA,NA,NA,"2007  TIREE DR  FORT PIERRE SD 575322099",NA,2003-04-04,2003,"1",NA,NA
"439","46117",NA,"008500","10",0.24,10454,NA,NA,NA,"2000",NA,NA,NA,"2011  TIREE DR  FORT PIERRE SD 575322099",NA,2004-09-20,2004,"1",NA,NA
"440","46117",NA,"008503","10",0.17,7405,NA,NA,NA,"2000",NA,NA,NA,"1907  WALDRON ST  FORT PIERRE SD 575322119",NA,1999-11-30,1999,"1",NA,NA
"441","46117",NA,"008560","10",0.22,9583,NA,NA,NA,"2006",NA,NA,NA,"2007  WALDRON ST  FORT PIERRE SD 575322111",NA,2008-09-30,2008,"1",NA,NA
"442","46117",NA,"008566","10",0.17,7405,NA,NA,NA,"2000",NA,NA,NA,"2013  TIREE DR  FORT PIERRE SD 575322099",NA,2008-05-13,2008,"1",NA,NA
"443","46117",NA,"008602","10",0.88,38500,NA,NA,NA,NA,NA,NA,NA,"914  VERENDRYE DR  FORT PIERRE SD 575322070",NA,2000-08-29,2000,"1",NA,NA
"444","46117",NA,"008896","10",NA,NA,NA,NA,NA,NA,NA,NA,NA,"28487  207TH ST  FORT PIERRE SD 575326200",NA,2006-03-07,2006,"1",NA,NA
"445","46117",NA,"008907","10",NA,NA,NA,NA,NA,NA,NA,NA,NA,"25030  192ND ST  HAYES SD 575374903",NA,2004-02-03,2004,"1",NA,NA
"446","46117",NA,"008953","10",0.29,12551,NA,NA,NA,NA,NA,NA,NA,"2702  BENJAMIN ST  FORT PIERRE SD 575322235",NA,2003-12-23,2003,"1",NA,NA
"447","46117",NA,"008958","10",0.27,11600,NA,NA,NA,NA,NA,NA,NA,"2800  BENJAMIN ST  FORT PIERRE SD 575322228",NA,2001-12-20,2001,"1",NA,NA
"448","46117",NA,"008963","10",0.34,15000,NA,NA,NA,NA,NA,NA,NA,"405  FORT CHOUTEAU RD  FORT PIERRE SD 575322255",NA,2006-07-21,2006,"1",NA,NA
"449","46117",NA,"008999","10",0.28,12337,NA,NA,NA,NA,NA,NA,NA,"207 E 7TH AVE  FORT PIERRE SD 575322135",NA,2000-09-07,2000,"1",NA,NA
"450","46117",NA,"009099","10",4.59,199940,NA,NA,NA,NA,NA,NA,NA,"28122  OAHE VIEW RD  FORT PIERRE SD 57532",NA,2004-09-07,2004,"1",NA,NA
"451","46117",NA,"009110","10",0.5,21780,NA,NA,NA,"2005",NA,NA,NA,"2102  IONA ST  FORT PIERRE SD 575322350",NA,2004-09-21,2004,"1",NA,NA
"452","46117",NA,"009149","10",0.22,9584,NA,NA,NA,"2013",NA,NA,NA,"811  FOGAL ST  FORT PIERRE SD 575328200",NA,2007-01-11,2007,"1",NA,NA
"453","46117",NA,"009249","10",0.18,7706,NA,NA,NA,NA,NA,NA,NA,"2614  DUNES DR  FORT PIERRE SD 57532",NA,2006-06-27,2006,"1",NA,NA
"454","46117",NA,"009251","10",1.45,63162,NA,NA,NA,"2007",NA,NA,NA,"2404  WHISPERING SHORES DR  FORT PIERRE SD 575322403",NA,2006-06-06,2006,"1",NA,NA
"455","46117",NA,"009259","10",0.98,42689,NA,NA,NA,NA,NA,NA,NA,"312  ROUSSEAU AVE  FORT PIERRE SD 575322368",NA,2008-10-23,2008,"1",NA,NA
"456","46117",NA,"003433","10",10,435600,NA,NA,NA,NA,NA,NA,NA,"28412  US HIGHWAY 14/34   FORT PIERRE SD 575326006",NA,2001-12-12,2001,"1",NA,NA
"457","46117",NA,"007005","10",0.16,7150,NA,NA,NA,"1976",NA,NA,NA,"707  LAFRAMBOISE DR  FORT PIERRE SD 575322026",NA,1976-11-03,1976,"1",NA,NA
"458","46117",NA,"007010","10",0.18,8050,NA,NA,NA,"1977",NA,NA,NA,"805  LAFRAMBOISE DR  FORT PIERRE SD 575322028",NA,2000-08-30,2000,"1",NA,NA
"459","46117",NA,"007113","10",0.24,10465,NA,NA,NA,"1940",NA,NA,NA,"112 E 8TH AVE  FORT PIERRE SD 57532",NA,2005-01-28,2005,"1",NA,NA
"460","46117",NA,"007200","10",0.23,9880,NA,NA,NA,"1993",NA,NA,NA,"315  SHIMROSE ST  FORT PIERRE SD 575323201",NA,2002-08-12,2002,"1",NA,NA
"461","46117",NA,"007357","10",0.2,8712,NA,NA,NA,"1993",NA,NA,NA,"120  PORT CHARLOTTE AVE  FORT PIERRE SD 575322303",NA,1994-04-27,1994,"1",NA,NA
"462","46117",NA,"007373","10",0.44,19166,NA,NA,NA,NA,NA,NA,NA,"109  JAMIESON DR  FORT PIERRE SD 575322312",NA,2003-03-10,2003,"1",NA,NA
"463","46117",NA,"007378","10",0.66,28750,NA,NA,NA,"2004",NA,NA,NA,"127  JAMIESON DR  FORT PIERRE SD 575322312",NA,2003-02-28,2003,"1",NA,NA
"464","46117",NA,"007379","10",0.35,15246,NA,NA,NA,NA,NA,NA,NA,"202  JAMIESON DR  FORT PIERRE SD 575322313",NA,2008-03-28,2008,"1",NA,NA
"465","46117",NA,"007385","10",0.43,18731,NA,NA,NA,"2002",NA,NA,NA,"310  JAMIESON DR  FORT PIERRE SD 575322315",NA,2008-12-05,2008,"1",NA,NA
"466","46117",NA,"007387","10",0.35,15246,NA,NA,NA,"2000",NA,NA,NA,"318  JAMIESON DR  FORT PIERRE SD 575322315",NA,2001-11-08,2001,"1",NA,NA
"467","46117",NA,"007391","10",0.32,13939,NA,NA,NA,"2006",NA,NA,NA,"315  PORT CHARLOTTE AVE  FORT PIERRE SD 575322308",NA,2003-09-30,2003,"1",NA,NA
"468","46117",NA,"007404","10",0.2,8712,NA,NA,NA,"1998",NA,NA,NA,"121  PORT CHARLOTTE AVE  FORT PIERRE SD 575322304",NA,2004-06-18,2004,"1",NA,NA
"469","46117",NA,"007411","10",0.26,11326,NA,NA,NA,"2005",NA,NA,NA,"315  JAMIESON DR  FORT PIERRE SD 575322316",NA,2004-11-17,2004,"1",NA,NA
"470","46117",NA,"007530","10",1.21,52708,NA,NA,NA,NA,NA,NA,NA,"3604 N FRONTIER RD  FORT PIERRE SD 575322296",NA,2002-12-20,2002,"1",NA,NA
"471","46117",NA,"007543","10",0.69,30000,NA,NA,NA,NA,NA,NA,NA,"3304  COLONY LOOP  FORT PIERRE SD 575322247",NA,2007-08-02,2007,"1",NA,NA
"472","46117",NA,"007555","10",18,784080,NA,NA,NA,NA,NA,NA,NA,"SD",NA,2002-09-02,2002,"1",NA,NA
"473","46117",NA,"007573","10",1.92,83635,NA,NA,NA,NA,NA,NA,NA,"1700  VERENDRYE DR  FORT PIERRE SD 575322069",NA,2006-08-18,2006,"1",NA,NA
"474","46117",NA,"007634","10",3.2,139392,NA,NA,NA,NA,NA,NA,NA,"20245  PORCUPINE LOOP  FORT PIERRE SD 575325400",NA,1998-05-16,1998,"1",NA,NA
"475","46117",NA,"007638","10",3.12,135907,NA,NA,NA,NA,NA,NA,NA,"20232  COYOTE RD  FORT PIERRE SD 575325404",NA,2004-07-01,2004,"1",NA,NA
"476","46117",NA,"007918","10",0.49,21548,NA,NA,NA,"1995",NA,NA,NA,"2810  DUNES DR  FORT PIERRE SD 575322267",NA,2009-02-11,2009,"1",NA,NA
"477","46117",NA,"007948","10",0.36,15682,NA,NA,NA,NA,NA,NA,NA,"128  PORT NA HAVEN ST  FORT PIERRE SD 575322310",NA,2008-09-26,2008,"1",NA,NA
"478","46117",NA,"008017","10",20,871200,NA,NA,NA,NA,NA,NA,NA,"28350  US HIGHWAY 14/34   FORT PIERRE SD 575326000",NA,2008-05-13,2008,"1",NA,NA
"479","46117",NA,"008229","10",5.01,218236,NA,NA,NA,NA,NA,NA,NA,"20222  SD HIGHWAY 1806   FORT PIERRE SD 57532",NA,2004-02-20,2004,"1",NA,NA
"480","46117",NA,"006457","10",0.19,8250,"RS0",704,704,"1910",NA,NA,NA,"501 W 1ST AVE  FORT PIERRE SD 57532",NA,2005-10-19,2005,"1",NA,NA
"481","46117",NA,"006513","10",0.25,11055,"RS0",NA,NA,"1905",NA,NA,NA,"209 W MAIN AVE  FORT PIERRE SD 575326605",NA,2008-02-28,2008,"1",NA,NA
"482","46117",NA,"006593","10",0.21,9150,"RS0",2092,936,"1905",NA,NA,NA,"111 N 4TH ST  FORT PIERRE SD 575322360",NA,2008-05-27,2008,"1",NA,NA
"483","46117",NA,"006660","10",0.24,10500,"RS0",2284,1142,"1890",NA,NA,NA,"302 N DEADWOOD ST  FORT PIERRE SD 575322382",NA,2007-02-22,2007,"1",NA,NA
"484","46117",NA,"006682","10",0.55,24150,"RS0",2316,1796,"1964",NA,NA,NA,"404 N 6TH ST  FORT PIERRE SD 575323300",NA,2004-05-21,2004,"1",NA,NA
"485","46117",NA,"006694","10",0.34,14850,"RS0",NA,NA,"1996",NA,NA,NA,"105 E 5TH AVE  FORT PIERRE SD 57532",NA,1996-12-15,1996,"1",NA,NA
"486","46117",NA,"006704","10",0.38,16500,NA,NA,NA,"1975",NA,NA,NA,"108 E 4TH AVE  FORT PIERRE SD 575322341",NA,2005-03-03,2005,"1",NA,NA
"487","46117",NA,"006793","10",1.55,67518,NA,NA,NA,"1984",NA,NA,NA,"815  VERENDRYE DR  FORT PIERRE SD 57532",NA,2006-03-27,2006,"1",NA,NA
"488","46117",NA,"006828","10",0.19,8250,NA,NA,NA,NA,NA,NA,NA,"307 E 7TH AVE  FORT PIERRE SD 57532",NA,2007-11-20,2007,"1",NA,NA
"489","46117",NA,"006831","10",0.18,7838,NA,NA,NA,"1978",NA,NA,NA,"311  COTTONWOOD LN  FORT PIERRE SD 575324003",NA,2008-03-24,2008,"1",NA,NA
"490","46117",NA,"006886","10",0.16,6850,NA,NA,NA,"1998",NA,NA,NA,"502 S 1ST ST  FORT PIERRE SD 575322087",NA,2009-01-24,2009,"1",NA,NA
"491","46117",NA,"006910","10",0.25,11097,NA,NA,NA,"1900",NA,NA,NA,"111 E CEDAR AVE  FORT PIERRE SD 575322063",NA,2000-07-27,2000,"1",NA,NA
"492","46117",NA,"006916","10",0.08,3450,NA,NA,NA,"1935",NA,NA,NA,"407  LAFRAMBOISE DR  FORT PIERRE SD 575322079",NA,2007-08-20,2007,"1",NA,NA
"493","46117",NA,"006917","10",0.14,6003,NA,NA,NA,"1910",NA,NA,NA,"112 E PARK AVE  FORT PIERRE SD 575322001",NA,2006-12-28,2006,"1",NA,NA
"494","46117",NA,"006949","10",0.24,10275,NA,NA,NA,"1925",NA,NA,NA,"405  ASH AVE  FORT PIERRE SD 575322038",NA,2006-06-05,2006,"1",NA,NA
"495","46117",NA,"006976","10",0.27,11660,NA,NA,NA,"1964",NA,NA,NA,"211  SCOTTY PHILIP AVE  FORT PIERRE SD 575322048",NA,2007-06-15,2007,"1",NA,NA
"496","46117",NA,"006988","10",0.21,9177,NA,NA,NA,"1974",NA,NA,NA,"709  TWO RIVERS ST  FORT PIERRE SD 575322046",NA,1974-09-13,1974,"1",NA,NA
"497","46117",NA,"006997","10",0.18,7840,NA,NA,NA,"1981",NA,NA,NA,"708  TWO RIVERS ST  FORT PIERRE SD 575322045",NA,2003-12-23,2003,"1",NA,NA
"498","46117",NA,"007009","10",0.18,8050,NA,NA,NA,"1977",NA,NA,NA,"801  LAFRAMBOISE DR  FORT PIERRE SD 575322028",NA,2004-01-26,2004,"1",NA,NA
"499","46117",NA,"008343","10",6.89,300128,NA,NA,NA,NA,NA,NA,NA,"20360  SD HIGHWAY 1806   FORT PIERRE SD 575325402",NA,2001-09-04,2001,"1",NA,NA
"500","46117",NA,"008351","10",1.07,46609,NA,NA,NA,"1998",NA,NA,NA,"320 N WALDRON ST   SD",NA,2001-08-23,2001,"1",NA,NA
"501","46117",NA,"008489","10",0.22,9583,NA,NA,NA,"2002",NA,NA,NA,"2010  TIREE DR  FORT PIERRE SD 575322098",NA,2002-08-08,2002,"1",NA,NA
"502","46117",NA,"008490","10",0.24,10454,NA,NA,NA,"1962",NA,NA,NA,"2008  TIREE DR  FORT PIERRE SD 575322098",NA,2003-08-21,2003,"1",NA,NA
"503","46117",NA,"008496","10",0.18,7841,NA,NA,NA,"1972",NA,NA,NA,"1908  WALDRON ST  FORT PIERRE SD 575322118",NA,2009-02-12,2009,"1",NA,NA
"504","46117",NA,"008497","10",0.27,11761,NA,NA,NA,"2000",NA,NA,NA,"1911  TIREE DR  FORT PIERRE SD 575322117",NA,2008-08-19,2008,"1",NA,NA
"505","46117",NA,"008504","10",0.17,7405,NA,NA,NA,"2002",NA,NA,NA,"1909  WALDRON ST  FORT PIERRE SD 575322119",NA,2001-07-30,2001,"1",NA,NA
"506","46117",NA,"008525","10",1.93,84071,NA,NA,NA,"2001",NA,NA,NA,"1820  SD HIGHWAY 1806   FORT PIERRE SD 575322224",NA,2000-04-12,2000,"1",NA,NA
"507","46117",NA,"008563","10",0.35,15246,NA,NA,NA,"2001",NA,NA,NA,"2011  WALDRON ST  FORT PIERRE SD 575322111",NA,2006-05-15,2006,"1",NA,NA
"508","46117",NA,"008574","10",0.27,11761,NA,NA,NA,"2000",NA,NA,NA,"2106  TIREE DR  FORT PIERRE SD 575322112",NA,2006-06-29,2006,"1",NA,NA
"509","46117",NA,"008618","10",6.12,266587,NA,NA,NA,NA,NA,NA,NA,"20376  SD HIGHWAY 1806   FORT PIERRE SD 575325402",NA,2005-04-29,2005,"1",NA,NA
"510","46117",NA,"008675","10",6.5,283140,NA,NA,NA,NA,NA,NA,NA,"28169  US HIGHWAY 14/34   FORT PIERRE SD 575326002",NA,2001-04-20,2001,"1",NA,NA
"511","46117",NA,"008912","10",7,304920,NA,NA,NA,NA,NA,NA,NA,"20210 N SD HWY 1806    SD",NA,2006-04-07,2006,"1",NA,NA
"512","46117",NA,"009079","10",4.04,175982,NA,NA,NA,NA,NA,NA,NA,"21983  US HIGHWAY 83   FORT PIERRE SD 575327405",NA,2003-03-25,2003,"1",NA,NA
"513","46117",NA,"009080","10",0.59,25700,NA,NA,NA,"2003",NA,NA,NA,"206  JURA AVE  FORT PIERRE SD 575322338",NA,2007-05-07,2007,"1",NA,NA
"514","46117",NA,"009115","10",NA,NA,NA,NA,NA,NA,NA,NA,NA,"110  DUPREE TRL  FORT PIERRE SD 575322207",NA,2003-09-03,2003,"1",NA,NA
"515","46117",NA,"009128","10",0.29,12632,NA,NA,NA,"1994",NA,NA,NA,"2101  WALDRON ST  FORT PIERRE SD 575322141",NA,2005-10-31,2005,"1",NA,NA
"516","46117",NA,"009133","10",0.4,17424,NA,NA,NA,"2004",NA,NA,NA,"2111  WALDRON ST  FORT PIERRE SD 575322141",NA,2003-11-07,2003,"1",NA,NA
"517","46117",NA,"009162","10",0.19,8309,NA,NA,NA,"2007",NA,NA,NA,"809 N MARION ST  FORT PIERRE SD 575322253",NA,2007-08-31,2007,"1",NA,NA
"518","46117",NA,"009194","10",1.01,43996,NA,NA,NA,NA,NA,NA,NA,"1200  VERENDRYE DR  FORT PIERRE SD 575322143",NA,2008-11-24,2008,"1",NA,NA
"519","46117",NA,"009233","10",0.29,12632,NA,NA,NA,"2007",NA,NA,NA,"106  ISLAY AVE  FORT PIERRE SD 575322371",NA,2009-02-17,2009,"1",NA,NA
"520","46117",NA,"009254","10",1.21,52708,NA,NA,NA,NA,NA,NA,NA,"2302  WHISPERING SHORES DR  FORT PIERRE SD 57532",NA,2008-10-23,2008,"1",NA,NA
"521","46117",NA,"009261","10",0.65,28314,NA,NA,NA,"2008",NA,NA,NA,"304  ROUSSEAU AVE  FORT PIERRE SD 575322368",NA,2008-01-29,2008,"1",NA,NA
"522","46117",NA,"009262","10",0.72,31363,NA,NA,NA,NA,NA,NA,NA,"210  ROUSSEAU AVE  FORT PIERRE SD 57532",NA,2008-10-23,2008,"1",NA,NA
"523","46117",NA,"002085","10",12.74,554954,NA,NA,NA,NA,NA,NA,NA,"28809  BAD RIVER RD  FORT PIERRE SD 575327400",NA,2005-02-08,2005,"1",NA,NA
"524","46117",NA,"003284","10",12.54,546242,NA,NA,NA,NA,NA,NA,NA,"20762  MUD RD  FORT PIERRE SD 575324918",NA,2006-08-23,2006,"1",NA,NA
"525","46117",NA,"007015","10",0.18,8050,NA,NA,NA,"1976",NA,NA,NA,"905  LAFRAMBOISE DR  FORT PIERRE SD 575322030",NA,2000-01-28,2000,"1",NA,NA
"526","46117",NA,"007018","10",0.18,8050,NA,NA,NA,"1976",NA,NA,NA,"1003  LAFRAMBOISE DR  FORT PIERRE SD 575322032",NA,2007-08-14,2007,"1",NA,NA
"527","46117",NA,"007195","10",0.19,8160,NA,NA,NA,"1998",NA,NA,NA,"304  SHIMROSE ST  FORT PIERRE SD 575323200",NA,2001-11-28,2001,"1",NA,NA
"528","46117",NA,"007319","10",0.25,10717,NA,NA,NA,"2000",NA,NA,NA,"209  ISLAY AVE  FORT PIERRE SD 575322302",NA,2003-09-30,2003,"1",NA,NA
"529","46117",NA,"007321","10",0.12,5227,NA,NA,NA,"1995",NA,NA,NA,"203  ISLAY AVE  FORT PIERRE SD 575322302",NA,2007-06-08,2007,"1",NA,NA
"530","46117",NA,"007349","10",0.22,9583,NA,NA,NA,"1993",NA,NA,NA,"124  PORT NA HAVEN ST  FORT PIERRE SD 575322310",NA,2008-05-13,2008,"1",NA,NA
"531","46117",NA,"007356","10",0.35,15246,NA,NA,NA,"2005",NA,NA,NA,"114  PORT CHARLOTTE AVE  FORT PIERRE SD 575322303",NA,2003-03-10,2003,"1",NA,NA
"532","46117",NA,"007371","10",0.34,14810,NA,NA,NA,"1995",NA,NA,NA,"216  PORT CHARLOTTE AVE  FORT PIERRE SD 575322305",NA,2004-08-04,2004,"1",NA,NA
"533","46117",NA,"007377","10",0.69,30056,NA,NA,NA,NA,NA,NA,NA,"123  JAMIESON DR  FORT PIERRE SD 575322312",NA,2006-06-30,2006,"1",NA,NA
"534","46117",NA,"007408","10",0.29,12632,NA,NA,NA,"2001",NA,NA,NA,"310  PORT CHARLOTTE AVE  FORT PIERRE SD 575322307",NA,2002-02-19,2002,"1",NA,NA
"535","46117",NA,"007420","10",0.26,11326,NA,NA,NA,"2003",NA,NA,NA,"114  JAMIESON DR  FORT PIERRE SD 575322311",NA,2007-11-28,2007,"1",NA,NA
"536","46117",NA,"007521","10",0.91,39640,NA,NA,NA,NA,NA,NA,NA,"3814 N FRONTIER RD  FORT PIERRE SD 57532",NA,2005-06-16,2005,"1",NA,NA
"537","46117",NA,"007587","10",4.21,183388,NA,NA,NA,NA,NA,NA,NA,"20250  PORCUPINE LOOP  FORT PIERRE SD 57532",NA,2004-01-28,2004,"1",NA,NA
"538","46117",NA,"007632","10",1.81,78844,NA,NA,NA,NA,NA,NA,NA,"20247  PORCUPINE LOOP  FORT PIERRE SD 57532",NA,2005-06-24,2005,"1",NA,NA
"539","46117",NA,"007642","10",6,261360,NA,NA,NA,NA,NA,NA,NA,"20118  SD HIGHWAY 1806   FORT PIERRE SD 575325301",NA,2008-05-29,2008,"1",NA,NA
"540","46117",NA,"007679","10",5,217800,NA,NA,NA,NA,NA,NA,NA,"29944  SD HIGHWAY 1806   FORT PIERRE SD 575327506",NA,2004-07-30,2004,"1",NA,NA
"541","46117",NA,"007904","10",0.31,13431,NA,NA,NA,"2008",NA,NA,NA,"2620  DUNES DR  FORT PIERRE SD 575322264",NA,2006-07-20,2006,"1",NA,NA
"542","46117",NA,"007922","10",0.13,5663,NA,NA,NA,"1994",NA,NA,NA,"183  ISLAY AVE  FORT PIERRE SD 575322301",NA,2009-05-28,2009,"1",NA,NA
"543","46117",NA,"007929","10",0.17,7405,NA,NA,NA,"1997",NA,NA,NA,"151  ISLAY AVE  FORT PIERRE SD 575322301",NA,2005-03-01,2005,"1",NA,NA
"544","46117",NA,"008260","10",2.64,114998,NA,NA,NA,NA,NA,NA,NA,"20190  CHANTIER CREEK PL   SD",NA,2007-07-30,2007,"1",NA,NA
"545","46117",NA,"008299","10",20,871200,NA,NA,NA,NA,NA,NA,NA,"20430  SD HIGHWAY 1806   FORT PIERRE SD 575325403",NA,1997-07-15,1997,"1",NA,NA
"546","46117",NA,"008322","10",1.5,65340,NA,NA,NA,NA,NA,NA,NA,"28376  US HIGHWAY 14/34   FORT PIERRE SD 57532",NA,2004-06-29,2004,"1",NA,NA
"547","46117",NA,"008342","10",0.43,18563,NA,NA,NA,"2001",NA,NA,NA,"706 W 1ST AVE  FORT PIERRE SD 575326103",NA,2002-09-20,2002,"1",NA,NA
"548","46117",NA,"009288","10",0.64,27878,NA,NA,NA,NA,NA,NA,NA,"2411  WHISPERING SHORES DR  FORT PIERRE SD 575322402",NA,2008-10-23,2008,"1",NA,NA
"549","46117",NA,"009292","10",0.45,19602,NA,NA,NA,NA,NA,NA,NA,"2313  WHISPERING SHORES DR  FORT PIERRE SD 575322401",NA,2006-10-02,2006,"1",NA,NA
"550","46117",NA,"009309","10",0.23,10019,NA,NA,NA,"2016",NA,NA,NA,"307  DAKOTA AVE  FORT PIERRE SD 575323330",NA,2007-07-26,2007,"1",NA,NA
"551","46117",NA,"009316","10",1.14,49658,NA,NA,NA,NA,NA,NA,NA,"2506  WHISPERING SHORES DR  FORT PIERRE SD 57532",NA,2006-07-14,2006,"1",NA,NA
"552","46117",NA,"009328","10",2.55,111078,NA,NA,NA,NA,NA,NA,NA,"28094  YELLOW HAWK DR   SD",NA,2007-05-14,2007,"1",NA,NA
"553","46117",NA,"009407","10",0.52,22651,NA,NA,NA,NA,NA,NA,NA,"515  ROUSSEAU AVE  FORT PIERRE SD 575322379",NA,2008-06-19,2008,"1",NA,NA
"554","46117",NA,"006651","10",0.28,12375,NA,NA,NA,NA,NA,NA,NA,"SD",NA,2003-08-07,2003,"1",NA,NA
"555","46117",NA,"006717","10",0.38,16500,NA,NA,NA,"1976",NA,NA,NA,"117 E 6TH AVE  FORT PIERRE SD 575322259",NA,2005-08-26,2005,"1",NA,NA
"556","46117",NA,"006719","10",0.28,12375,NA,NA,NA,"1975",NA,NA,NA,"122 E 5TH AVE  FORT PIERRE SD 57532",NA,2006-12-28,2006,"1",NA,NA
"557","46117",NA,"006801","10",0.14,6188,NA,NA,NA,"1964",NA,NA,NA,"307 E 6TH AVE  FORT PIERRE SD 575322258",NA,2005-02-09,2005,"1",NA,NA
"558","46117",NA,"006802","10",0.09,4125,NA,NA,NA,"1988",NA,NA,NA,"309  CENTER LN  FORT PIERRE SD 575322142",NA,2004-10-15,2004,"1",NA,NA
"559","46117",NA,"006819","10",0.23,9900,NA,NA,NA,"1975",NA,NA,NA,"302 E 6TH AVE  FORT PIERRE SD 575322234",NA,2001-05-04,2001,"1",NA,NA
"560","46117",NA,"006847","10",0.43,18731,NA,NA,NA,"1942",NA,NA,NA,"212 E 7TH AVE  FORT PIERRE SD 575322134",NA,2002-11-29,2002,"1",NA,NA
"561","46117",NA,"006849","10",0.14,6300,NA,NA,NA,"1985",NA,NA,NA,"610 N MARION ST  FORT PIERRE SD 575322263",NA,2003-09-08,2003,"1",NA,NA
"562","46117",NA,"006857","10",0.19,8325,NA,NA,NA,"1973",NA,NA,NA,"203 E WANDEL AVE  FORT PIERRE SD 575322022",NA,2009-04-01,2009,"1",NA,NA
"563","46117",NA,"006865","10",0.25,11100,NA,NA,NA,"1954",NA,NA,NA,"603 S 1ST ST  FORT PIERRE SD 57532",NA,2001-10-12,2001,"1",NA,NA
"564","46117",NA,"006869","10",0.44,19166,NA,NA,NA,"1984",NA,NA,NA,"401 W PARK AVE  FORT PIERRE SD 575322058",NA,2003-08-19,2003,"1",NA,NA
"565","46117",NA,"006880","10",0.16,6850,NA,NA,NA,"1906",NA,NA,NA,"108 W WANDEL AVE  FORT PIERRE SD 575322023",NA,2000-05-15,2000,"1",NA,NA
"566","46117",NA,"006883","10",0.24,10275,NA,NA,NA,"1905",NA,NA,NA,"111 E PARK AVE  FORT PIERRE SD 575322002",NA,2007-09-28,2007,"1",NA,NA
"567","46117",NA,"006888","10",0.16,6850,NA,NA,NA,"1953",NA,NA,NA,"104 E WANDEL AVE  FORT PIERRE SD 575322019",NA,2000-09-29,2000,"1",NA,NA
"568","46117",NA,"006912","10",0.47,20550,NA,NA,NA,NA,NA,NA,NA,"404 S 1ST ST  FORT PIERRE SD 57532",NA,2006-12-19,2006,"1",NA,NA
"569","46117",NA,"006918","10",0.63,27400,NA,NA,NA,"1905",NA,NA,NA,"401 S 1ST ST  FORT PIERRE SD 575323105",NA,2008-07-30,2008,"1",NA,NA
"570","46117",NA,"006962","10",0.14,6000,NA,NA,NA,"1976",NA,NA,NA,"605  LAFRAMBOISE DR  FORT PIERRE SD 575322060",NA,1986-09-19,1986,"1",NA,NA
"571","46117",NA,"006967","10",0.2,8820,NA,NA,NA,"1975",NA,NA,NA,"210  SCOTTY PHILIP AVE  FORT PIERRE SD 57532",NA,1975-07-21,1975,"1",NA,NA
"572","46117",NA,"006971","10",0.23,10220,NA,NA,NA,"1961",NA,NA,NA,"308  SCOTTY PHILIP AVE  FORT PIERRE SD 575322049",NA,1975-07-08,1975,"1",NA,NA
"573","46117",NA,"006981","10",1,43560,NA,NA,NA,"1976",NA,NA,NA,"710  LAFRAMBOISE DR  FORT PIERRE SD 575322025",NA,2003-10-30,2003,"1",NA,NA
"574","46117",NA,"006987","10",0.21,9177,NA,NA,NA,"1975",NA,NA,NA,"705  TWO RIVERS ST  FORT PIERRE SD 575322046",NA,1978-11-07,1978,"1",NA,NA
"575","46117",NA,"006991","10",NA,NA,NA,NA,NA,"1976",NA,NA,NA,"904  LAFRAMBOISE DR  FORT PIERRE SD 57532",NA,2004-05-14,2004,"1",NA,NA
"576","46117",NA,"006998","10",0.52,22576,NA,NA,NA,"1974",NA,NA,NA,"706  TWO RIVERS ST  FORT PIERRE SD 575322045",NA,2006-05-18,2006,"1",NA,NA
"577","46117",NA,"007007","10",0.16,6875,NA,NA,NA,"1977",NA,NA,NA,"711  LAFRAMBOISE DR  FORT PIERRE SD 575322026",NA,1986-06-30,1986,"1",NA,NA
"578","46117",NA,"007016","10",0.18,8050,NA,NA,NA,"1976",NA,NA,NA,"907  LAFRAMBOISE DR  FORT PIERRE SD 575322030",NA,1995-10-06,1995,"1",NA,NA
"579","46117",NA,"007056","10",0.21,9148,NA,NA,NA,"1974",NA,NA,NA,"609 S 2ND ST  FORT PIERRE SD 575322042",NA,1999-01-07,1999,"1",NA,NA
"580","46117",NA,"007065","10",0.36,15682,NA,NA,NA,"1961",NA,NA,NA,"709  LEO ST  FORT PIERRE SD 575322109",NA,2000-10-01,2000,"1",NA,NA
"581","46117",NA,"007207","10",0.23,9880,NA,NA,NA,"2001",NA,NA,NA,"102  SHIMROSE ST  FORT PIERRE SD 575323202",NA,2000-11-06,2000,"1",NA,NA
"582","46117",NA,"007302","10",40,1742400,NA,NA,NA,"1991",NA,NA,NA,"921 W HIGHWAY 14/34   FORT PIERRE SD 575322126",NA,2003-01-28,2003,"1",NA,NA
"583","46117",NA,"007350","10",0.29,12632,NA,NA,NA,"1997",NA,NA,NA,"122  PORT NA HAVEN ST  FORT PIERRE SD 575322310",NA,2000-07-27,2000,"1",NA,NA
"584","46117",NA,"007352","10",0.41,17860,NA,NA,NA,"2003",NA,NA,NA,"116  PORT NA HAVEN ST  FORT PIERRE SD 575322310",NA,2001-10-31,2001,"1",NA,NA
"585","46117",NA,"008904","10",NA,NA,NA,NA,NA,NA,NA,NA,NA,"107  SURREY RD  FORT PIERRE SD 575322105",NA,2002-11-14,2002,"1",NA,NA
"586","46117",NA,"008962","10",0.34,14847,NA,NA,NA,"1980",NA,NA,NA,"409  FORT CHOUTEAU RD  FORT PIERRE SD 575322255",NA,2001-12-12,2001,"1",NA,NA
"587","46117",NA,"008972","10",3.67,159865,NA,NA,NA,NA,NA,NA,NA,"28040  US HIGHWAY 14/34   FORT PIERRE SD 575326003",NA,2007-05-01,2007,"1",NA,NA
"588","46117",NA,"009058","10",8.5,370260,NA,NA,NA,NA,NA,NA,NA,"20550  SD HIGHWAY 1806   FORT PIERRE SD 575325406",NA,2002-06-26,2002,"1",NA,NA
"589","46117",NA,"009063","10",NA,NA,NA,NA,NA,NA,NA,NA,NA,"113  HOLLOWOOD TRL  FORT PIERRE SD 575322209",NA,2004-01-05,2004,"1",NA,NA
"590","46117",NA,"009112","10",0.5,21780,NA,NA,NA,"2005",NA,NA,NA,"2010  IONA ST  FORT PIERRE SD 575322344",NA,2005-08-09,2005,"1",NA,NA
"591","46117",NA,"009148","10",0.29,12744,NA,NA,NA,NA,NA,NA,NA,"2716  BENJAMIN ST   SD",NA,2004-07-29,2004,"1",NA,NA
"592","46117",NA,"009187","10",0.25,10890,NA,NA,NA,"2005",NA,NA,NA,"2013  IONA ST  FORT PIERRE SD 57532",NA,2004-08-18,2004,"1",NA,NA
"593","46117",NA,"009273","10",0.51,22216,NA,NA,NA,NA,NA,NA,NA,"307  ROUSSEAU AVE  FORT PIERRE SD 575322345",NA,2008-10-23,2008,"1",NA,NA
"594","46117",NA,"009296","10",1.71,74488,NA,NA,NA,"2007",NA,NA,NA,"2412  WHISPERING SHORES DR  FORT PIERRE SD 575322403",NA,2007-01-22,2007,"1",NA,NA
"595","46117",NA,"009318","10",5,217800,NA,NA,NA,NA,NA,NA,NA,"28396  WAR CREEK RD   SD",NA,2008-02-26,2008,"1",NA,NA
"596","46117",NA,"009341","10",2.41,104980,NA,NA,NA,NA,NA,NA,NA,"28058  CACTUS FLAT DR  FORT PIERRE SD 575328500",NA,2005-07-22,2005,"1",NA,NA
"597","46117",NA,"009378","10",0.12,5113,NA,NA,NA,"1980",NA,NA,NA,"112 E 3RD AVE  FORT PIERRE SD 57532",NA,2008-12-30,2008,"1",NA,NA
"598","46117",NA,"003163","10",2.44,106286,NA,NA,NA,NA,NA,NA,NA,"27708  US HIGHWAY 14/34   FORT PIERRE SD 575325901",NA,2003-09-15,2003,"1",NA,NA
"599","46117",NA,"006451","10",0.38,16500,"RS0",476,476,"1906",NA,NA,NA,"212 S 5TH ST  FORT PIERRE SD 57532",NA,1999-05-26,1999,"1",NA,NA
"600","46117",NA,"006455","10",0.19,8250,"RS0",904,904,"1905",NA,NA,NA,"507 W 1ST AVE  FORT PIERRE SD 575323309",NA,2000-06-26,2000,"1",NA,NA
"601","46117",NA,"006478","10",0.22,9375,"RS0",2400,912,"1979",NA,NA,NA,"105 S 5TH ST  FORT PIERRE SD 57532",NA,2000-11-15,2000,"1",NA,NA
"602","46117",NA,"006508","10",0.28,12375,"RS0",3060,1980,"1975",NA,NA,NA,"206 W 1ST AVE  FORT PIERRE SD 57532",NA,2000-01-11,2000,"1",NA,NA
"603","46117",NA,"006537","10",0.34,15000,"R0F",840,840,"1971",NA,NA,NA,"108 E MAIN AVE  FORT PIERRE SD 575322347",NA,2005-09-27,2005,"1",NA,NA
"604","46117",NA,"006573","10",0.06,2750,"RS0",NA,NA,"1946",NA,NA,NA,"106 N 4TH ST  FORT PIERRE SD 57532",NA,2004-09-30,2004,"1",NA,NA
"605","46117",NA,"006574","10",0.19,8250,"RS0",NA,NA,"1907",NA,NA,NA,"312 W MAIN AVE  FORT PIERRE SD 575322337",NA,2004-07-30,2004,"1",NA,NA
"606","46117",NA,"006582","10",0.15,6375,"RS0",1920,960,"1906",NA,NA,NA,"109 N 3RD ST  FORT PIERRE SD 57532",NA,2007-05-29,2007,"1",NA,NA
"607","46117",NA,"006591","10",0.12,5025,"RS0",2550,1275,"1952",NA,NA,NA,"105 N 4TH ST  FORT PIERRE SD 57532",NA,2002-01-18,2002,"1",NA,NA
"608","46117",NA,"006595","10",0.3,13035,"RS0",3232,2008,"1900",NA,NA,NA,"407 W 2ND AVE  FORT PIERRE SD 575324400",NA,2005-10-27,2005,"1",NA,NA
"609","46117",NA,"006619","10",0.27,11550,"RS0",2112,1584,"1977",NA,NA,NA,"414 W 2ND AVE  FORT PIERRE SD 575322353",NA,2006-06-01,2006,"1",NA,NA
"610","46117",NA,"006648","10",0.57,24750,NA,NA,NA,NA,NA,NA,NA,"113 E 3RD AVE  FORT PIERRE SD 575322275",NA,2006-06-22,2006,"1",NA,NA
"611","46117",NA,"007366","10",0.27,11761,NA,NA,NA,"1994",NA,NA,NA,"110  PORT WEYMS CT  FORT PIERRE SD 575322317",NA,1993-07-29,1993,"1",NA,NA
"612","46117",NA,"007382","10",0.53,23087,NA,NA,NA,"2000",NA,NA,NA,"214  JAMIESON DR  FORT PIERRE SD 575322313",NA,1997-05-16,1997,"1",NA,NA
"613","46117",NA,"007384","10",0.25,10890,NA,NA,NA,"2007",NA,NA,NA,"306  JAMIESON DR  FORT PIERRE SD 575322315",NA,2001-10-05,2001,"1",NA,NA
"614","46117",NA,"007392","10",0.53,23087,NA,NA,NA,NA,NA,NA,NA,"311  PORT CHARLOTTE AVE  FORT PIERRE SD 575322308",NA,2005-10-21,2005,"1",NA,NA
"615","46117",NA,"007422","10",0.26,11326,NA,NA,NA,"2003",NA,NA,NA,"106  JAMIESON DR  FORT PIERRE SD 575322311",NA,2003-04-09,2003,"1",NA,NA
"616","46117",NA,"007431","10",2.09,91040,NA,NA,NA,NA,NA,NA,NA,"1002  VERENDRYE DR  FORT PIERRE SD 575322010",NA,2000-08-29,2000,"1",NA,NA
"617","46117",NA,"007529","10",1.21,52500,NA,NA,NA,NA,NA,NA,NA,"3608 N FRONTIER RD  FORT PIERRE SD 575322296",NA,2009-04-09,2009,"1",NA,NA
"618","46117",NA,"007545","10",0.66,28750,NA,NA,NA,NA,NA,NA,NA,"3206  COLONY LOOP  FORT PIERRE SD 57532",NA,2001-09-14,2001,"1",NA,NA
"619","46117",NA,"007546","10",1.55,67500,NA,NA,NA,NA,NA,NA,NA,"3204 N FRONTIER RD  FORT PIERRE SD 575322290",NA,2004-08-31,2004,"1",NA,NA
"620","46117",NA,"007550","10",0.52,22500,NA,NA,NA,NA,NA,NA,NA,"3208 N FRONTIER RD  FORT PIERRE SD 575322290",NA,1998-07-02,1998,"1",NA,NA
"621","46117",NA,"007580","10",3.31,144184,NA,NA,NA,NA,NA,NA,NA,"20310  PORCUPINE LOOP  FORT PIERRE SD 575325405",NA,2005-06-28,2005,"1",NA,NA
"622","46117",NA,"007629","10",1.87,81457,NA,NA,NA,NA,NA,NA,NA,"20250  SD HIGHWAY 1806   FORT PIERRE SD 575325401",NA,2004-11-08,2004,"1",NA,NA
"623","46117",NA,"007646","10",1.34,58370,NA,NA,NA,NA,NA,NA,NA,"28040  SD HIGHWAY 1806   FORT PIERRE SD 57532",NA,2001-10-19,2001,"1",NA,NA
"624","46117",NA,"007907","10",0.44,19112,NA,NA,NA,"1995",NA,NA,NA,"2632  DUNES DR  FORT PIERRE SD 575322264",NA,2001-09-12,2001,"1",NA,NA
"625","46117",NA,"007942","10",0.86,37462,NA,NA,NA,NA,NA,NA,NA,"134  CAOL ILA CT  FORT PIERRE SD 575322300",NA,2001-07-17,2001,"1",NA,NA
"626","46117",NA,"008243","10",1.49,64904,NA,NA,NA,"1971",NA,NA,NA,"612  VERENDRYE DR  FORT PIERRE SD 575322078",NA,2008-08-25,2008,"1",NA,NA
"627","46117",NA,"008261","10",3.56,155074,NA,NA,NA,NA,NA,NA,NA,"SD",NA,2007-04-11,2007,"1",NA,NA
"628","46117",NA,"008277","10",5.94,258746,NA,NA,NA,NA,NA,NA,NA,"1009  WALLEYE DR  FORT PIERRE SD 575322288",NA,1997-02-21,1997,"1",NA,NA
"629","46117",NA,"008320","10",0.14,6098,NA,NA,NA,"1997",NA,NA,NA,"155  ISLAY AVE  FORT PIERRE SD 575322301",NA,2008-07-30,2008,"1",NA,NA
"630","46117",NA,"008419","10",NA,NA,NA,NA,NA,NA,NA,NA,NA,"406 W CEDAR AVE  FORT PIERRE SD 575322018",NA,2001-07-03,2001,"1",NA,NA
"631","46117",NA,"008478","10",36.14,1574258,NA,NA,NA,NA,NA,NA,NA,"SD",NA,2000-11-21,2000,"1",NA,NA
"632","46117",NA,"008492","10",0.22,9583,NA,NA,NA,"1955",NA,NA,NA,"2002  TIREE DR  FORT PIERRE SD 575322098",NA,2006-09-12,2006,"1",NA,NA
