"","geoid_cnty","geoid_blk","p_id_iris_frmtd","property_indicator","acres","land_square_footage","bldg_code","building_square_feet","living_square_feet","year_built","effective_year_built","bedrooms","baths_appraised","property_address","sale_price","sale_date","sale_year","transaction_type","property_centroid_latitude","property_centroid_longitude"
"1","38103","381039600002802","02063000","10",0.86,37462,NA,NA,NA,NA,NA,NA,NA,"ND",NA,2017-08-21,2017,"1",47.459985,-99.276469
"2","38103",NA,"05012000","10",23.65,1030194,NA,NA,NA,NA,NA,NA,NA,"5897  23RD ST NE NEW ROCKFORD ND 58356",NA,2016-01-01,2016,"1",NA,NA
"3","38103",NA,"40092000","10",NA,NA,NA,NA,NA,NA,NA,NA,NA,"19  2ND ST W HAMBERG ND 583413701",NA,2019-10-28,2019,"1",NA,NA
"4","38103",NA,"45041000","10",NA,NA,NA,NA,NA,NA,NA,NA,NA,"ND",NA,2016-12-05,2016,"1",NA,NA
"5","38103",NA,"45044000","10",NA,NA,NA,NA,NA,NA,NA,NA,NA,"ND",NA,2018-11-05,2018,"1",NA,NA
"6","38103",NA,"50097000","10",NA,NA,NA,NA,NA,NA,NA,NA,NA,"57  ELM AVE S FESSENDEN ND 584387143",NA,2017-12-04,2017,"1",NA,NA
"7","38103",NA,"50221000","10",NA,NA,NA,NA,NA,NA,NA,NA,NA,"910  2ND ST NE FESSENDEN ND 58438",NA,2016-08-04,2016,"1",NA,NA
"8","38103",NA,"50325000","10",NA,NA,NA,NA,NA,NA,NA,NA,NA,"818  2ND ST NE FESSENDEN ND 584387405",47350,2013-10-15,2013,"1",NA,NA
"9","38103",NA,"50332000","10",NA,NA,NA,NA,NA,NA,NA,NA,NA,"715  COURT ST  FESSENDEN ND 584387400",20000,2018-06-01,2018,"1",NA,NA
"10","38103",NA,"50338000","10",NA,NA,NA,NA,NA,NA,NA,NA,NA,"ND",NA,2019-12-20,2019,"1",NA,NA
"11","38103",NA,"50541000","10",NA,NA,NA,NA,NA,NA,NA,NA,NA,"207  1ST ST N FESSENDEN ND 584387211",NA,2018-07-17,2018,"1",NA,NA
"12","38103",NA,"55034000","10",NA,NA,NA,NA,NA,NA,NA,NA,NA,"ND",43000,2019-03-22,2019,"1",NA,NA
"13","38103",NA,"55101000","10",NA,NA,NA,NA,NA,NA,NA,NA,NA,"ND",9000,2010-01-07,2010,"1",NA,NA
"14","38103",NA,"55145000","10",NA,NA,NA,NA,NA,NA,NA,NA,NA,"152  PARK AVE W BOWDON ND 584187105",NA,2012-03-23,2012,"1",NA,NA
"15","38103",NA,"55183000","10",NA,NA,NA,NA,NA,NA,NA,NA,NA,"ND",NA,2015-08-25,2015,"1",NA,NA
"16","38103",NA,"55184000","10",NA,NA,NA,NA,NA,NA,NA,NA,NA,"ND",20000,2019-02-05,2019,"1",NA,NA
"17","38103",NA,"55199000","10",NA,NA,NA,NA,NA,NA,NA,NA,NA,"ND",NA,2016-09-13,2016,"1",NA,NA
"18","38103",NA,"55209000","10",NA,NA,NA,NA,NA,NA,NA,NA,NA,"ND",26000,2018-10-24,2018,"1",NA,NA
"19","38103",NA,"60086000","10",NA,NA,NA,NA,NA,NA,NA,NA,NA,"ND",NA,2009-04-21,2009,"1",NA,NA
"20","38103",NA,"60108000","10",NA,NA,NA,NA,NA,NA,NA,NA,NA,"ND",106250,2016-01-04,2016,"1",NA,NA
"21","38103",NA,"60299000","10",NA,NA,NA,NA,NA,NA,NA,NA,NA,"ND",NA,2017-11-13,2017,"1",NA,NA
"22","38103",NA,"70014000","10",NA,NA,NA,NA,NA,NA,NA,NA,NA,"ND",NA,2008-11-05,2008,"1",NA,NA
"23","38103",NA,"70394000","10",NA,NA,NA,NA,NA,NA,NA,NA,NA,"15  HUGHES AVE SW SYKESTON ND 584867108",NA,2011-08-04,2011,"1",NA,NA
"24","38103",NA,"80161000","10",NA,NA,NA,NA,NA,NA,NA,NA,NA,"709  BIRCH AVE  HARVEY ND 583411419",85000,2019-01-07,2019,"1",NA,NA
"25","38103",NA,"80170000","10",NA,NA,NA,NA,NA,NA,NA,NA,NA,"820  ALDER AVE  HARVEY ND 58341",NA,2019-11-19,2019,"1",NA,NA
"26","38103",NA,"80263000","10",NA,NA,NA,NA,NA,NA,NA,NA,NA,"1018  LINCOLN AVE  HARVEY ND 583411526",NA,2019-02-05,2019,"1",NA,NA
"27","38103",NA,"80299000","10",NA,NA,NA,NA,NA,NA,NA,NA,NA,"713  BURKE AVE  HARVEY ND 583411610",22600,2010-04-08,2010,"1",NA,NA
"28","38103",NA,"80365000","10",NA,NA,NA,NA,NA,NA,NA,NA,NA,"820  BIRCH AVE  HARVEY ND 583411421",NA,2017-11-08,2017,"1",NA,NA
"29","38103",NA,"80406000","10",NA,NA,NA,NA,NA,NA,NA,NA,NA,"813  PARK AVE  HARVEY ND 583411437",32000,2007-06-21,2007,"1",NA,NA
"30","38103",NA,"80433000","10",NA,NA,NA,NA,NA,NA,NA,NA,NA,"401  LINCOLN AVE  HARVEY ND 583411135",39375,2011-12-15,2011,"1",NA,NA
"31","38103",NA,"80453000","10",NA,NA,NA,NA,NA,NA,NA,NA,NA,"116  6TH ST W HARVEY ND 583411109",NA,2017-06-27,2017,"1",NA,NA
"32","38103",NA,"80474000","10",NA,NA,NA,NA,NA,NA,NA,NA,NA,"516  ALDER AVE  HARVEY ND 583411121",85000,2017-06-13,2017,"1",NA,NA
"33","38103",NA,"80484000","10",NA,NA,NA,NA,NA,NA,NA,NA,NA,"416  ALDER AVE  HARVEY ND 583411119",210000,2019-02-26,2019,"1",NA,NA
"34","38103",NA,"05719000","10",NA,NA,NA,NA,NA,NA,NA,NA,NA,"ND",20000,2019-10-17,2019,"1",NA,NA
"35","38103",NA,"05721000","10",NA,NA,NA,NA,NA,NA,NA,NA,NA,"ND",20000,2019-10-17,2019,"1",NA,NA
"36","38103",NA,"09166000","10",9.75,424710,NA,NA,NA,NA,NA,NA,NA,"668  HIGHWAY 30   CATHAY ND 584229514",1e+05,2016-06-30,2016,"1",NA,NA
"37","38103",NA,"18608000","10",NA,NA,NA,NA,NA,NA,NA,NA,NA,"195  HIGHLAND ST  HEIMDAL ND 583418025",25000,2018-11-19,2018,"1",NA,NA
"38","38103",NA,"18675000","10",NA,NA,NA,NA,NA,NA,NA,NA,NA,"256  HOWARD ST  HEIMDAL ND 583418008",NA,2016-09-29,2016,"1",NA,NA
"39","38103",NA,"23565000","10",NA,NA,NA,NA,NA,NA,NA,NA,NA,"ND",NA,2017-09-21,2017,"1",NA,NA
"40","38103",NA,"24512000","10",NA,NA,NA,NA,NA,NA,NA,NA,NA,"ND",NA,2018-08-06,2018,"1",NA,NA
"41","38103",NA,"24514000","10",NA,NA,NA,NA,NA,NA,NA,NA,NA,"ND",NA,2018-08-06,2018,"1",NA,NA
"42","38103",NA,"24519000","10",NA,NA,NA,NA,NA,NA,NA,NA,NA,"ND",NA,2017-08-10,2017,"1",NA,NA
"43","38103",NA,"29076000","10",1.55,67518,NA,NA,NA,NA,NA,NA,NA,"2251  32ND AVE NE HARVEY ND 583419380",78400,2013-03-26,2013,"1",NA,NA
"44","38103",NA,"30115000","10",0.29,12632,NA,NA,NA,NA,NA,NA,NA,"2607  32ND AVE NE HARVEY ND 583418604",52500,2018-09-21,2018,"1",NA,NA
"45","38103",NA,"80530000","10",NA,NA,NA,NA,NA,NA,NA,NA,NA,"512  EMERSON AVE  HARVEY ND 583411228",NA,2018-02-08,2018,"1",NA,NA
"46","38103",NA,"80539000","10",NA,NA,NA,NA,NA,NA,NA,NA,NA,"509  DESMET AVE  HARVEY ND 583411251",17000,2006-05-27,2006,"1",NA,NA
"47","38103",NA,"80566000","10",NA,NA,NA,NA,NA,NA,NA,NA,NA,"400  CLARK AVE  HARVEY ND 583411222",142800,2013-12-05,2013,"1",NA,NA
"48","38103",NA,"80571000","10",NA,NA,NA,NA,NA,NA,NA,NA,NA,"420  CLARK AVE  HARVEY ND 583411222",18000,2018-11-21,2018,"1",NA,NA
"49","38103",NA,"80588000","10",NA,NA,NA,NA,NA,NA,NA,NA,NA,"405  ADAMS AVE  HARVEY ND 583411114",NA,2016-06-10,2016,"1",NA,NA
"50","38103",NA,"80593000","10",NA,NA,NA,NA,NA,NA,NA,NA,NA,"512  BURKE AVE  HARVEY ND 583411131",NA,2019-11-19,2019,"1",NA,NA
"51","38103",NA,"80617000","10",NA,NA,NA,NA,NA,NA,NA,NA,NA,"320  BURKE AVE  HARVEY ND 583411127",80000,2019-09-24,2019,"1",NA,NA
"52","38103",NA,"80658000","10",NA,NA,NA,NA,NA,NA,NA,NA,NA,"569  BREWSTER ST E HARVEY ND 583411608",25000,2012-11-16,2012,"1",NA,NA
"53","38103",NA,"80691000","10",NA,NA,NA,NA,NA,NA,NA,NA,NA,"616  PLEASANT ST  HARVEY ND 583411910",11000,2019-07-03,2019,"1",NA,NA
"54","38103",NA,"80720000","10",NA,NA,NA,NA,NA,NA,NA,NA,NA,"521  PLEASANT ST  HARVEY ND 583411907",22882.5,2008-07-17,2008,"1",NA,NA
"55","38103",NA,"80721000","10",NA,NA,NA,NA,NA,NA,NA,NA,NA,"525  PLEASANT ST  HARVEY ND 583411907",28750,2016-05-24,2016,"1",NA,NA
"56","38103",NA,"80897000","10",NA,NA,NA,NA,NA,NA,NA,NA,NA,"620  5TH ST E HARVEY ND 583411238",125000,2019-03-01,2019,"1",NA,NA
"57","38103",NA,"80910000","10",NA,NA,NA,NA,NA,NA,NA,NA,NA,"501  EMERSON AVE  HARVEY ND 58341",15100,2012-02-13,2012,"1",NA,NA
"58","38103",NA,"80941000","10",NA,NA,NA,NA,NA,NA,NA,NA,NA,"943  FRANKLIN AVE  HARVEY ND 583411911",NA,2010-06-14,2010,"1",NA,NA
"59","38103",NA,"80960000","10",NA,NA,NA,NA,NA,NA,NA,NA,NA,"724  JUDY BLVD  HARVEY ND 583411930",5000,2016-01-12,2016,"1",NA,NA
"60","38103",NA,"80985000","10",NA,NA,NA,NA,NA,NA,NA,NA,NA,"1348  ELM AVE  HARVEY ND 583411724",40452.5,2008-09-29,2008,"1",NA,NA
"61","38103",NA,"81033000","10",NA,NA,NA,NA,NA,NA,NA,NA,NA,"413  HARVEY AVE  HARVEY ND 583411303",65000,2009-08-24,2009,"1",NA,NA
"62","38103",NA,"81034000","10",NA,NA,NA,NA,NA,NA,NA,NA,NA,"407  HARVEY AVE  HARVEY ND 583411303",90000,2011-09-29,2011,"1",NA,NA
"63","38103",NA,"81055000","10",NA,NA,NA,NA,NA,NA,NA,NA,NA,"507  GRANT AVE  HARVEY ND 583411249",65000,2009-02-13,2009,"1",NA,NA
"64","38103",NA,"81075000","10",NA,NA,NA,NA,NA,NA,NA,NA,NA,"513  HARVEY AVE  HARVEY ND 583411305",184103.75,2017-04-05,2017,"1",NA,NA
"65","38103",NA,"81088000","10",NA,NA,NA,NA,NA,NA,NA,NA,NA,"1011  ALLEN AVE  HARVEY ND 583411728",50000,2015-01-15,2015,"1",NA,NA
"66","38103",NA,"81115000","10",NA,NA,NA,NA,NA,NA,NA,NA,NA,"1525  ADVENT ST  HARVEY ND 583411801",NA,2013-08-29,2013,"1",NA,NA
"67","38103",NA,"81132000","10",NA,NA,NA,NA,NA,NA,NA,NA,NA,"1447  ADVENT ST  HARVEY ND 583411701",NA,2009-07-23,2009,"1",NA,NA
"68","38103",NA,"81242000","10",NA,NA,NA,NA,NA,NA,NA,NA,NA,"312  DESMET AVE  HARVEY ND 583411205",NA,2015-12-28,2015,"1",NA,NA
"69","38103",NA,"81248000","10",NA,NA,NA,NA,NA,NA,NA,NA,NA,"307  CLARK AVE  HARVEY ND 583411219",84000,2008-07-20,2008,"1",NA,NA
"70","38103",NA,"81253000","10",NA,NA,NA,NA,NA,NA,NA,NA,NA,"207  CLARK AVE  HARVEY ND 583411217",97162,2013-03-01,2013,"1",NA,NA
"71","38103",NA,"81438000","10",NA,NA,NA,NA,NA,NA,NA,NA,NA,"ND",344000,2019-05-15,2019,"1",NA,NA
"72","38103",NA,"02072001","10",2.62,114127,NA,NA,NA,NA,NA,NA,NA,"5771  HIGHWAY 200   SYKESTON ND 584869505",325000,2016-06-02,2016,"1",NA,NA
"73","38103",NA,"05699000","10",NA,NA,NA,NA,NA,NA,NA,NA,NA,"ND",38937.5,2010-10-22,2010,"1",NA,NA
"74","38103",NA,"18571000","10",NA,NA,NA,NA,NA,NA,NA,NA,NA,"ND",81419.14,2017-07-31,2017,"1",NA,NA
"75","38103",NA,"18610000","10",NA,NA,NA,NA,NA,NA,NA,NA,NA,"ND",25000,2018-11-19,2018,"1",NA,NA
"76","38103",NA,"50520000","10",NA,NA,NA,NA,NA,NA,NA,NA,NA,"123  4TH AVE N FESSENDEN ND 584387209",65000,2013-07-01,2013,"7",NA,NA
"77","38103",NA,"50523000","10",NA,NA,NA,NA,NA,NA,NA,NA,NA,"107  4TH AVE N FESSENDEN ND 584387209",NA,2015-12-09,2015,"1",NA,NA
"78","38103",NA,"50537000","10",NA,NA,NA,NA,NA,NA,NA,NA,NA,"411  2ND ST N FESSENDEN ND 584387201",98000,2014-05-29,2014,"1",NA,NA
"79","38103",NA,"50552000","10",NA,NA,NA,NA,NA,NA,NA,NA,NA,"218  2ND ST N FESSENDEN ND 584387204",60500,2019-02-04,2019,"1",NA,NA
"80","38103",NA,"50559000","10",NA,NA,NA,NA,NA,NA,NA,NA,NA,"205  MENKE ST S FESSENDEN ND 58438",77252.88,2014-02-12,2014,"1",NA,NA
"81","38103",NA,"50583000","10",0.54,23522,NA,NA,NA,NA,NA,NA,NA,"107  2ND AVE N FESSENDEN ND 584387205",190000,2019-01-30,2019,"1",NA,NA
"82","38103",NA,"55004000","10",NA,NA,NA,NA,NA,NA,NA,NA,NA,"215  RAILWAY ST E BOWDON ND 584187112",70000,2011-03-21,2011,"1",NA,NA
"83","38103",NA,"55111000","10",NA,NA,NA,NA,NA,NA,NA,NA,NA,"ND",NA,2017-07-03,2017,"1",NA,NA
"84","38103",NA,"55114000","10",NA,NA,NA,NA,NA,NA,NA,NA,NA,"ND",41000,2011-06-28,2011,"1",NA,NA
"85","38103",NA,"55135000","10",NA,NA,NA,NA,NA,NA,NA,NA,NA,"215  ENVILLE ST W BOWDON ND 584187120",55000,2018-08-16,2018,"1",NA,NA
"86","38103",NA,"55147000","10",NA,NA,NA,NA,NA,NA,NA,NA,NA,"155  CHESTER AVE W BOWDON ND 584187118",NA,2016-02-10,2016,"1",NA,NA
"87","38103",NA,"55151000","10",NA,NA,NA,NA,NA,NA,NA,NA,NA,"131  CHESTER AVE W BOWDON ND 584187118",NA,2016-09-23,2016,"1",NA,NA
"88","38103",NA,"60038000","10",NA,NA,NA,NA,NA,NA,NA,NA,NA,"ND",NA,2017-07-31,2017,"1",NA,NA
"89","38103",NA,"60039000","10",NA,NA,NA,NA,NA,NA,NA,NA,NA,"ND",NA,2017-07-31,2017,"1",NA,NA
"90","38103",NA,"60123000","10",NA,NA,NA,NA,NA,NA,NA,NA,NA,"ND",NA,2017-09-05,2017,"1",NA,NA
"91","38103",NA,"60134000","10",NA,NA,NA,NA,NA,NA,NA,NA,NA,"117  3RD ST W HURDSFIELD ND 58451",5000,2018-10-25,2018,"1",NA,NA
"92","38103",NA,"60314000","10",NA,NA,NA,NA,NA,NA,NA,NA,NA,"ND",NA,2016-02-16,2016,"1",NA,NA
"93","38103",NA,"70297000","10",NA,NA,NA,NA,NA,NA,NA,NA,NA,"113  PARK ST E SYKESTON ND 584867014",4500,2008-08-13,2008,"7",NA,NA
"94","38103",NA,"80131000","10",NA,NA,NA,NA,NA,NA,NA,NA,NA,"815  ADAMS AVE  HARVEY ND 583411624",79000,2012-10-19,2012,"1",NA,NA
"95","38103",NA,"80132000","10",NA,NA,NA,NA,NA,NA,NA,NA,NA,"813  ADAMS AVE  HARVEY ND 583411624",NA,2018-11-01,2018,"1",NA,NA
"96","38103",NA,"80160000","10",NA,NA,NA,NA,NA,NA,NA,NA,NA,"713  BIRCH AVE  HARVEY ND 583411419",23000,2015-06-12,2015,"1",NA,NA
"97","38103",NA,"80178000","10",NA,NA,NA,NA,NA,NA,NA,NA,NA,"213  8TH ST W HARVEY ND 583411401",71000,2018-08-14,2018,"1",NA,NA
"98","38103",NA,"80214000","10",NA,NA,NA,NA,NA,NA,NA,NA,NA,"900  ADAMS AVE  HARVEY ND 583411627",7763,2009-10-21,2009,"1",NA,NA
"99","38103",NA,"80284000","10",NA,NA,NA,NA,NA,NA,NA,NA,NA,"116  BREWSTER ST E HARVEY ND 583411517",NA,2018-11-08,2018,"1",NA,NA
"100","38103",NA,"80312000","10",NA,NA,NA,NA,NA,NA,NA,NA,NA,"406  BREWSTER ST E HARVEY ND 583411607",30000,2003-09-09,2003,"1",NA,NA
"101","38103",NA,"80350000","10",NA,NA,NA,NA,NA,NA,NA,NA,NA,"916  BIRCH AVE  HARVEY ND 583411423",71527.5,2014-06-30,2014,"1",NA,NA
"102","38103",NA,"80355000","10",NA,NA,NA,NA,NA,NA,NA,NA,NA,"913  CEDAR AVE  HARVEY ND 583411432",30000,2013-09-17,2013,"1",NA,NA
"103","38103",NA,"80392000","10",NA,NA,NA,NA,NA,NA,NA,NA,NA,"ND",NA,2014-06-20,2014,"1",NA,NA
"104","38103",NA,"80423000","10",NA,NA,NA,NA,NA,NA,NA,NA,NA,"404  ADAMS AVE  HARVEY ND 583411115",NA,2013-09-10,2013,"1",NA,NA
"105","38103",NA,"80424000","10",NA,NA,NA,NA,NA,NA,NA,NA,NA,"408  ADAMS AVE  HARVEY ND 583411115",NA,2017-10-20,2017,"1",NA,NA
"106","38103",NA,"80581000","10",NA,NA,NA,NA,NA,NA,NA,NA,NA,"412  BURKE AVE  HARVEY ND 583411129",NA,2015-02-19,2015,"1",NA,NA
"107","38103",NA,"80639000","10",NA,NA,NA,NA,NA,NA,NA,NA,NA,"513  BREWSTER ST E HARVEY ND 583411608",NA,2020-01-23,2020,"1",NA,NA
"108","38103",NA,"80642000","10",NA,NA,NA,NA,NA,NA,NA,NA,NA,"525  BREWSTER ST E HARVEY ND 583411608",73500,2011-02-02,2011,"1",NA,NA
"109","38103",NA,"80687000","10",NA,NA,NA,NA,NA,NA,NA,NA,NA,"600  PLEASANT ST  HARVEY ND 583411910",25000,2012-11-15,2012,"1",NA,NA
"110","38103",NA,"80693000","10",NA,NA,NA,NA,NA,NA,NA,NA,NA,"624  PLEASANT ST  HARVEY ND 583411910",NA,2012-01-09,2012,"1",NA,NA
"111","38103",NA,"80723000","10",NA,NA,NA,NA,NA,NA,NA,NA,NA,"533  PLEASANT ST  HARVEY ND 583411907",52500,2013-10-02,2013,"1",NA,NA
"112","38103",NA,"80756000","10",1.06,46174,NA,NA,NA,NA,NA,NA,NA,"1002  COULEE AVE  HARVEY ND 583411830",3e+05,2010-12-02,2010,"1",NA,NA
"113","38103",NA,"80777000","10",NA,NA,NA,NA,NA,NA,NA,NA,NA,"512  BREWSTER ST E HARVEY ND 583411609",NA,2020-01-03,2020,"1",NA,NA
"114","38103",NA,"80793000","10",NA,NA,NA,NA,NA,NA,NA,NA,NA,"905  ALLEN AVE  HARVEY ND 583411705",NA,2019-07-10,2019,"1",NA,NA
"115","38103",NA,"21173000","10",10,435600,NA,NA,NA,NA,NA,NA,NA,"686  41ST AVE NE BOWDON ND 584189134",NA,2018-03-29,2018,"1",NA,NA
"116","38103",NA,"23086000","10",12.57,547549,NA,NA,NA,NA,NA,NA,NA,"3674  26TH ST NE HARVEY ND 583418219",10100,2018-06-25,2018,"1",NA,NA
"117","38103",NA,"24504000","10",NA,NA,NA,NA,NA,NA,NA,NA,NA,"211  MINNESOTA ST  HARVEY ND 583418301",NA,2018-08-06,2018,"1",NA,NA
"118","38103",NA,"24515000","10",NA,NA,NA,NA,NA,NA,NA,NA,NA,"ND",NA,2018-08-06,2018,"1",NA,NA
"119","38103",NA,"24521000","10",NA,NA,NA,NA,NA,NA,NA,NA,NA,"ND",NA,2016-07-22,2016,"1",NA,NA
"120","38103",NA,"24522000","10",NA,NA,NA,NA,NA,NA,NA,NA,NA,"ND",NA,2016-07-22,2016,"1",NA,NA
"121","38103",NA,"26586000","10",NA,NA,NA,NA,NA,NA,NA,NA,NA,"ND",NA,2016-12-15,2016,"1",NA,NA
"122","38103",NA,"29209001","10",13.89,605048,NA,NA,NA,NA,NA,NA,NA,"1943  33RD AVE NE HARVEY ND 583419375",102010,2011-02-18,2011,"1",NA,NA
"123","38103",NA,"30105000","10",9.99,435164,NA,NA,NA,NA,NA,NA,NA,"2755  31ST AVE NE HARVEY ND 583418640",45000,2020-02-20,2020,"1",NA,NA
"124","38103",NA,"30539000","10",0.79,34412,NA,NA,NA,NA,NA,NA,NA,"1605  DUNN DR  HARVEY ND 583418601",117500,2020-01-03,2020,"1",NA,NA
"125","38103",NA,"36168000","10",4.17,181645,NA,NA,NA,NA,NA,NA,NA,"2556  26TH AVE NE MARTIN ND 587589312",25000,2020-03-13,2020,"1",NA,NA
"126","38103",NA,"45108000","10",NA,NA,NA,NA,NA,NA,NA,NA,NA,"ND",NA,2008-02-15,2008,"1",NA,NA
"127","38103",NA,"45133000","10",NA,NA,NA,NA,NA,NA,NA,NA,NA,"ND",NA,2010-03-29,2010,"1",NA,NA
"128","38103",NA,"45135000","10",NA,NA,NA,NA,NA,NA,NA,NA,NA,"ND",NA,2018-11-05,2018,"1",NA,NA
"129","38103",NA,"50190000","10",NA,NA,NA,NA,NA,NA,NA,NA,NA,"108  ELM AVE S FESSENDEN ND 58438",70000,2018-06-26,2018,"1",NA,NA
"130","38103",NA,"50193000","10",NA,NA,NA,NA,NA,NA,NA,NA,NA,"104  ELM AVE S FESSENDEN ND 58438",64000,2013-07-15,2013,"1",NA,NA
"131","38103",NA,"50259000","10",NA,NA,NA,NA,NA,NA,NA,NA,NA,"1103  2ND ST NE FESSENDEN ND 584387411",132500,2015-09-15,2015,"1",NA,NA
"132","38103",NA,"50265000","10",NA,NA,NA,NA,NA,NA,NA,NA,NA,"1122  3RD ST NE FESSENDEN ND 58438",70000,2019-10-04,2019,"1",NA,NA
"133","38103",NA,"50286000","10",NA,NA,NA,NA,NA,NA,NA,NA,NA,"911  2ND ST NE FESSENDEN ND 584387407",33000,2010-06-10,2010,"1",NA,NA
"134","38103",NA,"50293000","10",NA,NA,NA,NA,NA,NA,NA,NA,NA,"908  3RD ST NE FESSENDEN ND 584387304",108750,2016-01-26,2016,"1",NA,NA
"135","38103",NA,"50366000","10",NA,NA,NA,NA,NA,NA,NA,NA,NA,"209  MAIN AVE S FESSENDEN ND 584387103",NA,2018-09-28,2018,"1",NA,NA
"136","38103",NA,"50375000","10",NA,NA,NA,NA,NA,NA,NA,NA,NA,"232  SPRUCE AVE  FESSENDEN ND 58438",NA,2009-11-04,2009,"1",NA,NA
"137","38103",NA,"50404000","10",NA,NA,NA,NA,NA,NA,NA,NA,NA,"903  4TH ST NE FESSENDEN ND 584387311",NA,2019-01-15,2019,"1",NA,NA
"138","38103",NA,"50439000","10",NA,NA,NA,NA,NA,NA,NA,NA,NA,"917  4TH ST NE FESSENDEN ND 584387311",95000,2018-08-15,2018,"1",NA,NA
"139","38103",NA,"80820000","10",NA,NA,NA,NA,NA,NA,NA,NA,NA,"1377  ELM AVE  HARVEY ND 583411723",65100,2007-10-05,2007,"1",NA,NA
"140","38103",NA,"80867000","10",NA,NA,NA,NA,NA,NA,NA,NA,NA,"513  JUDY BLVD  HARVEY ND 583411901",217183.33,2017-03-01,2017,"1",NA,NA
"141","38103",NA,"80872000","10",NA,NA,NA,NA,NA,NA,NA,NA,NA,"ND",68500,2009-05-07,2009,"1",NA,NA
"142","38103",NA,"80908000","10",NA,NA,NA,NA,NA,NA,NA,NA,NA,"509  EMERSON AVE  HARVEY ND 583411227",25000,2013-10-23,2013,"1",NA,NA
"143","38103",NA,"80997000","10",NA,NA,NA,NA,NA,NA,NA,NA,NA,"1224  ELM AVE  HARVEY ND 583411726",56000,2014-08-15,2014,"1",NA,NA
"144","38103",NA,"81038000","10",NA,NA,NA,NA,NA,NA,NA,NA,NA,"412  HARVEY AVE  HARVEY ND 583411304",129500,2016-02-08,2016,"1",NA,NA
"145","38103",NA,"81057000","10",NA,NA,NA,NA,NA,NA,NA,NA,NA,"502  IRVING AVE  HARVEY ND 583411347",95050,2006-07-28,2006,"1",NA,NA
"146","38103",NA,"81103000","10",NA,NA,NA,NA,NA,NA,NA,NA,NA,"1278  ALLEN AVE  HARVEY ND 583411708",107000,2011-03-25,2011,"1",NA,NA
"147","38103",NA,"81126000","10",NA,NA,NA,NA,NA,NA,NA,NA,NA,"1520  GARFIELD ST  HARVEY ND 583411806",138000,2012-06-20,2012,"1",NA,NA
"148","38103",NA,"81156000","10",NA,NA,NA,NA,NA,NA,NA,NA,NA,"1509  GARFIELD ST  HARVEY ND 583411805",180000,2017-11-03,2017,"6",NA,NA
"149","38103",NA,"81187000","10",NA,NA,NA,NA,NA,NA,NA,NA,NA,"239  JACKSON AVE  HARVEY ND 583411321",NA,2008-09-12,2008,"1",NA,NA
"150","38103",NA,"81231000","10",NA,NA,NA,NA,NA,NA,NA,NA,NA,"324  4TH ST E HARVEY ND 583411102",192500,2016-06-14,2016,"1",NA,NA
"151","38103",NA,"81252000","10",NA,NA,NA,NA,NA,NA,NA,NA,NA,"213  CLARK AVE  HARVEY ND 583411217",196250,2016-11-29,2016,"1",NA,NA
"152","38103",NA,"81419000","10",NA,NA,NA,NA,NA,NA,NA,NA,NA,"525  RIVERVIEW DR  HARVEY ND 583411920",NA,2008-08-04,2008,"1",NA,NA
"153","38103","381039600003405","16175001","10",17.05,742698,NA,NA,NA,NA,NA,NA,NA,"1323  HIGHWAY 52   FESSENDEN ND 584389476",80000,2008-11-13,2008,"1",47.614495,-99.631526
"154","38103",NA,"18192001","10",10.86,473062,NA,NA,NA,NA,NA,NA,NA,"4366  25TH ST NE HEIMDAL ND 583418457",115725,2014-02-25,2014,"1",NA,NA
"155","38103",NA,"18673000","10",NA,NA,NA,NA,NA,NA,NA,NA,NA,"256  HOWARD ST  HEIMDAL ND 583418008",NA,2016-09-29,2016,"1",NA,NA
"156","38103",NA,"18674000","10",NA,NA,NA,NA,NA,NA,NA,NA,NA,"ND",34500,2011-08-05,2011,"1",NA,NA
"157","38103",NA,"23583000","10",NA,NA,NA,NA,NA,NA,NA,NA,NA,"ND",NA,2008-08-19,2008,"1",NA,NA
"158","38103","381039600001202","24072000","10",7.92,344995,NA,NA,NA,NA,NA,NA,NA,"2789  42ND AVE NE HEIMDAL ND 583418668",165000,2013-10-04,2013,"1",47.817112,-99.684061
"159","38103",NA,"24174000","10",7.98,347609,NA,NA,NA,NA,NA,NA,NA,"3778  26TH ST NE HARVEY ND 583418218",30000,2019-07-25,2019,"1",NA,NA
"160","38103",NA,"24505000","10",NA,NA,NA,NA,NA,NA,NA,NA,NA,"211  MINNESOTA ST  HARVEY ND 583418301",NA,2018-08-06,2018,"1",NA,NA
"161","38103",NA,"24518000","10",NA,NA,NA,NA,NA,NA,NA,NA,NA,"ND",NA,2017-08-10,2017,"1",NA,NA
"162","38103",NA,"29059000","10",5.44,236966,NA,NA,NA,NA,NA,NA,NA,"2315  HIGHWAY 52 BYP  HARVEY ND 583418510",135000,2014-07-24,2014,"1",NA,NA
"163","38103",NA,"29131000","10",4.41,192100,NA,NA,NA,NA,NA,NA,NA,"2135  HIGHWAY 3  NE HARVEY ND 583419397",271937.5,2016-06-24,2016,"1",NA,NA
"164","38103",NA,"30540000","10",0.4,17424,NA,NA,NA,NA,NA,NA,NA,"1611  DUNN DR  HARVEY ND 583418601",NA,2017-12-12,2017,"1",NA,NA
"165","38103",NA,"34073000","10",3.2,139392,NA,NA,NA,NA,NA,NA,NA,"1653  HIGHWAY 3  NE HARVEY ND 583419357",NA,2018-07-03,2018,"1",NA,NA
"166","38103",NA,"60315000","10",NA,NA,NA,NA,NA,NA,NA,NA,NA,"ND",NA,2016-02-16,2016,"1",NA,NA
"167","38103",NA,"60317000","10",NA,NA,NA,NA,NA,NA,NA,NA,NA,"ND",NA,2016-02-16,2016,"1",NA,NA
"168","38103",NA,"70161000","10",NA,NA,NA,NA,NA,NA,NA,NA,NA,"121  HUGHES AVE NW SYKESTON ND 584867010",8000,2011-06-14,2011,"1",NA,NA
"169","38103",NA,"70341000","10",NA,NA,NA,NA,NA,NA,NA,NA,NA,"16  MAIN AVE S SYKESTON ND 584867105",66500,2016-01-15,2016,"1",NA,NA
"170","38103",NA,"70377000","10",NA,NA,NA,NA,NA,NA,NA,NA,NA,"35  MAIN AVE S SYKESTON ND 584867106",NA,2008-08-12,2008,"1",NA,NA
"171","38103",NA,"80256000","10",NA,NA,NA,NA,NA,NA,NA,NA,NA,"1005  BIRCH AVE  HARVEY ND 583411424",NA,2018-12-26,2018,"1",NA,NA
"172","38103",NA,"80264000","10",NA,NA,NA,NA,NA,NA,NA,NA,NA,"1020  LINCOLN AVE  HARVEY ND 583411526",27824.93,2006-08-08,2006,"1",NA,NA
"173","38103",NA,"80277000","10",NA,NA,NA,NA,NA,NA,NA,NA,NA,"ND",NA,2016-06-06,2016,"1",NA,NA
"174","38103",NA,"80296000","10",NA,NA,NA,NA,NA,NA,NA,NA,NA,"701  BURKE AVE  HARVEY ND 583411610",163687.5,2017-12-08,2017,"1",NA,NA
"175","38103",NA,"80371000","10",NA,NA,NA,NA,NA,NA,NA,NA,NA,"321  8TH ST W HARVEY ND 583411403",NA,2018-01-30,2018,"1",NA,NA
"176","38103",NA,"80429000","10",NA,NA,NA,NA,NA,NA,NA,NA,NA,"417  LINCOLN AVE  HARVEY ND 583411135",145000,2018-05-01,2018,"1",NA,NA
"177","38103",NA,"80432000","10",NA,NA,NA,NA,NA,NA,NA,NA,NA,"405  LINCOLN AVE  HARVEY ND 583411135",48125,2015-04-29,2015,"1",NA,NA
"178","38103",NA,"80437000","10",NA,NA,NA,NA,NA,NA,NA,NA,NA,"412  LINCOLN AVE  HARVEY ND 583411136",69750,2011-10-31,2011,"1",NA,NA
"179","38103",NA,"80490000","10",NA,NA,NA,NA,NA,NA,NA,NA,NA,"321  LINCOLN AVE  HARVEY ND 583411134",65000,2018-10-30,2018,"1",NA,NA
"180","38103",NA,"80520000","10",NA,NA,NA,NA,NA,NA,NA,NA,NA,"521  CLARK AVE  HARVEY ND 583411223",NA,2011-07-12,2011,"1",NA,NA
"181","38103",NA,"80522000","10",NA,NA,NA,NA,NA,NA,NA,NA,NA,"513  CLARK AVE  HARVEY ND 583411223",63000,2016-08-18,2016,"1",NA,NA
"182","38103",NA,"80529000","10",NA,NA,NA,NA,NA,NA,NA,NA,NA,"508  EMERSON AVE  HARVEY ND 583411228",65000,2018-09-14,2018,"1",NA,NA
"183","38103",NA,"80541000","10",NA,NA,NA,NA,NA,NA,NA,NA,NA,"501  DESMET AVE  HARVEY ND 583411251",NA,2015-12-08,2015,"1",NA,NA
"184","38103",NA,"80553000","10",NA,NA,NA,NA,NA,NA,NA,NA,NA,"405  DESMET AVE  HARVEY ND 583411231",79000,2005-08-19,2005,"1",NA,NA
"185","38103",NA,"80555000","10",NA,NA,NA,NA,NA,NA,NA,NA,NA,"400  DESMET AVE  HARVEY ND 583411232",215000,2018-12-28,2018,"1",NA,NA
"186","38103",NA,"80561000","10",NA,NA,NA,NA,NA,NA,NA,NA,NA,"417  CLARK AVE  HARVEY ND 583411221",17000,2010-11-26,2010,"1",NA,NA
"187","38103",NA,"80630000","10",NA,NA,NA,NA,NA,NA,NA,NA,NA,"301  BURKE AVE  HARVEY ND 583411126",107000,2015-12-16,2015,"1",NA,NA
"188","38103",NA,"80665000","10",NA,NA,NA,NA,NA,NA,NA,NA,NA,"508  CHERRY AVE  HARVEY ND 583411133",15000,2005-09-02,2005,"1",NA,NA
"189","38103",NA,"80714000","10",NA,NA,NA,NA,NA,NA,NA,NA,NA,"936  FRANKLIN AVE  HARVEY ND 583411916",NA,2015-02-09,2015,"1",NA,NA
"190","38103",NA,"80776000","10",NA,NA,NA,NA,NA,NA,NA,NA,NA,"512  BREWSTER ST E HARVEY ND 583411609",NA,2020-01-03,2020,"1",NA,NA
"191","38103",NA,"80788000","10",NA,NA,NA,NA,NA,NA,NA,NA,NA,"801  DIVINE AVE  HARVEY ND 583411617",43000,2004-12-02,2004,"1",NA,NA
"192","38103",NA,"80823000","10",NA,NA,NA,NA,NA,NA,NA,NA,NA,"1369  ELM AVE  HARVEY ND 583411723",63850,2008-08-14,2008,"7",NA,NA
"193","38103",NA,"80828000","10",NA,NA,NA,NA,NA,NA,NA,NA,NA,"1361  ELM AVE  HARVEY ND 583411723",70000,2018-09-21,2018,"1",NA,NA
"194","38103",NA,"80878000","10",NA,NA,NA,NA,NA,NA,NA,NA,NA,"625  JUDY BLVD  HARVEY ND 583411903",NA,2009-01-21,2009,"1",NA,NA
"195","38103",NA,"80961000","10",NA,NA,NA,NA,NA,NA,NA,NA,NA,"937  GARY AVE  HARVEY ND 583411913",NA,2019-10-02,2019,"1",NA,NA
"196","38103",NA,"81036000","10",NA,NA,NA,NA,NA,NA,NA,NA,NA,"400  HARVEY AVE  HARVEY ND 583411304",178606.39,2015-10-29,2015,"1",NA,NA
"197","38103",NA,"81052000","10",NA,NA,NA,NA,NA,NA,NA,NA,NA,"517  GRANT AVE  HARVEY ND 583411249",76000,2010-01-27,2010,"1",NA,NA
"198","38103",NA,"81076000","10",NA,NA,NA,NA,NA,NA,NA,NA,NA,"507  HARVEY AVE  HARVEY ND 583411305",71501.95,2015-02-18,2015,"1",NA,NA
"199","38103",NA,"81104000","10",NA,NA,NA,NA,NA,NA,NA,NA,NA,"1284  ALLEN AVE  HARVEY ND 583411708",55095.5,2006-05-12,2006,"1",NA,NA
"200","38103",NA,"81154000","10",NA,NA,NA,NA,NA,NA,NA,NA,NA,"ND",155000,2019-07-24,2019,"1",NA,NA
"201","38103",NA,"81187001","10",NA,NA,NA,NA,NA,NA,NA,NA,NA,"233  JACKSON AVE  HARVEY ND 583411321",155000,2016-10-15,2016,"1",NA,NA
"202","38103",NA,"81190000","10",NA,NA,NA,NA,NA,NA,NA,NA,NA,"215  JACKSON AVE  HARVEY ND 583411321",117100,2010-09-01,2010,"1",NA,NA
"203","38103",NA,"81216000","10",NA,NA,NA,NA,NA,NA,NA,NA,NA,"313  JACKSON AVE  HARVEY ND 583411317",40000,2011-08-16,2011,"7",NA,NA
"204","38103",NA,"81238000","10",NA,NA,NA,NA,NA,NA,NA,NA,NA,"218  DESMET AVE  HARVEY ND 583411204",75000,2005-01-13,2005,"1",NA,NA
"205","38103",NA,"81254000","10",NA,NA,NA,NA,NA,NA,NA,NA,NA,"401  NORTH ST E HARVEY ND 583411009",179000,2017-08-28,2017,"1",NA,NA
"206","38103",NA,"81265000","10",NA,NA,NA,NA,NA,NA,NA,NA,NA,"316  ALDER AVE  HARVEY ND 583411022",62668.75,2015-01-05,2015,"1",NA,NA
"207","38103",NA,"81437000","10",NA,NA,NA,NA,NA,NA,NA,NA,NA,"ND",344000,2019-05-15,2019,"1",NA,NA
"208","38103",NA,"34156001","10",16.91,736600,NA,NA,NA,NA,NA,NA,NA,"2971  13TH ST NE HARVEY ND 583419362",250000,2015-10-14,2015,"1",NA,NA
"209","38103",NA,"34171001","10",7.46,324958,NA,NA,NA,NA,NA,NA,NA,"2612  14TH ST NE HARVEY ND 583418520",NA,2009-12-16,2009,"1",NA,NA
"210","38103",NA,"36155000","10",2.01,87556,NA,NA,NA,NA,NA,NA,NA,"2884  HIGHWAY 52   HARVEY ND 583419392",37500,2011-03-15,2011,"1",NA,NA
"211","38103",NA,"45042000","10",NA,NA,NA,NA,NA,NA,NA,NA,NA,"23  2ND AVE  CATHAY ND 584224014",NA,2016-12-05,2016,"1",NA,NA
"212","38103",NA,"45046000","10",NA,NA,NA,NA,NA,NA,NA,NA,NA,"ND",NA,2018-11-05,2018,"1",NA,NA
"213","38103",NA,"45048000","10",NA,NA,NA,NA,NA,NA,NA,NA,NA,"115  2ND AVE  CATHAY ND 584224003",30625,2015-08-07,2015,"1",NA,NA
"214","38103",NA,"45136000","10",NA,NA,NA,NA,NA,NA,NA,NA,NA,"ND",NA,2018-11-05,2018,"1",NA,NA
"215","38103",NA,"45141000","10",NA,NA,NA,NA,NA,NA,NA,NA,NA,"ND",NA,2010-03-29,2010,"1",NA,NA
"216","38103",NA,"45177000","10",NA,NA,NA,NA,NA,NA,NA,NA,NA,"ND",NA,2012-06-19,2012,"1",NA,NA
"217","38103",NA,"50005000","10",NA,NA,NA,NA,NA,NA,NA,NA,NA,"ND",NA,2011-10-11,2011,"1",NA,NA
"218","38103",NA,"50021000","10",NA,NA,NA,NA,NA,NA,NA,NA,NA,"403  1ST ST N FESSENDEN ND 584387259",65000,2020-01-31,2020,"1",NA,NA
"219","38103",NA,"50022000","10",NA,NA,NA,NA,NA,NA,NA,NA,NA,"403  1ST ST N FESSENDEN ND 584387259",65000,2020-01-31,2020,"1",NA,NA
"220","38103",NA,"50096000","10",NA,NA,NA,NA,NA,NA,NA,NA,NA,"53  ELM AVE S FESSENDEN ND 58438",47831,2013-05-22,2013,"1",NA,NA
"221","38103",NA,"50105000","10",NA,NA,NA,NA,NA,NA,NA,NA,NA,"64  SPRUCE AVE  FESSENDEN ND 584387108",49931,2011-09-29,2011,"1",NA,NA
"222","38103",NA,"50241000","10",NA,NA,NA,NA,NA,NA,NA,NA,NA,"ND",7000,2019-11-29,2019,"1",NA,NA
"223","38103",NA,"50318000","10",NA,NA,NA,NA,NA,NA,NA,NA,NA,"1104  1ST ST NE FESSENDEN ND 58438",NA,2018-03-03,2018,"1",NA,NA
"224","38103",NA,"50335000","10",NA,NA,NA,NA,NA,NA,NA,NA,NA,"72  7TH AVE N FESSENDEN ND 584387402",13000,2011-07-14,2011,"1",NA,NA
"225","38103",NA,"50340000","10",NA,NA,NA,NA,NA,NA,NA,NA,NA,"114  7TH AVE N FESSENDEN ND 584387321",NA,2019-12-20,2019,"1",NA,NA
"226","38103",NA,"50353000","10",NA,NA,NA,NA,NA,NA,NA,NA,NA,"220  ELM AVE S FESSENDEN ND 584387147",71875,2017-11-17,2017,"1",NA,NA
"227","38103",NA,"50358000","10",NA,NA,NA,NA,NA,NA,NA,NA,NA,"229  MAIN AVE S FESSENDEN ND 584387103",50748.46,2017-08-08,2017,"1",NA,NA
"228","38103",NA,"50361000","10",NA,NA,NA,NA,NA,NA,NA,NA,NA,"134  MAIN AVE N FESSENDEN ND 584387254",10000,2009-11-13,2009,"1",NA,NA
"229","38103",NA,"50376000","10",NA,NA,NA,NA,NA,NA,NA,NA,NA,"229  ELM AVE S FESSENDEN ND 584387148",46125,2010-08-16,2010,"1",NA,NA
"230","38103",NA,"50554000","10",NA,NA,NA,NA,NA,NA,NA,NA,NA,"ND",181250,2011-06-30,2011,"1",NA,NA
"231","38103",NA,"50600000","10",0.26,11326,NA,NA,NA,NA,NA,NA,NA,"216  1ST ST S FESSENDEN ND 58438",28225,2015-05-08,2015,"1",NA,NA
"232","38103",NA,"55005000","10",NA,NA,NA,NA,NA,NA,NA,NA,NA,"59  47TH AVE NE HEATON ND 584189337",NA,2009-08-20,2009,"1",NA,NA
"233","38103",NA,"55084000","10",NA,NA,NA,NA,NA,NA,NA,NA,NA,"127  ENVILLE ST W BOWDON ND 584187128",9000,2018-08-29,2018,"1",NA,NA
"234","38103",NA,"55095000","10",NA,NA,NA,NA,NA,NA,NA,NA,NA,"ND",NA,2010-10-25,2010,"1",NA,NA
"235","38103",NA,"55133000","10",NA,NA,NA,NA,NA,NA,NA,NA,NA,"227  CHESTER AVE W BOWDON ND 584187124",66640,2017-08-18,2017,"1",NA,NA
"236","38103",NA,"55152000","10",NA,NA,NA,NA,NA,NA,NA,NA,NA,"123  CHESTER AVE W BOWDON ND 584187118",47500,2015-12-11,2015,"1",NA,NA
"237","38103",NA,"55202000","10",NA,NA,NA,NA,NA,NA,NA,NA,NA,"428  GREY AVE E BOWDON ND 584187110",18000,2016-08-17,2016,"1",NA,NA
"238","38103",NA,"55227000","10",NA,NA,NA,NA,NA,NA,NA,NA,NA,"ND",88000,2014-12-10,2014,"1",NA,NA
"239","38103",NA,"60041000","10",NA,NA,NA,NA,NA,NA,NA,NA,NA,"ND",NA,2017-08-14,2017,"1",NA,NA
"240","38103",NA,"60120000","10",NA,NA,NA,NA,NA,NA,NA,NA,NA,"ND",NA,2017-09-05,2017,"1",NA,NA
"241","38103",NA,"60122000","10",NA,NA,NA,NA,NA,NA,NA,NA,NA,"ND",NA,2017-09-05,2017,"1",NA,NA
"242","38103",NA,"60138000","10",NA,NA,NA,NA,NA,NA,NA,NA,NA,"213  MILLER AVE  HURDSFIELD ND 584515120",NA,2017-09-05,2017,"1",NA,NA
"243","38103",NA,"60190000","10",NA,NA,NA,NA,NA,NA,NA,NA,NA,"ND",35000,2019-02-05,2019,"1",NA,NA
"244","38103",NA,"60234000","10",NA,NA,NA,NA,NA,NA,NA,NA,NA,"411  MILLER AVE  HURDSFIELD ND 584519533",125100,2014-11-19,2014,"1",NA,NA
"245","38103",NA,"60239000","10",NA,NA,NA,NA,NA,NA,NA,NA,NA,"ND",80000,2018-08-09,2018,"1",NA,NA
"246","38103",NA,"05731000","10",NA,NA,NA,NA,NA,NA,NA,NA,NA,"ND",20000,2019-10-17,2019,"1",NA,NA
"247","38103",NA,"10072001","10",5.36,233482,NA,NA,NA,NA,NA,NA,NA,"1523  HIGHWAY 30   CATHAY ND 584229577",70000,2008-05-13,2008,"1",NA,NA
"248","38103","381039600001578","10127000","10",10,435600,NA,NA,NA,NA,NA,NA,NA,"5258  14TH ST NE CATHAY ND 584229586",58100,2018-12-03,2018,"1",47.615652,-99.424925
"249","38103","381039600001407","17004001","10",10,435600,NA,NA,NA,NA,NA,NA,NA,"2333  48TH AVE NE FESSENDEN ND 584389430",108283.11,2011-06-17,2011,"1",47.75041,-99.556087
"250","38103",NA,"18570000","10",NA,NA,NA,NA,NA,NA,NA,NA,NA,"ND",81319.14,2017-07-31,2017,"1",NA,NA
"251","38103",NA,"18625000","10",NA,NA,NA,NA,NA,NA,NA,NA,NA,"196  HIGHLAND ST  HEIMDAL ND 583418024",NA,2008-10-14,2008,"1",NA,NA
"252","38103","381039600003087","23111001","10",5.63,245243,NA,NA,NA,NA,NA,NA,NA,"3636  HIGHWAY 52   MANFRED ND 583418414",NA,2016-06-22,2016,"1",47.713894,-99.806819
"253","38103",NA,"70114000","10",NA,NA,NA,NA,NA,NA,NA,NA,NA,"ND",NA,2017-11-08,2017,"1",NA,NA
"254","38103",NA,"70152000","10",NA,NA,NA,NA,NA,NA,NA,NA,NA,"114  GRANT AVE NW SYKESTON ND 584867027",NA,2011-11-04,2011,"1",NA,NA
"255","38103",NA,"70448000","10",NA,NA,NA,NA,NA,NA,NA,NA,NA,"ND",NA,2012-01-10,2012,"1",NA,NA
"256","38103",NA,"70458000","10",1.29,56192,NA,NA,NA,NA,NA,NA,NA,"ND",14200,2009-01-19,2009,"1",NA,NA
"257","38103",NA,"80153000","10",NA,NA,NA,NA,NA,NA,NA,NA,NA,"714  ALDER AVE  HARVEY ND 583411507",NA,2017-04-24,2017,"1",NA,NA
"258","38103",NA,"80239000","10",NA,NA,NA,NA,NA,NA,NA,NA,NA,"917  ADAMS AVE  HARVEY ND 583411626",31250,2012-11-27,2012,"1",NA,NA
"259","38103",NA,"80258000","10",NA,NA,NA,NA,NA,NA,NA,NA,NA,"1001  BIRCH AVE  HARVEY ND 583411424",NA,2017-10-04,2017,"1",NA,NA
"260","38103",NA,"80267000","10",NA,NA,NA,NA,NA,NA,NA,NA,NA,"1017  ALDER AVE  HARVEY ND 583411512",75000,2015-12-04,2015,"1",NA,NA
"261","38103",NA,"80298000","10",NA,NA,NA,NA,NA,NA,NA,NA,NA,"709  BURKE AVE  HARVEY ND 583411610",30000,2006-05-10,2006,"1",NA,NA
"262","38103",NA,"80362000","10",NA,NA,NA,NA,NA,NA,NA,NA,NA,"812  BIRCH AVE  HARVEY ND 583411421",124062.35,2014-01-03,2014,"1",NA,NA
"263","38103",NA,"80366000","10",NA,NA,NA,NA,NA,NA,NA,NA,NA,"320  9TH ST W HARVEY ND 583411409",124000,2019-01-21,2019,"1",NA,NA
"264","38103",NA,"80426000","10",NA,NA,NA,NA,NA,NA,NA,NA,NA,"416  ADAMS AVE  HARVEY ND 583411115",NA,2016-04-25,2016,"1",NA,NA
"265","38103",NA,"80438000","10",NA,NA,NA,NA,NA,NA,NA,NA,NA,"416  LINCOLN AVE  HARVEY ND 583411136",65000,2014-10-13,2014,"1",NA,NA
"266","38103",NA,"80457000","10",NA,NA,NA,NA,NA,NA,NA,NA,NA,"501  ALDER AVE  HARVEY ND 583411120",79000,2011-10-12,2011,"1",NA,NA
"267","38103",NA,"80485000","10",NA,NA,NA,NA,NA,NA,NA,NA,NA,"212  5TH ST W HARVEY ND 583411106",80000,2015-03-26,2015,"1",NA,NA
"268","38103",NA,"80505000","10",NA,NA,NA,NA,NA,NA,NA,NA,NA,"512  CLARK AVE  HARVEY ND 583411224",33000,2005-12-20,2005,"1",NA,NA
"269","38103",NA,"80506000","10",NA,NA,NA,NA,NA,NA,NA,NA,NA,"516  CLARK AVE  HARVEY ND 583411224",337563,2019-11-19,2019,"1",NA,NA
"270","38103",NA,"80510000","10",NA,NA,NA,NA,NA,NA,NA,NA,NA,"513  BURKE AVE  HARVEY ND 583411130",NA,2015-01-16,2015,"1",NA,NA
"271","38103",NA,"80526000","10",NA,NA,NA,NA,NA,NA,NA,NA,NA,"500  EMERSON AVE  HARVEY ND 583411228",NA,2011-02-10,2011,"1",NA,NA
"272","38103",NA,"80532000","10",NA,NA,NA,NA,NA,NA,NA,NA,NA,"516  6TH ST E HARVEY ND 583411229",NA,2018-02-08,2018,"1",NA,NA
"273","38103",NA,"80556000","10",NA,NA,NA,NA,NA,NA,NA,NA,NA,"400  DESMET AVE  HARVEY ND 583411232",215100,2018-12-28,2018,"1",NA,NA
"274","38103",NA,"80582000","10",NA,NA,NA,NA,NA,NA,NA,NA,NA,"420  BURKE AVE  HARVEY ND 583411129",NA,2012-07-09,2012,"1",NA,NA
"275","38103",NA,"80634000","10",NA,NA,NA,NA,NA,NA,NA,NA,NA,"911  DIVINE AVE  HARVEY ND 583411809",35000,2019-05-21,2019,"1",NA,NA
"276","38103",NA,"80652000","10",NA,NA,NA,NA,NA,NA,NA,NA,NA,"555  BREWSTER ST E HARVEY ND 583411608",NA,2012-03-15,2012,"1",NA,NA
"277","38103",NA,"80670000","10",NA,NA,NA,NA,NA,NA,NA,NA,NA,"509  CHERRY AVE  HARVEY ND 58341",NA,2014-07-09,2014,"1",NA,NA
"278","38103",NA,"80676000","10",NA,NA,NA,NA,NA,NA,NA,NA,NA,"508  PLEASANT ST  HARVEY ND 583411908",106500,2007-10-16,2007,"1",NA,NA
"279","38103",NA,"80688000","10",NA,NA,NA,NA,NA,NA,NA,NA,NA,"604  PLEASANT ST  HARVEY ND 583411910",46510.5,2015-02-12,2015,"1",NA,NA
"280","38103",NA,"80690000","10",NA,NA,NA,NA,NA,NA,NA,NA,NA,"612  PLEASANT ST  HARVEY ND 583411910",130000,2019-06-03,2019,"1",NA,NA
"281","38103",NA,"80696000","10",NA,NA,NA,NA,NA,NA,NA,NA,NA,"636  PLEASANT ST  HARVEY ND 58341",NA,2012-04-17,2012,"1",NA,NA
"282","38103",NA,"80709000","10",NA,NA,NA,NA,NA,NA,NA,NA,NA,"629  PLEASANT ST  HARVEY ND 583411909",48000,2013-06-07,2013,"1",NA,NA
"283","38103",NA,"80744000","10",NA,NA,NA,NA,NA,NA,NA,NA,NA,"221  BREWSTER ST E HARVEY ND 583411604",151875,2014-06-02,2014,"1",NA,NA
"284","38103",NA,"80769000","10",NA,NA,NA,NA,NA,NA,NA,NA,NA,"123  BREWSTER ST E HARVEY ND 583411516",5000,2018-05-29,2018,"1",NA,NA
"285","38103",NA,"80780000","10",NA,NA,NA,NA,NA,NA,NA,NA,NA,"520  BREWSTER ST E HARVEY ND 583411609",NA,2011-04-18,2011,"1",NA,NA
"286","38103",NA,"80781000","10",NA,NA,NA,NA,NA,NA,NA,NA,NA,"524  BREWSTER ST E HARVEY ND 583411609",30000,2010-06-30,2010,"1",NA,NA
"287","38103",NA,"80839000","10",NA,NA,NA,NA,NA,NA,NA,NA,NA,"518  JUDY BLVD  HARVEY ND 583411902",50000,2011-06-23,2011,"1",NA,NA
"288","38103",NA,"80842000","10",NA,NA,NA,NA,NA,NA,NA,NA,NA,"536  JUDY BLVD  HARVEY ND 583411902",NA,2011-06-16,2011,"1",NA,NA
"289","38103",NA,"80866000","10",NA,NA,NA,NA,NA,NA,NA,NA,NA,"643  JUDY BLVD  HARVEY ND 583411903",63000,2005-04-16,2005,"1",NA,NA
"290","38103",NA,"80898000","10",NA,NA,NA,NA,NA,NA,NA,NA,NA,"620  5TH ST E HARVEY ND 583411238",125000,2019-03-01,2019,"1",NA,NA
"291","38103",NA,"80922000","10",NA,NA,NA,NA,NA,NA,NA,NA,NA,"600  6TH ST E HARVEY ND 583411257",56250,2010-09-02,2010,"1",NA,NA
"292","38103",NA,"80947000","10",NA,NA,NA,NA,NA,NA,NA,NA,NA,"913  FRANKLIN AVE  HARVEY ND 583411911",104128.98,2014-06-02,2014,"1",NA,NA
"293","38103",NA,"80953000","10",NA,NA,NA,NA,NA,NA,NA,NA,NA,"930  BUSINESS 52   HARVEY ND 583411925",NA,2017-08-30,2017,"1",NA,NA
"294","38103",NA,"80971000","10",NA,NA,NA,NA,NA,NA,NA,NA,NA,"725  JUDY BLVD  HARVEY ND 583411905",110000,2006-09-01,2006,"1",NA,NA
"295","38103",NA,"81047000","10",NA,NA,NA,NA,NA,NA,NA,NA,NA,"518  HARVEY AVE  HARVEY ND 583411306",107500,2018-11-01,2018,"1",NA,NA
"296","38103",NA,"23567000","10",NA,NA,NA,NA,NA,NA,NA,NA,NA,"ND",NA,2017-09-21,2017,"1",NA,NA
"297","38103",NA,"24520000","10",NA,NA,NA,NA,NA,NA,NA,NA,NA,"124  DAKOTA ST  HARVEY ND 583418302",NA,2017-08-10,2017,"1",NA,NA
"298","38103",NA,"34016000","10",6.02,262231,NA,NA,NA,NA,NA,NA,NA,"2740  18TH ST NE HARVEY ND 583419349",50000,2006-07-11,2006,"1",NA,NA
"299","38103",NA,"36237000","10",2.74,119354,NA,NA,NA,NA,NA,NA,NA,"2979  24TH ST NE HARVEY ND 583419332",315688.75,2015-09-04,2015,"1",NA,NA
"300","38103",NA,"45184000","10",NA,NA,NA,NA,NA,NA,NA,NA,NA,"120  3RD AVE  CATHAY ND 58422",63733.6,2007-02-20,2007,"1",NA,NA
"301","38103",NA,"50035000","10",NA,NA,NA,NA,NA,NA,NA,NA,NA,"503  1ST ST N FESSENDEN ND 584387257",85100,2012-06-29,2012,"1",NA,NA
"302","38103",NA,"50216000","10",NA,NA,NA,NA,NA,NA,NA,NA,NA,"1106  1ST ST NE FESSENDEN ND 58438",14000,2017-01-30,2017,"1",NA,NA
"303","38103",NA,"50249000","10",NA,NA,NA,NA,NA,NA,NA,NA,NA,"ND",NA,2017-07-24,2017,"1",NA,NA
"304","38103",NA,"50250000","10",NA,NA,NA,NA,NA,NA,NA,NA,NA,"ND",NA,2017-07-24,2017,"1",NA,NA
"305","38103",NA,"50388000","10",NA,NA,NA,NA,NA,NA,NA,NA,NA,"220  2ND ST S FESSENDEN ND 584387104",17100,2013-07-09,2013,"1",NA,NA
"306","38103",NA,"50405000","10",NA,NA,NA,NA,NA,NA,NA,NA,NA,"915  4TH ST NE FESSENDEN ND 584387311",1e+05,2019-11-22,2019,"1",NA,NA
"307","38103",NA,"50407000","10",0.32,13939,NA,NA,NA,NA,NA,NA,NA,"ND",NA,2018-12-03,2018,"1",NA,NA
"308","38103",NA,"50524000","10",NA,NA,NA,NA,NA,NA,NA,NA,NA,"103  4TH AVE N FESSENDEN ND 584387209",44000,2018-08-10,2018,"1",NA,NA
"309","38103",NA,"50526000","10",NA,NA,NA,NA,NA,NA,NA,NA,NA,"114  3RD AVE N FESSENDEN ND 584387206",97686.25,2016-07-28,2016,"1",NA,NA
"310","38103",NA,"50536000","10",NA,NA,NA,NA,NA,NA,NA,NA,NA,"407  2ND ST N FESSENDEN ND 584387201",95000,2016-11-03,2016,"1",NA,NA
"311","38103",NA,"50546000","10",NA,NA,NA,NA,NA,NA,NA,NA,NA,"218  1ST ST N FESSENDEN ND 584387210",121500,2015-09-30,2015,"1",NA,NA
"312","38103",NA,"50550000","10",NA,NA,NA,NA,NA,NA,NA,NA,NA,"115  3RD AVE N FESSENDEN ND 584387207",29500,2007-09-28,2007,"1",NA,NA
"313","38103",NA,"55132000","10",NA,NA,NA,NA,NA,NA,NA,NA,NA,"227  CHESTER AVE W BOWDON ND 584187124",66640,2017-08-18,2017,"1",NA,NA
"314","38103",NA,"55162000","10",NA,NA,NA,NA,NA,NA,NA,NA,NA,"219  RICHARD AVE W BOWDON ND 584187104",NA,2014-12-17,2014,"1",NA,NA
"315","38103",NA,"55185000","10",NA,NA,NA,NA,NA,NA,NA,NA,NA,"ND",20000,2019-02-05,2019,"1",NA,NA
"316","38103",NA,"60118000","10",NA,NA,NA,NA,NA,NA,NA,NA,NA,"115  BOODY AVE  HURDSFIELD ND 584515126",NA,2016-02-11,2016,"1",NA,NA
"317","38103",NA,"60195000","10",NA,NA,NA,NA,NA,NA,NA,NA,NA,"ND",18000,2016-01-29,2016,"7",NA,NA
"318","38103",NA,"60236000","10",NA,NA,NA,NA,NA,NA,NA,NA,NA,"ND",80000,2018-08-09,2018,"1",NA,NA
"319","38103",NA,"60238000","10",NA,NA,NA,NA,NA,NA,NA,NA,NA,"ND",80100,2018-08-09,2018,"1",NA,NA
"320","38103",NA,"60316000","10",NA,NA,NA,NA,NA,NA,NA,NA,NA,"ND",NA,2016-02-16,2016,"1",NA,NA
"321","38103",NA,"81127000","10",NA,NA,NA,NA,NA,NA,NA,NA,NA,"1524  GARFIELD ST  HARVEY ND 583411806",123927,2005-08-23,2005,"1",NA,NA
"322","38103",NA,"81149000","10",NA,NA,NA,NA,NA,NA,NA,NA,NA,"1537  GARFIELD ST  HARVEY ND 583411805",222000,2011-06-02,2011,"1",NA,NA
"323","38103",NA,"81161000","10",NA,NA,NA,NA,NA,NA,NA,NA,NA,"1600  GARFIELD ST  HARVEY ND 583411808",169000,2010-09-23,2010,"1",NA,NA
"324","38103",NA,"81183000","10",NA,NA,NA,NA,NA,NA,NA,NA,NA,"1004  2ND ST E HARVEY ND 583411345",192000,2014-09-02,2014,"1",NA,NA
"325","38103",NA,"81188000","10",NA,NA,NA,NA,NA,NA,NA,NA,NA,"227  JACKSON AVE  HARVEY ND 583411321",158698.75,2012-01-20,2012,"1",NA,NA
"326","38103",NA,"81241000","10",NA,NA,NA,NA,NA,NA,NA,NA,NA,"308  DESMET AVE  HARVEY ND 583411205",NA,2018-06-08,2018,"1",NA,NA
"327","38103",NA,"81250000","10",NA,NA,NA,NA,NA,NA,NA,NA,NA,"225  CLARK AVE  HARVEY ND 583411217",78500,2014-08-14,2014,"1",NA,NA
"328","38103",NA,"24525000","10",NA,NA,NA,NA,NA,NA,NA,NA,NA,"ND",NA,2016-07-22,2016,"1",NA,NA
"329","38103",NA,"24526000","10",NA,NA,NA,NA,NA,NA,NA,NA,NA,"ND",NA,2016-07-22,2016,"1",NA,NA
"330","38103",NA,"30116000","10",0.81,35284,NA,NA,NA,NA,NA,NA,NA,"2613  32ND AVE NE HARVEY ND 583418604",140000,2019-08-16,2019,"1",NA,NA
"331","38103",NA,"30119000","10",2.78,121097,NA,NA,NA,NA,NA,NA,NA,"1507  PEACEFUL VALLEY DR  HARVEY ND 583418605",8000,2018-08-30,2018,"1",NA,NA
"332","38103",NA,"30537000","10",0.26,11326,NA,NA,NA,NA,NA,NA,NA,"1605  DUNN DR  HARVEY ND 583418601",117500,2020-01-03,2020,"1",NA,NA
"333","38103",NA,"30538000","10",0.26,11326,NA,NA,NA,NA,NA,NA,NA,"ND",NA,2018-11-07,2018,"1",NA,NA
"334","38103",NA,"36122000","10",17,740520,NA,NA,NA,NA,NA,NA,NA,"2744  HIGHWAY 52   HARVEY ND 583419393",167413.75,2005-05-27,2005,"1",NA,NA
"335","38103",NA,"36144001","10",16.55,720918,NA,NA,NA,NA,NA,NA,NA,"2931  25TH ST NE HARVEY ND 583419301",NA,2017-08-02,2017,"1",NA,NA
"336","38103",NA,"45047000","10",NA,NA,NA,NA,NA,NA,NA,NA,NA,"ND",NA,2018-11-05,2018,"1",NA,NA
"337","38103",NA,"45095000","10",NA,NA,NA,NA,NA,NA,NA,NA,NA,"215  2ND AVE  CATHAY ND 584224006",NA,2011-11-15,2011,"1",NA,NA
"338","38103",NA,"45134000","10",NA,NA,NA,NA,NA,NA,NA,NA,NA,"ND",NA,2018-11-05,2018,"1",NA,NA
"339","38103",NA,"45150000","10",NA,NA,NA,NA,NA,NA,NA,NA,NA,"ND",NA,2010-05-20,2010,"1",NA,NA
"340","38103",NA,"50032000","10",NA,NA,NA,NA,NA,NA,NA,NA,NA,"111  6TH AVE N FESSENDEN ND 584387243",105000,2019-11-18,2019,"1",NA,NA
"341","38103",NA,"50046000","10",NA,NA,NA,NA,NA,NA,NA,NA,NA,"103  7TH AVE N FESSENDEN ND 58438",140625,2018-10-01,2018,"1",NA,NA
"342","38103",NA,"50185000","10",NA,NA,NA,NA,NA,NA,NA,NA,NA,"413  2ND ST S FESSENDEN ND 58438",NA,2017-01-05,2017,"1",NA,NA
"343","38103",NA,"50187000","10",NA,NA,NA,NA,NA,NA,NA,NA,NA,"409  2ND ST S FESSENDEN ND 584387119",NA,2018-06-21,2018,"1",NA,NA
"344","38103",NA,"50202000","10",NA,NA,NA,NA,NA,NA,NA,NA,NA,"304  1ST ST S FESSENDEN ND 58438",129000,2016-03-18,2016,"1",NA,NA
"345","38103",NA,"50207000","10",NA,NA,NA,NA,NA,NA,NA,NA,NA,"903  1ST ST NE FESSENDEN ND 58438",NA,2011-07-06,2011,"1",NA,NA
"346","38103",NA,"50238000","10",NA,NA,NA,NA,NA,NA,NA,NA,NA,"1022  2ND ST NE FESSENDEN ND 58438",87000,2016-12-13,2016,"1",NA,NA
"347","38103",NA,"50242000","10",NA,NA,NA,NA,NA,NA,NA,NA,NA,"1002  2ND ST NE FESSENDEN ND 584387408",85000,2019-11-29,2019,"1",NA,NA
"348","38103",NA,"50292000","10",NA,NA,NA,NA,NA,NA,NA,NA,NA,"908  3RD ST NE FESSENDEN ND 584387304",108750,2016-01-26,2016,"1",NA,NA
"349","38103",NA,"50315000","10",0.33,14375,NA,NA,NA,NA,NA,NA,NA,"1211  2ND ST NE FESSENDEN ND 584387413",60000,2010-05-14,2010,"1",NA,NA
"350","38103",NA,"50320000","10",0.26,11326,NA,NA,NA,NA,NA,NA,NA,"ND",750100,2015-04-07,2015,"1",NA,NA
"351","38103",NA,"50331000","10",NA,NA,NA,NA,NA,NA,NA,NA,NA,"719  COURT ST  FESSENDEN ND 584387400",20000,2010-08-10,2010,"7",NA,NA
"352","38103",NA,"50396000","10",NA,NA,NA,NA,NA,NA,NA,NA,NA,"909  3RD ST NE FESSENDEN ND 584387305",35000,2016-09-30,2016,"1",NA,NA
"353","38103",NA,"50426000","10",0.36,15682,NA,NA,NA,NA,NA,NA,NA,"ND",NA,2011-08-31,2011,"1",NA,NA
"354","38103",NA,"50511000","10",NA,NA,NA,NA,NA,NA,NA,NA,NA,"214  MAIN AVE S FESSENDEN ND 584387102",64000,2015-10-05,2015,"1",NA,NA
"355","38103",NA,"50553000","10",NA,NA,NA,NA,NA,NA,NA,NA,NA,"214  COUNTY HIGHWAY 1   FESSENDEN ND 584389326",106250,2019-05-03,2019,"1",NA,NA
"356","38103",NA,"50589000","10",0.17,7405,NA,NA,NA,NA,NA,NA,NA,"221  1ST ST S FESSENDEN ND 584387122",27000,2010-08-10,2010,"1",NA,NA
"357","38103",NA,"50591000","10",0.17,7405,NA,NA,NA,NA,NA,NA,NA,"217  1ST ST S FESSENDEN ND 584387122",NA,2017-11-28,2017,"1",NA,NA
"358","38103",NA,"50598000","10",0.24,10454,NA,NA,NA,NA,NA,NA,NA,"101  SPRUCE AVE  FESSENDEN ND 58438",80000,2012-05-24,2012,"1",NA,NA
"359","38103",NA,"55124000","10",NA,NA,NA,NA,NA,NA,NA,NA,NA,"215  DUNHAM ST W BOWDON ND 58418",62566.14,2007-05-22,2007,"1",NA,NA
"360","38103",NA,"60042000","10",NA,NA,NA,NA,NA,NA,NA,NA,NA,"131  MILLER AVE  HURDSFIELD ND 584515121",NA,2017-07-31,2017,"1",NA,NA
"361","38103",NA,"60106000","10",NA,NA,NA,NA,NA,NA,NA,NA,NA,"ND",106250,2016-01-04,2016,"1",NA,NA
"362","38103",NA,"60117000","10",NA,NA,NA,NA,NA,NA,NA,NA,NA,"115  BOODY AVE  HURDSFIELD ND 584515126",NA,2016-02-11,2016,"1",NA,NA
"363","38103",NA,"60185000","10",NA,NA,NA,NA,NA,NA,NA,NA,NA,"ND",NA,2018-02-13,2018,"1",NA,NA
"364","38103",NA,"60188000","10",NA,NA,NA,NA,NA,NA,NA,NA,NA,"ND",35000,2019-02-05,2019,"1",NA,NA
"365","38103",NA,"60191000","10",NA,NA,NA,NA,NA,NA,NA,NA,NA,"ND",NA,2009-08-13,2009,"1",NA,NA
"366","38103",NA,"60237000","10",NA,NA,NA,NA,NA,NA,NA,NA,NA,"120  4TH ST W HURDSFIELD ND 584515107",80000,2018-08-09,2018,"1",NA,NA
"367","38103",NA,"70080000","10",NA,NA,NA,NA,NA,NA,NA,NA,NA,"ND",30000,2010-09-24,2010,"1",NA,NA
"368","38103",NA,"70164000","10",NA,NA,NA,NA,NA,NA,NA,NA,NA,"452  3RD ST S CARRINGTON ND 584212123",NA,2016-01-29,2016,"1",NA,NA
"369","38103",NA,"80124000","10",NA,NA,NA,NA,NA,NA,NA,NA,NA,"804  BURKE AVE  HARVEY ND 583411612",5000,2009-10-20,2009,"1",NA,NA
"370","38103",NA,"80128000","10",NA,NA,NA,NA,NA,NA,NA,NA,NA,"818  BURKE AVE  HARVEY ND 583411612",17000,2004-10-04,2004,"1",NA,NA
"371","38103",NA,"80164000","10",NA,NA,NA,NA,NA,NA,NA,NA,NA,"800  ALDER AVE  HARVEY ND 583411509",20000,2018-07-17,2018,"1",NA,NA
"372","38103",NA,"80169000","10",NA,NA,NA,NA,NA,NA,NA,NA,NA,"816  ALDER AVE  HARVEY ND 583411509",32000,2018-10-02,2018,"1",NA,NA
"373","38103",NA,"80180000","10",NA,NA,NA,NA,NA,NA,NA,NA,NA,"900  ALDER AVE  HARVEY ND 583411511",NA,2017-06-06,2017,"1",NA,NA
"374","38103",NA,"80186000","10",NA,NA,NA,NA,NA,NA,NA,NA,NA,"220  10TH ST W HARVEY ND 583411413",18055,2006-12-30,2006,"1",NA,NA
"375","38103",NA,"80240000","10",NA,NA,NA,NA,NA,NA,NA,NA,NA,"913  ADAMS AVE  HARVEY ND 583411626",42500,2012-01-20,2012,"1",NA,NA
"376","38103",NA,"80266000","10",NA,NA,NA,NA,NA,NA,NA,NA,NA,"1021  ALDER AVE  HARVEY ND 583411512",24000,2018-05-15,2018,"1",NA,NA
"377","38103",NA,"80304000","10",NA,NA,NA,NA,NA,NA,NA,NA,NA,"318  8TH ST E HARVEY ND 583411603",NA,2009-12-30,2009,"1",NA,NA
"378","38103",NA,"80309000","10",NA,NA,NA,NA,NA,NA,NA,NA,NA,"808  DIVINE AVE  HARVEY ND 583411649",6000,2019-06-03,2019,"1",NA,NA
"379","38103",NA,"80319000","10",NA,NA,NA,NA,NA,NA,NA,NA,NA,"1105  ALDER AVE  HARVEY ND 583411514",NA,2010-10-13,2010,"1",NA,NA
"380","38103",NA,"80382000","10",NA,NA,NA,NA,NA,NA,NA,NA,NA,"709  CEDAR AVE  HARVEY ND 583411428",45000,2020-02-04,2020,"1",NA,NA
"381","38103",NA,"80386001","10",NA,NA,NA,NA,NA,NA,NA,NA,NA,"704  CEDAR AVE  HARVEY ND 583411429",45000,2010-09-20,2010,"1",NA,NA
"382","38103",NA,"80389000","10",NA,NA,NA,NA,NA,NA,NA,NA,NA,"716  CEDAR AVE  HARVEY ND 583411429",19950,2007-09-24,2007,"1",NA,NA
"383","38103",NA,"80390000","10",NA,NA,NA,NA,NA,NA,NA,NA,NA,"720  CEDAR AVE  HARVEY ND 583411429",106250,2013-06-27,2013,"1",NA,NA
"384","38103",NA,"80403000","10",NA,NA,NA,NA,NA,NA,NA,NA,NA,"820  CEDAR AVE  HARVEY ND 583411431",55100,2011-12-02,2011,"1",NA,NA
"385","38103",NA,"80407000","10",NA,NA,NA,NA,NA,NA,NA,NA,NA,"421  8TH ST W HARVEY ND 583411400",78000,2014-09-12,2014,"1",NA,NA
"386","38103",NA,"80443000","10",NA,NA,NA,NA,NA,NA,NA,NA,NA,"409  ALDER AVE  HARVEY ND 583411118",NA,2017-11-14,2017,"1",NA,NA
"387","38103",NA,"80468000","10",NA,NA,NA,NA,NA,NA,NA,NA,NA,"505  LINCOLN AVE  HARVEY ND 583411137",40000,2012-04-19,2012,"6",NA,NA
"388","38103",NA,"80470000","10",NA,NA,NA,NA,NA,NA,NA,NA,NA,"500  ALDER AVE  HARVEY ND 583411121",63750,2014-06-23,2014,"1",NA,NA
"389","38103",NA,"80542000","10",NA,NA,NA,NA,NA,NA,NA,NA,NA,"400  EMERSON AVE  HARVEY ND 583411226",30000,2019-05-20,2019,"1",NA,NA
"390","38103",NA,"80565000","10",NA,NA,NA,NA,NA,NA,NA,NA,NA,"401  CLARK AVE  HARVEY ND 583411221",66276.25,2017-11-06,2017,"1",NA,NA
"391","38103",NA,"80573000","10",NA,NA,NA,NA,NA,NA,NA,NA,NA,"417  BURKE AVE  HARVEY ND 583411128",100865,2013-12-10,2013,"1",NA,NA
"392","38103",NA,"80576000","10",NA,NA,NA,NA,NA,NA,NA,NA,NA,"405  BURKE AVE  HARVEY ND 583411128",17500,2015-02-11,2015,"1",NA,NA
"393","38103",NA,"80579000","10",NA,NA,NA,NA,NA,NA,NA,NA,NA,"404  BURKE AVE  HARVEY ND 583411129",123200,2009-08-31,2009,"1",NA,NA
"394","38103",NA,"80663000","10",NA,NA,NA,NA,NA,NA,NA,NA,NA,"500  CHERRY AVE  HARVEY ND 58341",NA,2012-08-13,2012,"1",NA,NA
"395","38103",NA,"80669000","10",NA,NA,NA,NA,NA,NA,NA,NA,NA,"505  CHERRY AVE  HARVEY ND 583411132",NA,2013-06-19,2013,"3",NA,NA
"396","38103",NA,"80692000","10",NA,NA,NA,NA,NA,NA,NA,NA,NA,"620  PLEASANT ST  HARVEY ND 583411910",36500,2004-11-12,2004,"1",NA,NA
"397","38103",NA,"80713000","10",NA,NA,NA,NA,NA,NA,NA,NA,NA,"641  PLEASANT ST  HARVEY ND 583411909",32000,2006-12-21,2006,"1",NA,NA
"398","38103",NA,"80759000","10",1.03,44867,NA,NA,NA,NA,NA,NA,NA,"1005  COULEE AVE  HARVEY ND 583411830",150000,2018-11-27,2018,"1",NA,NA
"399","38103",NA,"80789000","10",NA,NA,NA,NA,NA,NA,NA,NA,NA,"801  DIVINE AVE  HARVEY ND 583411617",NA,2010-06-08,2010,"1",NA,NA
"400","38103",NA,"80795000","10",NA,NA,NA,NA,NA,NA,NA,NA,NA,"912  ALLEN AVE  HARVEY ND 583411706",55625,2010-12-11,2010,"1",NA,NA
"401","38103",NA,"80857000","10",NA,NA,NA,NA,NA,NA,NA,NA,NA,"537  JUDY BLVD  HARVEY ND 583411901",72300,2006-12-06,2006,"1",NA,NA
"402","38103",NA,"80892000","10",NA,NA,NA,NA,NA,NA,NA,NA,NA,"408  FRANKLIN AVE  HARVEY ND 583411207",NA,2009-01-23,2009,"1",NA,NA
"403","38103",NA,"80893000","10",NA,NA,NA,NA,NA,NA,NA,NA,NA,"609  4TH ST E HARVEY ND 583411201",63000,2018-09-27,2018,"1",NA,NA
"404","38103",NA,"80909000","10",NA,NA,NA,NA,NA,NA,NA,NA,NA,"509  EMERSON AVE  HARVEY ND 583411227",NA,2017-06-30,2017,"1",NA,NA
"405","38103",NA,"80913000","10",NA,NA,NA,NA,NA,NA,NA,NA,NA,"508  GRANT AVE  HARVEY ND 583411250",85000,2019-10-30,2019,"1",NA,NA
"406","38103",NA,"80914000","10",NA,NA,NA,NA,NA,NA,NA,NA,NA,"512  GRANT AVE  HARVEY ND 583411250",NA,2009-02-27,2009,"1",NA,NA
"407","38103",NA,"80965000","10",NA,NA,NA,NA,NA,NA,NA,NA,NA,"701  JUDY BLVD  HARVEY ND 583411905",55000,2010-06-29,2010,"1",NA,NA
"408","38103",NA,"81097000","10",NA,NA,NA,NA,NA,NA,NA,NA,NA,"1279  ALLEN AVE  HARVEY ND 583411707",NA,2012-02-01,2012,"1",NA,NA
"409","38103",NA,"81114000","10",NA,NA,NA,NA,NA,NA,NA,NA,NA,"1529  ADVENT ST  HARVEY ND 583411801",84987,2007-04-20,2007,"1",NA,NA
"410","38103",NA,"81128000","10",NA,NA,NA,NA,NA,NA,NA,NA,NA,"1528  GARFIELD ST  HARVEY ND 583411806",131250,2013-09-17,2013,"1",NA,NA
"411","38103",NA,"81152000","10",NA,NA,NA,NA,NA,NA,NA,NA,NA,"1521  GARFIELD ST  HARVEY ND 583411805",205000,2008-10-30,2008,"1",NA,NA
"412","38103",NA,"81155000","10",NA,NA,NA,NA,NA,NA,NA,NA,NA,"1511  GARFIELD ST  HARVEY ND 583411805",155000,2019-07-24,2019,"1",NA,NA
"413","38103",NA,"81165000","10",NA,NA,NA,NA,NA,NA,NA,NA,NA,"1616  GARFIELD ST  HARVEY ND 583411808",120500,2005-11-29,2005,"1",NA,NA
"414","38103",NA,"81168000","10",NA,NA,NA,NA,NA,NA,NA,NA,NA,"1609  GARFIELD ST  HARVEY ND 583411807",272100,2015-02-20,2015,"1",NA,NA
"415","38103",NA,"81211000","10",NA,NA,NA,NA,NA,NA,NA,NA,NA,"343  JACKSON AVE  HARVEY ND 583411348",NA,2018-03-27,2018,"1",NA,NA
"416","38103",NA,"81329000","10",NA,NA,NA,NA,NA,NA,NA,NA,NA,"813  MEADOW LN  HARVEY ND 583411252",40000,2010-05-07,2010,"1",NA,NA
"417","38103",NA,"81334000","10",NA,NA,NA,NA,NA,NA,NA,NA,NA,"836  MEADOW LN  HARVEY ND 583411200",30100,2014-12-02,2014,"1",NA,NA
"418","38103",NA,"81425011","10",2.74,119354,NA,NA,NA,NA,NA,NA,NA,"1746  FLORENCE AVE  HARVEY ND 583411823",320625,2017-02-28,2017,"1",NA,NA
"419","38103",NA,"06218001","10",14.55,633798,NA,NA,NA,NA,NA,NA,NA,"2478  58TH AVE NE SHEYENNE ND 583749002",155000,2019-05-01,2019,"1",NA,NA
"420","38103",NA,"10160000","10",14.2,618552,NA,NA,NA,NA,NA,NA,NA,"1274  50TH AVE NE CATHAY ND 584229582",245000,2016-12-22,2016,"1",NA,NA
"421","38103",NA,"16135001","10",5.39,234788,NA,NA,NA,NA,NA,NA,NA,"1427  44TH AVE NE FESSENDEN ND 584389304",77805,2006-09-15,2006,"1",NA,NA
"422","38103",NA,"23566000","10",NA,NA,NA,NA,NA,NA,NA,NA,NA,"ND",NA,2017-09-21,2017,"1",NA,NA
"423","38103",NA,"23568000","10",NA,NA,NA,NA,NA,NA,NA,NA,NA,"ND",NA,2017-09-21,2017,"1",NA,NA
"424","38103",NA,"24524000","10",NA,NA,NA,NA,NA,NA,NA,NA,NA,"ND",NA,2016-07-22,2016,"1",NA,NA
"425","38103",NA,"24577000","10",NA,NA,NA,NA,NA,NA,NA,NA,NA,"ND",NA,2018-08-06,2018,"1",NA,NA
"426","38103",NA,"29067002","10",1,43560,NA,NA,NA,NA,NA,NA,NA,"2229  HIGHWAY 3  NE HARVEY ND 583419339",186000,2019-06-03,2019,"1",NA,NA
"427","38103",NA,"36145000","10",3.38,147233,NA,NA,NA,NA,NA,NA,NA,"2952  HIGHWAY 52   HARVEY ND 583419394",108195.25,2015-04-21,2015,"1",NA,NA
"428","38103",NA,"45043000","10",NA,NA,NA,NA,NA,NA,NA,NA,NA,"ND",NA,2016-12-05,2016,"1",NA,NA
"429","38103",NA,"50033000","10",NA,NA,NA,NA,NA,NA,NA,NA,NA,"111  6TH AVE N FESSENDEN ND 584387243",105000,2019-11-18,2019,"1",NA,NA
"430","38103",NA,"50045000","10",NA,NA,NA,NA,NA,NA,NA,NA,NA,"115  7TH AVE N FESSENDEN ND 584387322",100100,2016-07-20,2016,"1",NA,NA
"431","38103",NA,"50092000","10",NA,NA,NA,NA,NA,NA,NA,NA,NA,"60  4TH AVE N FESSENDEN ND 584387260",26000,2015-10-20,2015,"1",NA,NA
"432","38103",NA,"50125000","10",NA,NA,NA,NA,NA,NA,NA,NA,NA,"ND",NA,2017-09-22,2017,"1",NA,NA
"433","38103",NA,"50191000","10",NA,NA,NA,NA,NA,NA,NA,NA,NA,"108  ELM AVE S FESSENDEN ND 58438",70000,2018-06-26,2018,"1",NA,NA
"434","38103",NA,"50244000","10",NA,NA,NA,NA,NA,NA,NA,NA,NA,"ND",17000,2016-03-01,2016,"7",NA,NA
"435","38103",NA,"50310000","10",NA,NA,NA,NA,NA,NA,NA,NA,NA,"ND",5600,2009-10-29,2009,"1",NA,NA
"436","38103",NA,"50344000","10",NA,NA,NA,NA,NA,NA,NA,NA,NA,"206  7TH AVE N FESSENDEN ND 584387323",7000,2011-01-26,2011,"1",NA,NA
"437","38103",NA,"50368000","10",NA,NA,NA,NA,NA,NA,NA,NA,NA,"212  MAIN AVE S FESSENDEN ND 58438",5000,2009-08-27,2009,"1",NA,NA
"438","38103",NA,"50418000","10",0.25,10890,NA,NA,NA,NA,NA,NA,NA,"325  HARRIET AVE  FESSENDEN ND 584387303",NA,2018-10-26,2018,"1",NA,NA
"439","38103",NA,"50490000","10",NA,NA,NA,NA,NA,NA,NA,NA,NA,"ND",NA,2008-09-04,2008,"1",NA,NA
"440","38103",NA,"50514000","10",NA,NA,NA,NA,NA,NA,NA,NA,NA,"524  2ND ST S FESSENDEN ND 584387112",NA,2011-06-23,2011,"1",NA,NA
"441","38103",NA,"50532000","10",NA,NA,NA,NA,NA,NA,NA,NA,NA,"ND",NA,2014-03-07,2014,"1",NA,NA
"442","38103",NA,"55148000","10",NA,NA,NA,NA,NA,NA,NA,NA,NA,"ND",NA,2010-06-16,2010,"1",NA,NA
"443","38103",NA,"55155000","10",NA,NA,NA,NA,NA,NA,NA,NA,NA,"327  ENVILLE ST W BOWDON ND 584187106",47500,2013-09-17,2013,"1",NA,NA
"444","38103",NA,"55198000","10",NA,NA,NA,NA,NA,NA,NA,NA,NA,"411  STANFORD AVE E BOWDON ND 584187116",32000,2016-09-06,2016,"1",NA,NA
"445","38103",NA,"55204000","10",NA,NA,NA,NA,NA,NA,NA,NA,NA,"ND",77500,2017-11-01,2017,"6",NA,NA
"446","38103",NA,"60034000","10",NA,NA,NA,NA,NA,NA,NA,NA,NA,"122  MAIN ST W HURDSFIELD ND 58451",NA,2018-04-04,2018,"1",NA,NA
"447","38103",NA,"60107000","10",NA,NA,NA,NA,NA,NA,NA,NA,NA,"ND",106250,2016-01-04,2016,"1",NA,NA
"448","38103",NA,"60119000","10",NA,NA,NA,NA,NA,NA,NA,NA,NA,"ND",NA,2017-09-05,2017,"1",NA,NA
"449","38103",NA,"60121000","10",NA,NA,NA,NA,NA,NA,NA,NA,NA,"ND",NA,2017-09-05,2017,"1",NA,NA
"450","38103",NA,"81239000","10",NA,NA,NA,NA,NA,NA,NA,NA,NA,"224  DESMET AVE  HARVEY ND 583411204",73625,2017-12-11,2017,"1",NA,NA
"451","38103",NA,"81267000","10",NA,NA,NA,NA,NA,NA,NA,NA,NA,"306  ALDER AVE  HARVEY ND 583411022",NA,2019-08-21,2019,"1",NA,NA
"452","38103",NA,"81286000","10",NA,NA,NA,NA,NA,NA,NA,NA,NA,"416  NORTH ST W HARVEY ND 583411014",99600,2005-12-02,2005,"1",NA,NA
"453","38103",NA,"81287000","10",NA,NA,NA,NA,NA,NA,NA,NA,NA,"408  NORTH ST W HARVEY ND 583411014",NA,2011-11-18,2011,"1",NA,NA
"454","38103",NA,"81322000","10",NA,NA,NA,NA,NA,NA,NA,NA,NA,"1427  ADVENT ST  HARVEY ND 583411701",215000,2009-10-23,2009,"1",NA,NA
"455","38103",NA,"81331000","10",NA,NA,NA,NA,NA,NA,NA,NA,NA,"809  MEADOW LN  HARVEY ND 583411252",27541,2020-01-29,2020,"1",NA,NA
"456","38103",NA,"81342000","10",NA,NA,NA,NA,NA,NA,NA,NA,NA,"804  MEADOW LN  HARVEY ND 583411200",33750,2015-02-04,2015,"1",NA,NA
"457","38103",NA,"81436000","10",NA,NA,NA,NA,NA,NA,NA,NA,NA,"ND",344000,2019-05-15,2019,"1",NA,NA
"458","38103",NA,"05513000","10",NA,NA,NA,NA,NA,NA,NA,NA,NA,"ND",10000,2011-12-24,2011,"1",NA,NA
"459","38103",NA,"08062000","10",9.01,392476,NA,NA,NA,NA,NA,NA,NA,"411  HUGHES AVE SW SYKESTON ND 584867102",NA,2007-02-21,2007,"1",NA,NA
"460","38103",NA,"09109000","10",8.87,386377,NA,NA,NA,NA,NA,NA,NA,"833  HIGHWAY 30   CATHAY ND 584229512",139000,2006-09-26,2006,"1",NA,NA
"461","38103",NA,"18569000","10",NA,NA,NA,NA,NA,NA,NA,NA,NA,"ND",81319.14,2017-07-31,2017,"1",NA,NA
"462","38103",NA,"18623000","10",NA,NA,NA,NA,NA,NA,NA,NA,NA,"196  HIGHLAND ST  HEIMDAL ND 583418024",26100,2008-07-21,2008,"1",NA,NA
"463","38103","381039600002652","20071001","10",8.66,377230,NA,NA,NA,NA,NA,NA,NA,"441  WARRINGTON AVE  BOWDON ND 584187102",NA,2016-03-10,2016,"1",47.46404,-99.708976
"464","38103",NA,"60186000","10",NA,NA,NA,NA,NA,NA,NA,NA,NA,"ND",NA,2018-02-13,2018,"1",NA,NA
"465","38103",NA,"70255000","10",NA,NA,NA,NA,NA,NA,NA,NA,NA,"ND",NA,2010-05-25,2010,"1",NA,NA
"466","38103",NA,"70333000","10",NA,NA,NA,NA,NA,NA,NA,NA,NA,"ND",NA,2017-02-03,2017,"1",NA,NA
"467","38103",NA,"70418000","10",NA,NA,NA,NA,NA,NA,NA,NA,NA,"321  ANSON AVE NE SYKESTON ND 584867004",61968.55,2015-06-30,2015,"1",NA,NA
"468","38103",NA,"80002001","10",0.88,38333,NA,NA,NA,NA,NA,NA,NA,"108  NORTH ST E HARVEY ND 583411026",NA,2017-09-06,2017,"1",NA,NA
"469","38103",NA,"80040001","10",1.17,50965,NA,NA,NA,NA,NA,NA,NA,"413  KENNEDY AVE  HARVEY ND 583411362",202500,2009-12-24,2009,"1",NA,NA
"470","38103",NA,"80098000","10",NA,NA,NA,NA,NA,NA,NA,NA,NA,"813  ALDER AVE  HARVEY ND 583411508",50512.5,2017-08-15,2017,"1",NA,NA
"471","38103",NA,"80108000","10",NA,NA,NA,NA,NA,NA,NA,NA,NA,"116  9TH ST E HARVEY ND 583411529",NA,2018-10-09,2018,"1",NA,NA
"472","38103",NA,"80146000","10",NA,NA,NA,NA,NA,NA,NA,NA,NA,"705  ADAMS AVE  HARVEY ND 58341",NA,2014-08-07,2014,"1",NA,NA
"473","38103",NA,"80238000","10",NA,NA,NA,NA,NA,NA,NA,NA,NA,"921  ADAMS AVE  HARVEY ND 583411626",NA,2018-12-14,2018,"1",NA,NA
"474","38103",NA,"80242000","10",NA,NA,NA,NA,NA,NA,NA,NA,NA,"905  ADAMS AVE  HARVEY ND 583411626",71537.5,2016-10-28,2016,"1",NA,NA
"475","38103",NA,"80255000","10",NA,NA,NA,NA,NA,NA,NA,NA,NA,"1009  BIRCH AVE  HARVEY ND 583411424",15000,2004-10-16,2004,"1",NA,NA
"476","38103",NA,"80311000","10",NA,NA,NA,NA,NA,NA,NA,NA,NA,"420  BREWSTER ST E HARVEY ND 583411607",32500,2020-01-15,2020,"1",NA,NA
"477","38103",NA,"80347000","10",NA,NA,NA,NA,NA,NA,NA,NA,NA,"904  BIRCH AVE  HARVEY ND 583411423",30475,2013-12-04,2013,"1",NA,NA
"478","38103",NA,"80384000","10",NA,NA,NA,NA,NA,NA,NA,NA,NA,"701  CEDAR AVE  HARVEY ND 583411428",37500,2011-10-04,2011,"1",NA,NA
"479","38103",NA,"80385000","10",NA,NA,NA,NA,NA,NA,NA,NA,NA,"700  CEDAR AVE  HARVEY ND 583411429",93850,2012-05-02,2012,"1",NA,NA
"480","38103",NA,"80411000","10",NA,NA,NA,NA,NA,NA,NA,NA,NA,"900  CEDAR AVE  HARVEY ND 583411433",93500,2012-09-28,2012,"1",NA,NA
"481","38103",NA,"80441000","10",NA,NA,NA,NA,NA,NA,NA,NA,NA,"417  ALDER AVE  HARVEY ND 583411118",12000,2005-05-17,2005,"1",NA,NA
"482","38103",NA,"80444000","10",NA,NA,NA,NA,NA,NA,NA,NA,NA,"407  ALDER AVE  HARVEY ND 583411118",210625,2009-07-01,2009,"7",NA,NA
"483","38103",NA,"80496000","10",NA,NA,NA,NA,NA,NA,NA,NA,NA,"504  BIRCH AVE  HARVEY ND 583411125",5500,2016-09-22,2016,"1",NA,NA
"484","38103",NA,"80550000","10",NA,NA,NA,NA,NA,NA,NA,NA,NA,"417  DESMET AVE  HARVEY ND 583411231",17000,2018-09-10,2018,"1",NA,NA
"485","38103",NA,"80569000","10",NA,NA,NA,NA,NA,NA,NA,NA,NA,"412  CLARK AVE  HARVEY ND 583411222",NA,2012-04-21,2012,"1",NA,NA
"486","38103",NA,"80604000","10",NA,NA,NA,NA,NA,NA,NA,NA,NA,"501  ADAMS AVE  HARVEY ND 583411116",37187.5,2010-03-05,2010,"1",NA,NA
"487","38103",NA,"80608000","10",NA,NA,NA,NA,NA,NA,NA,NA,NA,"304  ADAMS AVE  HARVEY ND 583411113",84155,2014-08-22,2014,"1",NA,NA
"488","38103",NA,"80616000","10",NA,NA,NA,NA,NA,NA,NA,NA,NA,"316  BURKE AVE  HARVEY ND 583411127",17000,2018-06-05,2018,"1",NA,NA
"489","38103",NA,"80698000","10",NA,NA,NA,NA,NA,NA,NA,NA,NA,"644  PLEASANT ST  HARVEY ND 583411910",56000,2007-10-26,2007,"1",NA,NA
"490","38103",NA,"80703000","10",NA,NA,NA,NA,NA,NA,NA,NA,NA,"609  PLEASANT ST  HARVEY ND 58341",NA,2010-10-26,2010,"1",NA,NA
"491","38103",NA,"80710000","10",NA,NA,NA,NA,NA,NA,NA,NA,NA,"633  PLEASANT ST  HARVEY ND 583411909",39600,2018-07-23,2018,"1",NA,NA
"492","38103",NA,"80716000","10",NA,NA,NA,NA,NA,NA,NA,NA,NA,"505  PLEASANT ST  HARVEY ND 583411907",65000,2009-09-22,2009,"1",NA,NA
"493","38103",NA,"80838000","10",NA,NA,NA,NA,NA,NA,NA,NA,NA,"512  JUDY BLVD  HARVEY ND 583411902",126000,2018-09-04,2018,"1",NA,NA
"494","38103",NA,"80884000","10",NA,NA,NA,NA,NA,NA,NA,NA,NA,"720  5TH ST E HARVEY ND 583411203",133879.54,2012-08-30,2012,"1",NA,NA
"495","38103",NA,"80911000","10",NA,NA,NA,NA,NA,NA,NA,NA,NA,"721  5TH ST E HARVEY ND 583411202",55100,2011-09-15,2011,"1",NA,NA
"496","38103",NA,"80916000","10",NA,NA,NA,NA,NA,NA,NA,NA,NA,"516  GRANT AVE  HARVEY ND 583411250",50000,2010-10-26,2010,"1",NA,NA
"497","38103",NA,"80967000","10",NA,NA,NA,NA,NA,NA,NA,NA,NA,"713  JUDY BLVD  HARVEY ND 583411905",166606.57,2016-12-16,2016,"1",NA,NA
"498","38103",NA,"81042000","10",NA,NA,NA,NA,NA,NA,NA,NA,NA,"800  5TH ST E HARVEY ND 583411301",85100,2015-01-16,2015,"1",NA,NA
"499","38103",NA,"81093000","10",NA,NA,NA,NA,NA,NA,NA,NA,NA,"1011  ALLEN AVE  HARVEY ND 583411728",NA,2018-05-01,2018,"1",NA,NA
"500","38103",NA,"81167000","10",NA,NA,NA,NA,NA,NA,NA,NA,NA,"ND",255000,2019-09-27,2019,"1",NA,NA
"501","38103",NA,"81226000","10",NA,NA,NA,NA,NA,NA,NA,NA,NA,"224  CLARK AVE  HARVEY ND 583411218",115000,2019-07-01,2019,"1",NA,NA
"502","38103",NA,"80353000","10",NA,NA,NA,NA,NA,NA,NA,NA,NA,"320  10TH ST W HARVEY ND 583411415",NA,2010-08-11,2010,"1",NA,NA
"503","38103",NA,"80368000","10",NA,NA,NA,NA,NA,NA,NA,NA,NA,"320  9TH ST W HARVEY ND 583411409",124000,2019-01-21,2019,"1",NA,NA
"504","38103",NA,"80369000","10",NA,NA,NA,NA,NA,NA,NA,NA,NA,"809  CEDAR AVE  HARVEY ND 583411430",30000,2018-11-08,2018,"1",NA,NA
"505","38103",NA,"80393000","10",NA,NA,NA,NA,NA,NA,NA,NA,NA,"717  PARK AVE  HARVEY ND 58341",NA,2019-01-08,2019,"1",NA,NA
"506","38103",NA,"80396000","10",NA,NA,NA,NA,NA,NA,NA,NA,NA,"705  PARK AVE  HARVEY ND 583411436",28681.45,2007-09-17,2007,"1",NA,NA
"507","38103",NA,"80401000","10",NA,NA,NA,NA,NA,NA,NA,NA,NA,"812  CEDAR AVE  HARVEY ND 583411431",54000,2007-08-31,2007,"1",NA,NA
"508","38103",NA,"80416000","10",NA,NA,NA,NA,NA,NA,NA,NA,NA,"901  ELM AVE  HARVEY ND 583411435",69500,2014-01-15,2014,"1",NA,NA
"509","38103",NA,"80460000","10",NA,NA,NA,NA,NA,NA,NA,NA,NA,"508  ADAMS AVE  HARVEY ND 583411117",19500,2007-10-04,2007,"1",NA,NA
"510","38103",NA,"80463000","10",NA,NA,NA,NA,NA,NA,NA,NA,NA,"120  6TH ST E HARVEY ND 583411148",86643.86,2016-12-09,2016,"1",NA,NA
"511","38103",NA,"80471000","10",NA,NA,NA,NA,NA,NA,NA,NA,NA,"504  ALDER AVE  HARVEY ND 583411121",159000,2015-07-07,2015,"1",NA,NA
"512","38103",NA,"80472000","10",NA,NA,NA,NA,NA,NA,NA,NA,NA,"510  ALDER AVE  HARVEY ND 583411121",60000,2014-01-31,2014,"1",NA,NA
"513","38103",NA,"80476000","10",NA,NA,NA,NA,NA,NA,NA,NA,NA,"521  BIRCH AVE  HARVEY ND 583411124",22500,2013-07-18,2013,"1",NA,NA
"514","38103",NA,"80482000","10",NA,NA,NA,NA,NA,NA,NA,NA,NA,"408  ALDER AVE  HARVEY ND 58341",210000,2019-02-26,2019,"1",NA,NA
"515","38103",NA,"80502000","10",NA,NA,NA,NA,NA,NA,NA,NA,NA,"508  CLARK AVE  HARVEY ND 583411224",34000,2011-11-30,2011,"1",NA,NA
"516","38103",NA,"80508000","10",NA,NA,NA,NA,NA,NA,NA,NA,NA,"302  6TH ST E HARVEY ND 583411108",57500,2013-11-27,2013,"1",NA,NA
"517","38103",NA,"80527000","10",NA,NA,NA,NA,NA,NA,NA,NA,NA,"517  5TH ST E HARVEY ND 583411214",NA,2010-04-16,2010,"1",NA,NA
"518","38103",NA,"80584000","10",NA,NA,NA,NA,NA,NA,NA,NA,NA,"421  ADAMS AVE  HARVEY ND 583411114",11900,2006-05-30,2006,"1",NA,NA
"519","38103",NA,"80614000","10",NA,NA,NA,NA,NA,NA,NA,NA,NA,"308  BURKE AVE  HARVEY ND 583411127",60000,2015-06-24,2015,"1",NA,NA
"520","38103",NA,"80645000","10",NA,NA,NA,NA,NA,NA,NA,NA,NA,"537  BREWSTER ST E HARVEY ND 583411608",40000,2010-06-29,2010,"1",NA,NA
"521","38103",NA,"80683000","10",NA,NA,NA,NA,NA,NA,NA,NA,NA,"532  PLEASANT ST  HARVEY ND 583411908",30000,2015-01-16,2015,"1",NA,NA
"522","38103",NA,"80727000","10",NA,NA,NA,NA,NA,NA,NA,NA,NA,"545  EHLER AVE  HARVEY ND 583411921",87500,2015-06-16,2015,"1",NA,NA
"523","38103",NA,"80747000","10",NA,NA,NA,NA,NA,NA,NA,NA,NA,"1532  ADVENT ST  HARVEY ND 583411802",231350,2013-10-14,2013,"1",NA,NA
"524","38103",NA,"80905000","10",NA,NA,NA,NA,NA,NA,NA,NA,NA,"621  5TH ST E HARVEY ND 583411237",NA,2013-11-26,2013,"1",NA,NA
"525","38103",NA,"80923000","10",NA,NA,NA,NA,NA,NA,NA,NA,NA,"604  6TH ST E HARVEY ND 583411257",30000,2006-05-12,2006,"1",NA,NA
"526","38103",NA,"80940000","10",NA,NA,NA,NA,NA,NA,NA,NA,NA,"700  JUDY BLVD  HARVEY ND 583411906",45125,2011-07-14,2011,"1",NA,NA
"527","38103",NA,"80945000","10",NA,NA,NA,NA,NA,NA,NA,NA,NA,"925  FRANKLIN AVE  HARVEY ND 583411911",78000,2018-06-20,2018,"1",NA,NA
"528","38103",NA,"81013000","10",0.2,8712,NA,NA,NA,NA,NA,NA,NA,"1400  ELM AVE  HARVEY ND 583411700",75000,2013-08-09,2013,"1",NA,NA
"529","38103",NA,"81045000","10",NA,NA,NA,NA,NA,NA,NA,NA,NA,"506  HARVEY AVE  HARVEY ND 583411306",NA,2005-03-09,2005,"1",NA,NA
"530","38103",NA,"81087000","10",NA,NA,NA,NA,NA,NA,NA,NA,NA,"1011  ALLEN AVE  HARVEY ND 583411737",63750,2012-06-14,2012,"1",NA,NA
"531","38103",NA,"81170000","10",NA,NA,NA,NA,NA,NA,NA,NA,NA,"1601  GARFIELD ST  HARVEY ND 583411807",220100,2018-09-24,2018,"1",NA,NA
"532","38103",NA,"81196000","10",NA,NA,NA,NA,NA,NA,NA,NA,NA,"1005  2ND ST E HARVEY ND 583411344",208125,2013-04-18,2013,"1",NA,NA
"533","38103",NA,"81214000","10",NA,NA,NA,NA,NA,NA,NA,NA,NA,"319  JACKSON AVE  HARVEY ND 583411348",NA,2015-09-23,2015,"1",NA,NA
"534","38103",NA,"81229000","10",NA,NA,NA,NA,NA,NA,NA,NA,NA,"312  CLARK AVE  HARVEY ND 583411220",125000,2018-07-31,2018,"1",NA,NA
"535","38103",NA,"81230000","10",NA,NA,NA,NA,NA,NA,NA,NA,NA,"318  CLARK AVE  HARVEY ND 583411220",61000,2009-01-22,2009,"1",NA,NA
"536","38103",NA,"81232000","10",NA,NA,NA,NA,NA,NA,NA,NA,NA,"225  BURKE AVE  HARVEY ND 583411159",106875,2011-05-09,2011,"1",NA,NA
"537","38103",NA,"81257000","10",NA,NA,NA,NA,NA,NA,NA,NA,NA,"1008  JILL AVE  HARVEY ND 583411812",NA,2015-07-03,2015,"1",NA,NA
"538","38103",NA,"81261000","10",NA,NA,NA,NA,NA,NA,NA,NA,NA,"1017  JILL AVE  HARVEY ND 583411812",67500,2006-11-01,2006,"1",NA,NA
"539","38103",NA,"81269000","10",NA,NA,NA,NA,NA,NA,NA,NA,NA,"HARVEY ND 58341",NA,2013-06-27,2013,"1",NA,NA
"540","38103",NA,"01014000","10",1.74,75794,NA,NA,NA,NA,NA,NA,NA,"11  57TH AVE SE SYKESTON ND 584869534",NA,2008-07-01,2008,"1",NA,NA
"541","38103",NA,"05722000","10",NA,NA,NA,NA,NA,NA,NA,NA,NA,"ND",20000,2019-10-17,2019,"1",NA,NA
"542","38103",NA,"18563000","10",NA,NA,NA,NA,NA,NA,NA,NA,NA,"175  HOWARD ST  HEIMDAL ND 583418007",NA,2018-08-15,2018,"1",NA,NA
"543","38103",NA,"18609000","10",NA,NA,NA,NA,NA,NA,NA,NA,NA,"ND",25100,2018-11-19,2018,"1",NA,NA
"544","38103",NA,"18649000","10",NA,NA,NA,NA,NA,NA,NA,NA,NA,"ND",NA,2018-05-24,2018,"1",NA,NA
"545","38103",NA,"24523000","10",NA,NA,NA,NA,NA,NA,NA,NA,NA,"ND",NA,2016-07-22,2016,"1",NA,NA
"546","38103",NA,"24527000","10",NA,NA,NA,NA,NA,NA,NA,NA,NA,"ND",NA,2016-07-22,2016,"1",NA,NA
"547","38103",NA,"30209000","10",5.17,225205,NA,NA,NA,NA,NA,NA,NA,"245  RIVER PARK DR  HARVEY ND 583411829",70800,2012-12-03,2012,"1",NA,NA
"548","38103",NA,"30535000","10",0.43,18731,NA,NA,NA,NA,NA,NA,NA,"2601  BUCKSKIN DR  HARVEY ND 583418606",17000,2007-08-01,2007,"1",NA,NA
"549","38103",NA,"35159001","10",4.18,182081,NA,NA,NA,NA,NA,NA,NA,"2980  20TH ST NE HARVEY ND 583418518",NA,2018-05-10,2018,"1",NA,NA
"550","38103",NA,"45045000","10",NA,NA,NA,NA,NA,NA,NA,NA,NA,"ND",NA,2018-11-05,2018,"1",NA,NA
"551","38103",NA,"50038000","10",NA,NA,NA,NA,NA,NA,NA,NA,NA,"503  1ST ST N FESSENDEN ND 584387257",43120,2010-03-05,2010,"1",NA,NA
"552","38103",NA,"50040000","10",NA,NA,NA,NA,NA,NA,NA,NA,NA,"130  MAIN AVE N FESSENDEN ND 584387254",43750,2012-01-12,2012,"1",NA,NA
"553","38103",NA,"50192000","10",NA,NA,NA,NA,NA,NA,NA,NA,NA,"108  ELM AVE S FESSENDEN ND 58438",70000,2018-06-26,2018,"1",NA,NA
"554","38103",NA,"50204000","10",NA,NA,NA,NA,NA,NA,NA,NA,NA,"55  6TH AVE N FESSENDEN ND 584387241",72000,2010-07-05,2010,"1",NA,NA
"555","38103",NA,"50237000","10",NA,NA,NA,NA,NA,NA,NA,NA,NA,"1022  2ND ST NE FESSENDEN ND 58438",87000,2016-12-13,2016,"1",NA,NA
"556","38103",NA,"50239000","10",NA,NA,NA,NA,NA,NA,NA,NA,NA,"1022  2ND ST NE FESSENDEN ND 58438",87100,2016-12-13,2016,"1",NA,NA
"557","38103",NA,"50306000","10",NA,NA,NA,NA,NA,NA,NA,NA,NA,"55  ROBERTS AVE NE FESSENDEN ND 58438",33250,2007-01-11,2007,"1",NA,NA
"558","38103",NA,"50317000","10",NA,NA,NA,NA,NA,NA,NA,NA,NA,"1104  1ST ST NE FESSENDEN ND 58438",NA,2018-03-03,2018,"1",NA,NA
"559","38103",NA,"50349000","10",NA,NA,NA,NA,NA,NA,NA,NA,NA,"412  2ND ST S FESSENDEN ND 584387118",59850,2007-02-08,2007,"1",NA,NA
"560","38103",NA,"50355000","10",NA,NA,NA,NA,NA,NA,NA,NA,NA,"228  ELM AVE S FESSENDEN ND 58438",53000,2018-03-12,2018,"1",NA,NA
"561","38103",NA,"50364000","10",NA,NA,NA,NA,NA,NA,NA,NA,NA,"209  MAIN AVE S FESSENDEN ND 584387103",NA,2018-09-28,2018,"1",NA,NA
"562","38103",NA,"50413000","10",NA,NA,NA,NA,NA,NA,NA,NA,NA,"928  5TH ST NE FESSENDEN ND 584387314",249600,2017-05-30,2017,"1",NA,NA
"563","38103",NA,"50434000","10",0.5,21780,NA,NA,NA,NA,NA,NA,NA,"330  HARRIET AVE  FESSENDEN ND 584387302",57600,2014-06-20,2014,"1",NA,NA
"564","38103",NA,"50525000","10",NA,NA,NA,NA,NA,NA,NA,NA,NA,"303  1ST ST N FESSENDEN ND 584387216",75864.13,2016-10-25,2016,"1",NA,NA
"565","38103",NA,"50529000","10",NA,NA,NA,NA,NA,NA,NA,NA,NA,"67  4TH AVE N FESSENDEN ND 58438",NA,2020-03-06,2020,"1",NA,NA
"566","38103",NA,"50549000","10",NA,NA,NA,NA,NA,NA,NA,NA,NA,"226  2ND ST N FESSENDEN ND 584387204",36562.5,2009-05-30,2009,"1",NA,NA
"567","38103",NA,"50555000","10",NA,NA,NA,NA,NA,NA,NA,NA,NA,"105  MENKE ST S FESSENDEN ND 584387135",75000,2018-03-14,2018,"1",NA,NA
"568","38103",NA,"50586000","10",0.4,17424,NA,NA,NA,NA,NA,NA,NA,"203  1ST ST S FESSENDEN ND 58438",55000,2018-06-27,2018,"1",NA,NA
"569","38103",NA,"55190000","10",NA,NA,NA,NA,NA,NA,NA,NA,NA,"127  RICHARD AVE W BOWDON ND 58418",NA,2011-03-16,2011,"1",NA,NA
"570","38103",NA,"60189000","10",NA,NA,NA,NA,NA,NA,NA,NA,NA,"ND",35000,2019-02-05,2019,"1",NA,NA
"571","38103",NA,"60313000","10",NA,NA,NA,NA,NA,NA,NA,NA,NA,"ND",NA,2016-02-16,2016,"1",NA,NA
"572","38103",NA,"60318000","10",NA,NA,NA,NA,NA,NA,NA,NA,NA,"ND",NA,2016-02-16,2016,"1",NA,NA
"573","38103",NA,"70409000","10",NA,NA,NA,NA,NA,NA,NA,NA,NA,"301  ANSON AVE NE SYKESTON ND 584867004",NA,2010-11-15,2010,"1",NA,NA
"574","38103",NA,"80030000","10",1.15,50094,NA,NA,NA,NA,NA,NA,NA,"709  BREWSTER ST E HARVEY ND 583411630",230475,2018-04-02,2018,"1",NA,NA
"575","38103",NA,"80043001","10",1.02,44431,NA,NA,NA,NA,NA,NA,NA,"713  BREWSTER ST E HARVEY ND 583411630",159000,2015-06-01,2015,"1",NA,NA
"576","38103",NA,"80097000","10",NA,NA,NA,NA,NA,NA,NA,NA,NA,"817  ALDER AVE  HARVEY ND 583411508",NA,2009-08-26,2009,"1",NA,NA
"577","38103",NA,"80105000","10",NA,NA,NA,NA,NA,NA,NA,NA,NA,"808  ADAMS AVE  HARVEY ND 583411625",NA,2017-10-13,2017,"1",NA,NA
"578","38103",NA,"80175000","10",NA,NA,NA,NA,NA,NA,NA,NA,NA,"223  8TH ST W HARVEY ND 583411401",55000,2014-12-12,2014,"1",NA,NA
"579","38103",NA,"16500000","10",0.24,10454,NA,NA,NA,NA,NA,NA,NA,"227  HIGHWAY 15   FESSENDEN ND 58438",NA,2009-05-13,2009,"1",NA,NA
"580","38103",NA,"18648000","10",NA,NA,NA,NA,NA,NA,NA,NA,NA,"ND",NA,2018-05-24,2018,"1",NA,NA
"581","38103",NA,"21061000","10",4.74,206474,NA,NA,NA,NA,NA,NA,NA,"4164  10TH ST NE FESSENDEN ND 584389494",36974,2007-10-19,2007,"1",NA,NA
"582","38103",NA,"23044001","10",9.37,408157,NA,NA,NA,NA,NA,NA,NA,"3761  22ND ST NE HARVEY ND 583418209",64000,2014-06-20,2014,"1",NA,NA
"583","38103","381039600001270","24135001","10",14.26,621166,NA,NA,NA,NA,NA,NA,NA,"3851  26TH ST NE HARVEY ND 583418217",213000,2016-12-23,2016,"1",47.79498,-99.757264
"584","38103",NA,"24513000","10",NA,NA,NA,NA,NA,NA,NA,NA,NA,"ND",NA,2018-08-06,2018,"1",NA,NA
"585","38103",NA,"29134000","10",7.28,317117,NA,NA,NA,NA,NA,NA,NA,"2160  30TH AVE NE HARVEY ND 583419337",58000,2015-11-05,2015,"1",NA,NA
"586","38103",NA,"50023000","10",NA,NA,NA,NA,NA,NA,NA,NA,NA,"106  4TH AVE N FESSENDEN ND 584387208",64875,2017-07-14,2017,"1",NA,NA
"587","38103",NA,"50167000","10",NA,NA,NA,NA,NA,NA,NA,NA,NA,"ND",NA,2012-02-15,2012,"1",NA,NA
"588","38103",NA,"50200000","10",NA,NA,NA,NA,NA,NA,NA,NA,NA,"301  2ND ST S FESSENDEN ND 58438",22000,2008-08-28,2008,"1",NA,NA
"589","38103",NA,"50201000","10",NA,NA,NA,NA,NA,NA,NA,NA,NA,"112  SPRUCE AVE  FESSENDEN ND 584387127",17100,2009-07-09,2009,"1",NA,NA
"590","38103",NA,"50316000","10",1.15,50094,NA,NA,NA,NA,NA,NA,NA,"1206  2ND ST NE FESSENDEN ND 584387412",173648.3,2014-03-13,2014,"1",NA,NA
"591","38103",NA,"50365000","10",NA,NA,NA,NA,NA,NA,NA,NA,NA,"209  MAIN AVE S FESSENDEN ND 584387103",NA,2018-09-28,2018,"1",NA,NA
"592","38103",NA,"50395000","10",NA,NA,NA,NA,NA,NA,NA,NA,NA,"ND",4000,2019-11-16,2019,"1",NA,NA
"593","38103",NA,"50557000","10",NA,NA,NA,NA,NA,NA,NA,NA,NA,"117  MENKE ST S FESSENDEN ND 584387135",80000,2019-10-01,2019,"1",NA,NA
"594","38103",NA,"55091000","10",NA,NA,NA,NA,NA,NA,NA,NA,NA,"ND",NA,2016-06-30,2016,"1",NA,NA
"595","38103",NA,"55134000","10",NA,NA,NA,NA,NA,NA,NA,NA,NA,"219  CHESTER AVE W BOWDON ND 58418",50000,2016-08-08,2016,"1",NA,NA
"596","38103",NA,"55193000","10",NA,NA,NA,NA,NA,NA,NA,NA,NA,"ND",20000,2018-01-23,2018,"1",NA,NA
"597","38103",NA,"55203000","10",NA,NA,NA,NA,NA,NA,NA,NA,NA,"428  GREY AVE E BOWDON ND 584187110",18000,2016-08-17,2016,"1",NA,NA
"598","38103",NA,"60033000","10",NA,NA,NA,NA,NA,NA,NA,NA,NA,"122  MAIN ST W HURDSFIELD ND 58451",NA,2018-04-04,2018,"1",NA,NA
"599","38103",NA,"60105000","10",NA,NA,NA,NA,NA,NA,NA,NA,NA,"ND",106250,2016-01-04,2016,"1",NA,NA
"600","38103",NA,"60187000","10",NA,NA,NA,NA,NA,NA,NA,NA,NA,"ND",NA,2018-02-13,2018,"1",NA,NA
"601","38103",NA,"70105000","10",NA,NA,NA,NA,NA,NA,NA,NA,NA,"121  ANSON AVE NE SYKESTON ND 584867016",70000,2018-10-25,2018,"1",NA,NA
"602","38103",NA,"70385000","10",NA,NA,NA,NA,NA,NA,NA,NA,NA,"30  HUGHES AVE SW SYKESTON ND 584867104",50250,2019-03-25,2019,"1",NA,NA
"603","38103",NA,"80130000","10",NA,NA,NA,NA,NA,NA,NA,NA,NA,"210  9TH ST E HARVEY ND 583411620",64000,2019-02-20,2019,"1",NA,NA
"604","38103",NA,"80167000","10",NA,NA,NA,NA,NA,NA,NA,NA,NA,"808  ALDER AVE  HARVEY ND 583411509",65812.5,2012-04-12,2012,"1",NA,NA
"605","38103",NA,"80177000","10",NA,NA,NA,NA,NA,NA,NA,NA,NA,"213  8TH ST W HARVEY ND 583411401",71000,2018-08-14,2018,"1",NA,NA
"606","38103",NA,"80181000","10",NA,NA,NA,NA,NA,NA,NA,NA,NA,"904  ALDER AVE  HARVEY ND 583411511",83000,2019-05-28,2019,"1",NA,NA
"607","38103",NA,"80317000","10",NA,NA,NA,NA,NA,NA,NA,NA,NA,"416  BREWSTER ST E HARVEY ND 583411607",NA,2016-01-27,2016,"1",NA,NA
"608","38103",NA,"80377000","10",NA,NA,NA,NA,NA,NA,NA,NA,NA,"716  BIRCH AVE  HARVEY ND 583411420",NA,2014-07-01,2014,"1",NA,NA
"609","38103",NA,"80404000","10",NA,NA,NA,NA,NA,NA,NA,NA,NA,"418  9TH ST W HARVEY ND 583411411",25100,2006-08-18,2006,"1",NA,NA
"610","38103",NA,"80405000","10",NA,NA,NA,NA,NA,NA,NA,NA,NA,"420  9TH ST W HARVEY ND 583411411",NA,2014-03-24,2014,"1",NA,NA
"611","38103",NA,"80431000","10",NA,NA,NA,NA,NA,NA,NA,NA,NA,"409  LINCOLN AVE  HARVEY ND 583411135",53000,2011-06-24,2011,"1",NA,NA
"612","38103",NA,"80450000","10",NA,NA,NA,NA,NA,NA,NA,NA,NA,"520  LINCOLN AVE  HARVEY ND 583411138",85000,2009-06-30,2009,"1",NA,NA
"613","38103",NA,"80461000","10",NA,NA,NA,NA,NA,NA,NA,NA,NA,"512  ADAMS AVE  HARVEY ND 583411117",8000,2012-12-26,2012,"1",NA,NA
"614","38103",NA,"80465000","10",NA,NA,NA,NA,NA,NA,NA,NA,NA,"517  LINCOLN AVE  HARVEY ND 583411137",NA,2009-07-02,2009,"1",NA,NA
"615","38103",NA,"80494000","10",NA,NA,NA,NA,NA,NA,NA,NA,NA,"ND",18000,2019-03-27,2019,"1",NA,NA
"616","38103",NA,"80495000","10",NA,NA,NA,NA,NA,NA,NA,NA,NA,"500  BIRCH AVE  HARVEY ND 583411125",20250,2011-11-09,2011,"6",NA,NA
"617","38103",NA,"80528000","10",NA,NA,NA,NA,NA,NA,NA,NA,NA,"504  EMERSON AVE  HARVEY ND 583411228",66250,2012-09-13,2012,"1",NA,NA
"618","38103",NA,"80540000","10",NA,NA,NA,NA,NA,NA,NA,NA,NA,"505  DESMET AVE  HARVEY ND 583411251",120000,2015-10-30,2015,"1",NA,NA
"619","38103",NA,"80548000","10",NA,NA,NA,NA,NA,NA,NA,NA,NA,"421  DESMET AVE  HARVEY ND 583411231",NA,2016-08-05,2016,"1",NA,NA
"620","38103",NA,"80568000","10",NA,NA,NA,NA,NA,NA,NA,NA,NA,"408  CLARK AVE  HARVEY ND 583411222",77550,2015-05-04,2015,"1",NA,NA
"621","38103",NA,"80598000","10",NA,NA,NA,NA,NA,NA,NA,NA,NA,"204  6TH ST E HARVEY ND 583411107",58200,2013-09-13,2013,"1",NA,NA
"622","38103",NA,"80615000","10",NA,NA,NA,NA,NA,NA,NA,NA,NA,"312  BURKE AVE  HARVEY ND 583411127",4871,2019-11-12,2019,"1",NA,NA
"623","38103",NA,"80619000","10",NA,NA,NA,NA,NA,NA,NA,NA,NA,"317  ADAMS AVE  HARVEY ND 583411112",46600,2007-01-12,2007,"1",NA,NA
"624","38103",NA,"80689000","10",NA,NA,NA,NA,NA,NA,NA,NA,NA,"608  PLEASANT ST  HARVEY ND 583411910",29000,2012-04-27,2012,"1",NA,NA
"625","38103",NA,"80770000","10",NA,NA,NA,NA,NA,NA,NA,NA,NA,"ND",5000,2018-05-29,2018,"1",NA,NA
"626","38103",NA,"80787000","10",NA,NA,NA,NA,NA,NA,NA,NA,NA,"805  DIVINE AVE  HARVEY ND 583411617",NA,2016-07-15,2016,"1",NA,NA
"627","38103",NA,"80806000","10",NA,NA,NA,NA,NA,NA,NA,NA,NA,"1444  ADVENT ST  HARVEY ND 583411702",135000,2019-01-31,2019,"1",NA,NA
"628","38103",NA,"80840000","10",NA,NA,NA,NA,NA,NA,NA,NA,NA,"524  JUDY BLVD  HARVEY ND 583411902",NA,2019-11-08,2019,"1",NA,NA
"629","38103",NA,"80903000","10",NA,NA,NA,NA,NA,NA,NA,NA,NA,"405  EMERSON AVE  HARVEY ND 583411225",42500,2014-12-18,2014,"1",NA,NA
"630","38103",NA,"80943000","10",NA,NA,NA,NA,NA,NA,NA,NA,NA,"931  FRANKLIN AVE  HARVEY ND 583411911",NA,2014-10-21,2014,"1",NA,NA
"631","38103",NA,"81016000","10",NA,NA,NA,NA,NA,NA,NA,NA,NA,"1392  ELM AVE  HARVEY ND 583411724",70000,2012-04-04,2012,"1",NA,NA
"632","38103",NA,"81039000","10",NA,NA,NA,NA,NA,NA,NA,NA,NA,"820  5TH ST E HARVEY ND 583411301",125000,2018-06-20,2018,"1",NA,NA
"633","38103",NA,"81068000","10",NA,NA,NA,NA,NA,NA,NA,NA,NA,"900  6TH ST E HARVEY ND 58341",90000,2006-03-23,2006,"1",NA,NA
"634","38103",NA,"81131000","10",NA,NA,NA,NA,NA,NA,NA,NA,NA,"1451  ADVENT ST  HARVEY ND 583411701",145000,2019-04-22,2019,"1",NA,NA
"635","38103",NA,"81153000","10",NA,NA,NA,NA,NA,NA,NA,NA,NA,"1513  GARFIELD ST  HARVEY ND 583411805",130000,2006-10-16,2006,"1",NA,NA
"636","38103",NA,"81166000","10",NA,NA,NA,NA,NA,NA,NA,NA,NA,"1617  GARFIELD ST  HARVEY ND 583411807",255000,2019-09-27,2019,"1",NA,NA
"637","38103",NA,"81171001","10",NA,NA,NA,NA,NA,NA,NA,NA,NA,"413  JACKSON AVE  HARVEY ND 583411324",8000,2018-10-24,2018,"1",NA,NA
"638","38103",NA,"81180000","10",0.29,12632,NA,NA,NA,NA,NA,NA,NA,"234  KENNEDY AVE  HARVEY ND 583411357",NA,2015-03-11,2015,"1",NA,NA
"639","38103",NA,"81202000","10",NA,NA,NA,NA,NA,NA,NA,NA,NA,"336  KENNEDY AVE  HARVEY ND 583411359",37500,2012-08-15,2012,"1",NA,NA
"640","38103",NA,"81204000","10",NA,NA,NA,NA,NA,NA,NA,NA,NA,"348  KENNEDY AVE  HARVEY ND 583411359",46100,2006-07-28,2006,"1",NA,NA
"641","38103",NA,"81213000","10",NA,NA,NA,NA,NA,NA,NA,NA,NA,"331  JACKSON AVE  HARVEY ND 583411348",NA,2017-08-17,2017,"1",NA,NA
"642","38103",NA,"81223000","10",NA,NA,NA,NA,NA,NA,NA,NA,NA,"212  CLARK AVE  HARVEY ND 583411218",170000,2018-11-21,2018,"1",NA,NA
"643","38103",NA,"81244000","10",NA,NA,NA,NA,NA,NA,NA,NA,NA,"424  4TH ST E HARVEY ND 583411211",133879.54,2015-07-21,2015,"1",NA,NA
"644","38103",NA,"81262000","10",NA,NA,NA,NA,NA,NA,NA,NA,NA,"1023  JILL AVE  HARVEY ND 583411812",134000,2007-07-02,2007,"1",NA,NA
"645","38103","381039600002820","02133000","10",4.61,200812,NA,NA,NA,NA,NA,NA,NA,"ND",NA,2013-10-28,2013,"1",47.442401,-99.326086
"646","38103",NA,"05720000","10",NA,NA,NA,NA,NA,NA,NA,NA,NA,"23  SEXTON AVE  NEW ROCKFORD ND 583567003",20000,2019-10-17,2019,"1",NA,NA
"647","38103",NA,"05777000","10",NA,NA,NA,NA,NA,NA,NA,NA,NA,"15  GROVE ST  NEW ROCKFORD ND 583567002",16500,2008-08-06,2008,"1",NA,NA
"648","38103","381039600002240","09009001","10",6.4,278784,NA,NA,NA,NA,NA,NA,NA,"5209  11TH ST NE CATHAY ND 584229502",175000,2020-02-10,2020,"1",47.573711,-99.435708
