"","geoid_cnty","geoid_blk","p_id_iris_frmtd","property_indicator","acres","land_square_footage","bldg_code","building_square_feet","living_square_feet","year_built","effective_year_built","bedrooms","baths_appraised","property_address","sale_price","sale_date","sale_year","transaction_type","property_centroid_latitude","property_centroid_longitude"
"1","51045",NA,"44-A-17-B","10",10.5,457380,NA,NA,NA,NA,NA,NA,NA,"4836  PAINT BANK RD  NEW CASTLE VA 241276718",158000,2015-09-08,2015,"1",NA,NA
"2","51045",NA,"45-A-23","10",5,217800,NA,NA,NA,NA,NA,NA,NA,"",59900,2015-04-09,2015,"1",NA,NA
"3","51045",NA,"47-4-15-C","10",1.25,54450,NA,NA,NA,NA,NA,NA,NA,"444  CAMP MITCHELL RD  NEW CASTLE VA 241276389",189000,2016-01-16,2016,"1",NA,NA
"4","51045",NA,"47-8-14","10",1.65,71874,NA,NA,NA,NA,NA,NA,NA,"14  ANGEL LN  NEW CASTLE VA 241276102",133100,2017-12-20,2017,"1",NA,NA
"5","51045",NA,"47-8-5","10",1,43647,NA,NA,NA,NA,NA,NA,NA,"245  HOOT OWL RD  NEW CASTLE VA 24127",80000,2018-10-25,2018,"1",NA,NA
"6","51045",NA,"47-A-1-A","10",14.58,634931,NA,NA,NA,NA,NA,NA,NA,"1084  CC MOUNTAIN RD  NEW CASTLE VA 241276146",125100,2014-02-06,2014,"1",NA,NA
"7","51045",NA,"47-A3-1-17-13","10",NA,NA,NA,NA,NA,NA,NA,NA,NA,"",85000,2011-03-01,2011,"1",NA,NA
"8","51045",NA,"47-A3-1-22-7","10",NA,NA,NA,NA,NA,NA,NA,NA,NA,"181  4TH ST  NEW CASTLE VA 241276035",55000,2014-03-07,2014,"1",NA,NA
"9","51045",NA,"47-A3-1-29-10","10",NA,NA,NA,NA,NA,NA,NA,NA,NA,"",22536,2019-10-14,2019,"1",NA,NA
"10","51045",NA,"47-A3-1-A-60","10",NA,NA,NA,NA,NA,NA,NA,NA,NA,"VA",14000,2019-02-12,2019,"1",NA,NA
"11","51045",NA,"47-A6-10-27-8-A","10",NA,NA,NA,NA,NA,NA,NA,NA,NA,"260  HERNDON AVE  NEW CASTLE VA 241277916",110100,2018-06-04,2018,"1",NA,NA
"12","51045",NA,"47-A6-10-38-19","10",NA,NA,NA,NA,NA,NA,NA,NA,NA,"120  WOODMAN AVE  NEW CASTLE VA 241277537",85000,2017-03-13,2017,"1",NA,NA
"13","51045",NA,"47-A6-10-60-F","10",NA,NA,NA,NA,NA,NA,NA,NA,NA,"",65000,2019-09-11,2019,"1",NA,NA
"14","51045",NA,"47-A6-10-61-1","10",NA,NA,NA,NA,NA,NA,NA,NA,NA,"49  HOLCOMBE AVE  NEW CASTLE VA 241277961",91425,2019-04-01,2019,"1",NA,NA
"15","51045",NA,"47-A6-10-6-15","10",NA,NA,NA,NA,NA,NA,NA,NA,NA,"252  WAGENER ST  NEW CASTLE VA 241277936",118000,2015-03-17,2015,"1",NA,NA
"16","51045",NA,"47-A6-12-11-A","10",NA,NA,NA,NA,NA,NA,NA,NA,NA,"626  HOLCOMBE AVE  NEW CASTLE VA 241278000",45000,2016-02-19,2016,"1",NA,NA
"17","51045",NA,"47-A6-9-2-6","10",NA,NA,NA,NA,NA,NA,NA,NA,NA,"354  COURT ST  NEW CASTLE VA 241277505",24500,2016-08-25,2016,"1",NA,NA
"18","51045",NA,"47-A6-9-3-1","10",1.02,44257,NA,NA,NA,NA,NA,NA,NA,"358  COURT ST  NEW CASTLE VA 241277505",125000,2018-04-19,2018,"1",NA,NA
"19","51045",NA,"48-A-14-A","10",1,43647,NA,NA,NA,NA,NA,NA,NA,"",22500,2011-06-06,2011,"7",NA,NA
"20","51045",NA,"48-A-1-9-8","10",NA,NA,NA,NA,NA,NA,NA,NA,NA,"",75000,2018-05-02,2018,"1",NA,NA
"21","51045",NA,"48-A-1-9-9","10",NA,NA,NA,NA,NA,NA,NA,NA,NA,"",75000,2018-05-02,2018,"1",NA,NA
"22","51045",NA,"53-A-1-3-4","10",NA,NA,NA,NA,NA,NA,NA,NA,NA,"VA",12000,2018-02-20,2018,"1",NA,NA
"23","51045",NA,"54-A-21","10",4.83,210351,NA,NA,NA,NA,NA,NA,NA,"12783  JOHNS CREEK RD  NEW CASTLE VA 241276779",48600,2012-02-21,2012,"1",NA,NA
"24","51045",NA,"55-1-13","10",9.16,399053,NA,NA,NA,NA,NA,NA,NA,"",115000,2020-02-18,2020,"1",NA,NA
"25","51045",NA,"55-A-8-A","10",5,217800,NA,NA,NA,NA,NA,NA,NA,"16104  JOHNS CREEK RD  NEW CASTLE VA 241276758",80000,2018-06-26,2018,"1",NA,NA
"26","51045",NA,"57-2-15","10",5.14,223811,NA,NA,NA,NA,NA,NA,NA,"371  BEAR HOLLOW TRL  NEW CASTLE VA 241277119",175500,2016-08-24,2016,"1",NA,NA
"27","51045",NA,"58-1-19","10",2.98,129987,NA,NA,NA,NA,NA,NA,NA,"735  APS KNOB RD  NEW CASTLE VA 241276111",148000,2016-09-30,2016,"1",NA,NA
"28","51045",NA,"58-1-33","10",2.14,93005,NA,NA,NA,NA,NA,NA,NA,"644  APS KNOB RD  NEW CASTLE VA 24127",64950,2015-01-15,2015,"1",NA,NA
"29","51045",NA,"58-1-35","10",1.47,64081,NA,NA,NA,NA,NA,NA,NA,"",17900,2014-03-25,2014,"1",NA,NA
"30","51045",NA,"58-4-5","10",3.52,153331,NA,NA,NA,NA,NA,NA,NA,"VA",20000,2014-04-04,2014,"1",NA,NA
"31","51045",NA,"58-A-3","10",17.47,760993,NA,NA,NA,NA,NA,NA,NA,"12676  LITTLE MOUNTAIN RD  NEW CASTLE VA 241277581",44500,2016-04-25,2016,"7",NA,NA
"32","51045",NA,"59-A-11","10",1.25,54450,NA,NA,NA,NA,NA,NA,NA,"41  YODER ST  NEW CASTLE VA 241278074",92500,2017-06-06,2017,"1",NA,NA
"33","51045",NA,"59-A-28","10",0.75,32670,NA,NA,NA,NA,NA,NA,NA,"",181000,2019-01-16,2019,"1",NA,NA
"34","51045",NA,"59-A-54","10",0.48,20996,NA,NA,NA,NA,NA,NA,NA,"8992  CRAIG VALLEY DR  NEW CASTLE VA 241278533",18009,2018-09-19,2018,"1",NA,NA
"35","51045",NA,"65-A-8","10",3.13,136343,NA,NA,NA,NA,NA,NA,NA,"55  HORSE HILL LN  NEW CASTLE VA 241276907",155000,2015-10-08,2015,"1",NA,NA
"36","51045",NA,"67-A-6-A","10",5.6,243980,NA,NA,NA,NA,NA,NA,NA,"VA",235000,2018-05-29,2018,"1",NA,NA
"37","51045",NA,"67-A-9-B","10",0.37,16030,NA,NA,NA,NA,NA,NA,NA,"VA",365000,2018-05-29,2018,"1",NA,NA
"38","51045",NA,"73-6-4-E","10",1.58,68955,NA,NA,NA,NA,NA,NA,NA,"1  BOTTOM CREEK DR  NEW CASTLE VA 241278526",72000,2014-07-24,2014,"1",NA,NA
"39","51045",NA,"73-A-54-A","10",1.57,68476,NA,NA,NA,NA,NA,NA,NA,"",47000,2014-08-05,2014,"7",NA,NA
"40","51045",NA,"79-3-8","10",6.82,297079,NA,NA,NA,NA,NA,NA,NA,"VA",99900,2019-01-14,2019,"1",NA,NA
"41","51045",NA,"79-4-6","10",5.92,257875,NA,NA,NA,NA,NA,NA,NA,"VA",47000,2011-05-06,2011,"1",NA,NA
"42","51045",NA,"79-A-1-13","10",9.25,402930,NA,NA,NA,NA,NA,NA,NA,"VA",90000,2019-05-30,2019,"1",NA,NA
"43","51045",NA,"79-A-1-14","10",15.25,664290,NA,NA,NA,NA,NA,NA,NA,"VA",125000,2013-03-26,2013,"1",NA,NA
"44","51045",NA,"79-A-1-42","10",7.14,311018,NA,NA,NA,NA,NA,NA,NA,"VA",53250,2015-10-14,2015,"3",NA,NA
"45","51045",NA,"79-A-1-70","10",11.88,517493,NA,NA,NA,NA,NA,NA,NA,"VA",60000,2015-02-02,2015,"1",NA,NA
"46","51045",NA,"80-A-15-B","10",5.16,224857,NA,NA,NA,NA,NA,NA,NA,"VA",1e+05,2013-02-14,2013,"1",NA,NA
"47","51045",NA,"80-A-22-A","10",1,43560,NA,NA,NA,NA,NA,NA,NA,"VA",30000,2019-01-15,2019,"1",NA,NA
"48","51045",NA,"86-1-4","10",5.1,222156,NA,NA,NA,NA,NA,NA,NA,"491  SYCAMORE XING  NEW CASTLE VA 241278646",123000,2016-09-30,2016,"1",NA,NA
"49","51045",NA,"86-7-8","10",5.49,239319,NA,NA,NA,NA,NA,NA,NA,"812  WALTONS MOUNTAIN RD  NEW CASTLE VA 241278681",113830,2019-04-04,2019,"1",NA,NA
"50","51045",NA,"86-A-62","10",3.34,145490,NA,NA,NA,NA,NA,NA,NA,"5221  CRAIG VALLEY DR  NEW CASTLE VA 241278578",82000,2016-06-24,2016,"1",NA,NA
"51","51045",NA,"100-A-7","10",4.28,186263,NA,NA,NA,NA,NA,NA,NA,"VA",34650,2015-09-25,2015,"1",NA,NA
"52","51045",NA,"105-3-12","10",6.19,269558,NA,NA,NA,NA,NA,NA,NA,"460  BIG MEADOWS DR  NEWPORT VA 241283612",144000,2014-04-15,2014,"1",NA,NA
"53","51045",NA,"105-A-25","10",15.03,654881,NA,NA,NA,NA,NA,NA,NA,"",45000,2011-04-07,2011,"1",NA,NA
"54","51045",NA,"105-A-43-D","10",8.54,371785,NA,NA,NA,NA,NA,NA,NA,"",60000,2011-08-02,2011,"1",NA,NA
"55","51045",NA,"109-1-2","10",8.46,368352,NA,NA,NA,NA,NA,NA,NA,"",76100,2016-05-26,2016,"1",NA,NA
"56","51045",NA,"109-A-17-A","10",5.03,219237,NA,NA,NA,NA,NA,NA,NA,"VA",45000,2013-07-08,2013,"1",NA,NA
"57","51045",NA,"110-1-12","10",2.15,93741,NA,NA,NA,NA,NA,NA,NA,"",130000,2016-09-16,2016,"1",NA,NA
"58","51045",NA,"110-1-13","10",2.77,120705,NA,NA,NA,NA,NA,NA,NA,"",130000,2016-09-16,2016,"1",NA,NA
"59","51045",NA,"110-1-14","10",2.7,117612,NA,NA,NA,NA,NA,NA,NA,"",185000,2019-04-23,2019,"1",NA,NA
"60","51045",NA,"111-1-2","10",4.03,175373,NA,NA,NA,NA,NA,NA,NA,"99  LAUREL HILL PASS  NEW CASTLE VA 241274017",127600,2017-09-01,2017,"1",NA,NA
"61","51045",NA,"114-1-5","10",15,653400,NA,NA,NA,NA,NA,NA,NA,"371  NORTHSIDE RD  NEWPORT VA 241284200",47000,2013-03-01,2013,"6",NA,NA
"62","51045",NA,"114-A-50","10",10.7,466092,NA,NA,NA,NA,NA,NA,NA,"VA",26000,2012-02-11,2012,"1",NA,NA
"63","51045",NA,"114-A-8","10",2.09,90866,NA,NA,NA,NA,NA,NA,NA,"1891  CUMBERLAND GAP RD  NEWPORT VA 241284144",58000,2011-02-24,2011,"7",NA,NA
"64","51045",NA,"115-1-3-A","10",5.01,218236,NA,NA,NA,NA,NA,NA,NA,"4551  NORTHSIDE RD  NEWPORT VA 241284342",365000,2018-10-15,2018,"1",NA,NA
"65","51045",NA,"118-1-6-D","10",6.57,286189,NA,NA,NA,NA,NA,NA,NA,"24  SWEENEY LN  CATAWBA VA 240705682",373000,2012-09-13,2012,"1",NA,NA
"66","51045",NA,"120-1-8-A","10",2.08,90605,NA,NA,NA,NA,NA,NA,NA,"758  CUMBERLAND GAP RD  NEWPORT VA 241284316",268000,2016-04-29,2016,"1",NA,NA
"67","51045",NA,"120-2-1","10",8.03,349700,NA,NA,NA,NA,NA,NA,NA,"142  WOODCRAFTER LN  NEWPORT VA 241283672",75000,2016-08-18,2016,"1",NA,NA
"68","51045",NA,"25-A-18-A","10",5,217800,NA,NA,NA,NA,NA,NA,NA,"477  OAK LN  NEW CASTLE VA 241276533",158037,2011-11-15,2011,"3",NA,NA
"69","51045",NA,"26-A-24","10",3.01,130898,NA,NA,NA,NA,NA,NA,NA,"21  LITTLE MOUNTAIN TRL  NEW CASTLE VA 241276607",91600,2016-01-11,2016,"1",NA,NA
"70","51045",NA,"26-A-7-2-B","10",0.33,14418,NA,NA,NA,NA,NA,NA,NA,"VA",62500,2015-07-10,2015,"1",NA,NA
"71","51045",NA,"26-A-7-4-B","10",NA,NA,NA,NA,NA,NA,NA,NA,NA,"",6100,2015-07-23,2015,"1",NA,NA
"72","51045",NA,"27-A-8","10",18.41,801940,NA,NA,NA,NA,NA,NA,NA,"VA",1238500,2019-06-18,2019,"1",NA,NA
"73","51045",NA,"34-A-19","10",11.64,507213,NA,NA,NA,NA,NA,NA,NA,"1016  RED BRUSH RD  NEW CASTLE VA 241277003",82500,2015-04-15,2015,"1",NA,NA
"74","51045",NA,"34-A-28","10",5,217800,NA,NA,NA,NA,NA,NA,NA,"",150000,2011-10-26,2011,"1",NA,NA
"75","51045",NA,"44-A-16","10",10.41,453503,NA,NA,NA,NA,NA,NA,NA,"5201  PAINT BANK RD  NEW CASTLE VA 241276719",69000,2015-09-01,2015,"1",NA,NA
"76","51045",NA,"105-A-38-A","10",5,217800,NA,NA,NA,NA,NA,NA,NA,"4  GRAVEL HILL RD  NEWPORT VA 241285204",119100,2018-12-03,2018,"1",NA,NA
"77","51045",NA,"105-A-50-A","10",3.22,140089,NA,NA,NA,NA,NA,NA,NA,"",170000,2020-01-17,2020,"1",NA,NA
"78","51045",NA,"105-A-51","10",8.24,358747,NA,NA,NA,NA,NA,NA,NA,"5632  CUMBERLAND GAP RD  NEWPORT VA 241285210",234000,2013-07-25,2013,"1",NA,NA
"79","51045",NA,"106-A-7","10",18.27,795841,NA,NA,NA,NA,NA,NA,NA,"VA",164000,2018-12-03,2018,"7",NA,NA
"80","51045",NA,"110-1-1","10",1.4,60984,NA,NA,NA,NA,NA,NA,NA,"",69500,2017-04-11,2017,"1",NA,NA
"81","51045",NA,"110-1-15","10",1.9,82764,NA,NA,NA,NA,NA,NA,NA,"",185000,2019-04-23,2019,"1",NA,NA
"82","51045",NA,"114-A-30","10",13.56,590674,NA,NA,NA,NA,NA,NA,NA,"544  LAUREL CREEK LN  NEWPORT VA 241284235",78000,2014-05-05,2014,"1",NA,NA
"83","51045",NA,"120-1-8-D","10",2.56,111296,NA,NA,NA,NA,NA,NA,NA,"740  CUMBERLAND GAP RD  NEWPORT VA 241284316",525000,2018-06-04,2018,"1",NA,NA
"84","51045",NA,"19-A-6","10",4,174240,NA,NA,NA,NA,NA,NA,NA,"VA",359000,2019-01-18,2019,"1",NA,NA
"85","51045",NA,"20-A-28","10",1,43560,NA,NA,NA,NA,NA,NA,NA,"",170000,2012-07-19,2012,"1",NA,NA
"86","51045",NA,"24-1-10","10",2,87120,NA,NA,NA,NA,NA,NA,NA,"1754  BARBOURS CREEK RD  NEW CASTLE VA 241277075",63000,1971-05-14,1971,"1",NA,NA
"87","51045",NA,"25-A-19-A","10",10.08,438998,NA,NA,NA,NA,NA,NA,NA,"343  OAK LN  NEW CASTLE VA 241276535",135100,2017-11-10,2017,"1",NA,NA
"88","51045",NA,"26-A-2-23-C","10",2.61,113517,NA,NA,NA,NA,NA,NA,NA,"223  PATTON DR  NEW CASTLE VA 241276561",NA,2014-05-02,2014,"6",NA,NA
"89","51045",NA,"26-A-2-30-A","10",1,43734,NA,NA,NA,NA,NA,NA,NA,"187  VERNON PL  NEW CASTLE VA 241276549",47000,2015-03-26,2015,"1",NA,NA
"90","51045",NA,"26-A-2-31-A","10",1.09,47263,NA,NA,NA,NA,NA,NA,NA,"43  VERNON PL  NEW CASTLE VA 241276551",24300,2015-08-26,2015,"1",NA,NA
"91","51045",NA,"27-1-60","10",NA,NA,NA,NA,NA,NA,NA,NA,NA,"90  MEADOWS OF CRAIG  E NEW CASTLE VA 241276601",65000,2015-09-10,2015,"1",NA,NA
"92","51045",NA,"27-A-10","10",17.3,753675,NA,NA,NA,NA,NA,NA,NA,"VA",255000,2015-12-10,2015,"1",NA,NA
"93","51045",NA,"34-A-28-D","10",16,697134,NA,NA,NA,NA,NA,NA,NA,"",150000,2011-10-26,2011,"1",NA,NA
"94","51045",NA,"35-1-17","10",5.02,218671,NA,NA,NA,NA,NA,NA,NA,"",211500,2018-12-05,2018,"1",NA,NA
"95","51045",NA,"35-A-65","10",121.39,5287531,NA,NA,NA,NA,NA,NA,NA,"VA",437250,2017-01-05,2017,"1",NA,NA
"96","51045",NA,"37-1-33-A","10",5.06,220283,NA,NA,NA,NA,NA,NA,NA,"22932  CRAIGS CREEK RD  NEW CASTLE VA 241276297",250000,2016-11-30,2016,"1",NA,NA
"97","51045",NA,"47-2-23","10",1.14,49658,NA,NA,NA,NA,NA,NA,NA,"",286000,2017-08-30,2017,"1",NA,NA
"98","51045",NA,"47-A2-1-73-1","10",NA,NA,NA,NA,NA,NA,NA,NA,NA,"",61500,2012-05-03,2012,"1",NA,NA
"99","51045",NA,"47-A2-2-12","10",NA,NA,NA,NA,NA,NA,NA,NA,NA,"50  RAILROAD AVE  NEW CASTLE VA 241276086",39500,2011-04-28,2011,"1",NA,NA
"100","51045",NA,"47-A3-1-1","10",3.54,154246,NA,NA,NA,NA,NA,NA,NA,"NEW CASTLE VA 24127",110000,2014-11-18,2014,"1",NA,NA
"101","51045",NA,"47-A3-1-11-10","10",NA,NA,NA,NA,NA,NA,NA,NA,NA,"26376  CRAIGS CREEK RD  NEW CASTLE VA 241276315",75000,2019-08-02,2019,"1",NA,NA
"102","51045",NA,"47-A3-1-24-10","10",NA,NA,NA,NA,NA,NA,NA,NA,NA,"112  MAGNOLIA AVE  NEW CASTLE VA 241276070",122100,2018-06-15,2018,"1",NA,NA
"103","51045",NA,"47-A3-1-4-9","10",NA,NA,NA,NA,NA,NA,NA,NA,NA,"",18000,2019-07-19,2019,"1",NA,NA
"104","51045",NA,"47-A3-1-9-15","10",NA,NA,NA,NA,NA,NA,NA,NA,NA,"CRAIGS CREEK RD  NEW CASTLE VA 24127",22500,2011-02-16,2011,"1",NA,NA
"105","51045",NA,"47-A3-1-9-21","10",NA,NA,NA,NA,NA,NA,NA,NA,NA,"",138850,2014-06-10,2014,"3",NA,NA
"106","51045",NA,"47-A6-10-17-2-A","10",NA,NA,NA,NA,NA,NA,NA,NA,NA,"95  SCOTT AVE  NEW CASTLE VA 241277927",125000,2016-09-26,2016,"1",NA,NA
"107","51045",NA,"47-A6-10-3","10",0.69,30144,NA,NA,NA,NA,NA,NA,NA,"3035  PETERS CREEK RDNW   NEW CASTLE VA 24127",128600,2018-09-28,2018,"1",NA,NA
"108","51045",NA,"47-A6-10-36-1-A","10",0.24,10240,NA,NA,NA,NA,NA,NA,NA,"VA",62500,2011-10-06,2011,"1",NA,NA
"109","51045",NA,"47-A6-10-36-7","10",NA,NA,NA,NA,NA,NA,NA,NA,NA,"VA",187500,2011-10-06,2011,"1",NA,NA
"110","51045",NA,"47-A6-10-51-1","10",NA,NA,NA,NA,NA,NA,NA,NA,NA,"72  HERNDON AVE  NEW CASTLE VA 241277914",133900,2018-06-21,2018,"1",NA,NA
"111","51045",NA,"47-A6-3-34","10",NA,NA,NA,NA,NA,NA,NA,NA,NA,"206  WALNUT ST  NEW CASTLE VA 241277501",87000,2018-07-05,2018,"1",NA,NA
"112","51045",NA,"47-A6-3-41","10",NA,NA,NA,NA,NA,NA,NA,NA,NA,"225  WALNUT ST  NEW CASTLE VA 241277500",115000,2013-01-23,2013,"1",NA,NA
"113","51045",NA,"47-A6-5-13","10",NA,NA,NA,NA,NA,NA,NA,NA,NA,"",135000,2019-05-22,2019,"1",NA,NA
"114","51045",NA,"47-A7-1-A","10",NA,NA,NA,NA,NA,NA,NA,NA,NA,"",161000,2019-12-05,2019,"1",NA,NA
"115","51045",NA,"55-1-12","10",10.11,440348,NA,NA,NA,NA,NA,NA,NA,"",115000,2020-02-18,2020,"1",NA,NA
"116","51045",NA,"55-A-8","10",5,217800,NA,NA,NA,NA,NA,NA,NA,"16000  JOHNS CREEK RD  NEW CASTLE VA 241276760",88000,2019-08-05,2019,"1",NA,NA
"117","51045",NA,"57-2-5","10",5.2,226381,NA,NA,NA,NA,NA,NA,NA,"372  BEAR HOLLOW TRL  NEW CASTLE VA 24127",196500,2012-07-23,2012,"1",NA,NA
"118","51045",NA,"57-3-1-B","10",5.15,224116,NA,NA,NA,NA,NA,NA,NA,"903  MOUNTAIN ACRES CIR  NEW CASTLE VA 241274013",165000,2016-07-05,2016,"1",NA,NA
"119","51045",NA,"57-5-1","10",6.71,292157,NA,NA,NA,NA,NA,NA,NA,"2965  PAINT BANK RD  NEW CASTLE VA 24127",272100,2018-06-20,2018,"1",NA,NA
"120","51045",NA,"57-5-3","10",7.58,330141,NA,NA,NA,NA,NA,NA,NA,"285  FOXTAIL HOLLOW RD  NEW CASTLE VA 24127",52500,2014-02-28,2014,"1",NA,NA
"121","51045",NA,"57-A-9-B","10",5,217800,NA,NA,NA,NA,NA,NA,NA,"",189900,2018-11-16,2018,"1",NA,NA
"122","51045",NA,"58-1-23","10",4.18,181950,NA,NA,NA,NA,NA,NA,NA,"VA",177500,2015-07-22,2015,"1",NA,NA
"123","51045",NA,"58-A-28","10",2.6,113256,NA,NA,NA,NA,NA,NA,NA,"376  YODER ST  NEW CASTLE VA 241277926",50000,2016-04-25,2016,"1",NA,NA
"124","51045",NA,"58-A-34-C","10",6.36,277129,NA,NA,NA,NA,NA,NA,NA,"VA",3e+05,2019-03-16,2019,"1",NA,NA
"125","51045",NA,"59-1-9","10",5.8,252648,NA,NA,NA,NA,NA,NA,NA,"241277947",172900,2011-09-15,2011,"6",NA,NA
"126","51045",NA,"59-A-10","10",11.75,511830,NA,NA,NA,NA,NA,NA,NA,"187  YODER ST  NEW CASTLE VA 241277921",137500,2014-05-05,2014,"1",NA,NA
"127","51045",NA,"59-A-56-E","10",9.27,403583,NA,NA,NA,NA,NA,NA,NA,"",30000,2018-04-24,2018,"1",NA,NA
"128","51045",NA,"64-1-22","10",5,217800,NA,NA,NA,NA,NA,NA,NA,"VA",65000,2019-05-13,2019,"1",NA,NA
"129","51045",NA,"65-A-13-A","10",6.98,304049,NA,NA,NA,NA,NA,NA,NA,"2078  DICKS CREEK RD  NEW CASTLE VA 241276936",33100,2018-05-22,2018,"1",NA,NA
"130","51045",NA,"66-1-17","10",16.91,736774,NA,NA,NA,NA,NA,NA,NA,"VA",58500,2018-02-21,2018,"1",NA,NA
"131","51045",NA,"66-1-3","10",5.21,227078,NA,NA,NA,NA,NA,NA,NA,"3484  DICKS CREEK RD  NEW CASTLE VA 241276926",105000,2014-04-07,2014,"1",NA,NA
"132","51045",NA,"67-A-7-B","10",9.79,426322,NA,NA,NA,NA,NA,NA,NA,"VA",30100,2018-02-14,2018,"1",NA,NA
"133","51045",NA,"67-A-9-C","10",0.39,16814,NA,NA,NA,NA,NA,NA,NA,"VA",235000,2018-05-29,2018,"1",NA,NA
"134","51045",NA,"68-A-10-A","10",5,217800,NA,NA,NA,NA,NA,NA,NA,"5792  LITTLE MOUNTAIN RD  NEW CASTLE VA 241278106",87100,2015-03-10,2015,"1",NA,NA
"135","51045",NA,"71-A-55","10",16.31,710246,NA,NA,NA,NA,NA,NA,NA,"952  MILL RACE RD  NEW CASTLE VA 241277902",114900,2013-06-10,2013,"1",NA,NA
"136","51045",NA,"73-3-11","10",9.17,399315,NA,NA,NA,NA,NA,NA,NA,"889  MOUNTAIN BREEZE LN  NEW CASTLE VA 241278744",285000,2017-01-25,2017,"1",NA,NA
"137","51045",NA,"73-A-48","10",19.03,828947,NA,NA,NA,NA,NA,NA,NA,"6112  CRAIG VALLEY DR  NEW CASTLE VA 241278567",310100,2017-06-22,2017,"1",NA,NA
"138","51045",NA,"73-A-51","10",2.13,92870,NA,NA,NA,NA,NA,NA,NA,"",375000,2019-07-17,2019,"1",NA,NA
"139","51045",NA,"79-A-1-49","10",10.11,440392,NA,NA,NA,NA,NA,NA,NA,"VA",90000,2019-01-07,2019,"1",NA,NA
"140","51045",NA,"79-A-1-51","10",10.89,474368,NA,NA,NA,NA,NA,NA,NA,"VA",67800,2015-10-14,2015,"3",NA,NA
"141","51045",NA,"79-A-1-60","10",8.52,371131,NA,NA,NA,NA,NA,NA,NA,"VA",120000,2015-11-02,2015,"1",NA,NA
"142","51045",NA,"86-A-57-G","10",5,217800,NA,NA,NA,NA,NA,NA,NA,"",22000,2012-02-28,2012,"1",NA,NA
"143","51045",NA,"87-1-5","10",16.79,731216,NA,NA,NA,NA,NA,NA,NA,"",70347,2014-03-12,2014,"1",NA,NA
"144","51045",NA,"88-A-5","10",7.64,332973,NA,NA,NA,NA,NA,NA,NA,"205  BROAD RUN RD  NEW CASTLE VA 241278522",221100,2018-09-05,2018,"1",NA,NA
"145","51045",NA,"92-A-22","10",12.41,540580,NA,NA,NA,NA,NA,NA,NA,"VA",55000,2014-06-25,2014,"1",NA,NA
"146","51045",NA,"94-A-37-A","10",5,217800,NA,NA,NA,NA,NA,NA,NA,"142  WHISPER RIDGE LN  NEW CASTLE VA 241278103",138200,2019-09-17,2019,"1",NA,NA
"147","51045",NA,"95-A-13","10",3.09,134600,NA,NA,NA,NA,NA,NA,NA,"",277640,2015-02-19,2015,"1",NA,NA
"148","51045",NA,"95-A-2","10",5,217800,NA,NA,NA,NA,NA,NA,NA,"1171  LITTLE MOUNTAIN RD  NEW CASTLE VA 241277794",239000,2019-08-08,2019,"1",NA,NA
"149","51045",NA,"98-A-32","10",6,261360,NA,NA,NA,NA,NA,NA,NA,"6929  UPPER CRAIGS CREEK RD  CATAWBA VA 240705573",160000,2011-12-13,2011,"1",NA,NA
"150","51045",NA,"98-A-9","10",0.77,33541,NA,NA,NA,NA,NA,NA,NA,"6012  UPPER CRAIGS CREEK RD  CATAWBA VA 240705558",129950,2017-04-24,2017,"1",NA,NA
"151","51045",NA,"99-1-9-B","10",1.43,62334,NA,NA,NA,NA,NA,NA,NA,"9857  UPPER CRAIGS CREEK RD  CATAWBA VA 240703203",177600,2018-11-13,2018,"1",NA,NA
"152","51045",NA,"99-A-71","10",2.4,104544,NA,NA,NA,NA,NA,NA,NA,"VA",115000,2019-09-06,2019,"1",NA,NA
"153","51045",NA,"105-A-35-A","10",0.17,7362,NA,NA,NA,NA,NA,NA,NA,"",50000,2017-07-26,2017,"1",NA,NA
"154","51045",NA,"105-A-52","10",5,217800,NA,NA,NA,NA,NA,NA,NA,"5378  CUMBERLAND GAP RD  NEWPORT VA 241285208",138000,2015-10-29,2015,"1",NA,NA
"155","51045",NA,"105-A-53","10",11.07,482122,NA,NA,NA,NA,NA,NA,NA,"",49500,2020-01-13,2020,"1",NA,NA
"156","51045",NA,"110-1-16","10",1.7,74052,NA,NA,NA,NA,NA,NA,NA,"",185000,2019-04-23,2019,"1",NA,NA
"157","51045",NA,"115-A-17-C","10",29.2,1272126,NA,NA,NA,NA,NA,NA,NA,"NEWPORT VA 24128",79900,2015-10-16,2015,"1",NA,NA
"158","51045",NA,"115-A-37-A","10",5.13,223593,NA,NA,NA,NA,NA,NA,NA,"3267  NORTHSIDE RD  NEWPORT VA 241284165",120000,2017-08-11,2017,"1",NA,NA
"159","51045",NA,"120-1-8-C","10",2.2,95701,NA,NA,NA,NA,NA,NA,NA,"58  BLUEBIRD LN  NEWPORT VA 24128",525000,2018-06-04,2018,"1",NA,NA
"160","51045",NA,"120-2-2","10",3.45,150064,NA,NA,NA,NA,NA,NA,NA,"86  WOODCRAFTER LN  NEWPORT VA 241283667",95000,2014-09-26,2014,"1",NA,NA
"161","51045",NA,"120-A-14","10",8.8,383415,NA,NA,NA,NA,NA,NA,NA,"553  STEVERS GAP TRL  NEWPORT VA 241284220",295100,2015-05-15,2015,"1",NA,NA
"162","51045",NA,"120-A-17","10",2.16,94090,NA,NA,NA,NA,NA,NA,NA,"852  CUMBERLAND GAP RD  NEWPORT VA 241284221",165000,2017-03-30,2017,"1",NA,NA
"163","51045",NA,"25-A-22","10",10.18,443223,NA,NA,NA,NA,NA,NA,NA,"247  MILL CREEK LN  NEW CASTLE VA 241276519",285000,2016-04-05,2016,"1",NA,NA
"164","51045",NA,"26-A-11","10",1,43560,NA,NA,NA,NA,NA,NA,NA,"19804  CRAIGS CREEK RD  NEW CASTLE VA 241276600",135000,2012-08-30,2012,"1",NA,NA
"165","51045",NA,"26-A-2-26","10",3.5,152460,NA,NA,NA,NA,NA,NA,NA,"162  VERNON PL  NEW CASTLE VA 241276550",145100,2018-11-19,2018,"1",NA,NA
"166","51045",NA,"26-A-38","10",1,43560,NA,NA,NA,NA,NA,NA,NA,"514  MILL CREEK LN  NEW CASTLE VA 241276518",65000,2019-06-25,2019,"1",NA,NA
"167","51045",NA,"26-A-6-2","10",0.32,13939,NA,NA,NA,NA,NA,NA,NA,"VA",62500,2015-07-10,2015,"1",NA,NA
"168","51045",NA,"27-1-83","10",NA,NA,NA,NA,NA,NA,NA,NA,NA,"",28000,2011-04-26,2011,"1",NA,NA
"169","51045",NA,"36-A-2-8","10",2.73,118919,NA,NA,NA,NA,NA,NA,NA,"VA",23000,2014-09-02,2014,"1",NA,NA
"170","51045",NA,"38-A-1-D","10",15.31,666991,NA,NA,NA,NA,NA,NA,NA,"21800  CRAIGS CREEK RD  NEW CASTLE VA 241276512",175000,2015-08-12,2015,"1",NA,NA
"171","51045",NA,"38-A-32","10",2.05,89298,NA,NA,NA,NA,NA,NA,NA,"11611  PEACEFUL VALLEY RD  NEW CASTLE VA 241276502",195100,2018-06-10,2018,"1",NA,NA
"172","51045",NA,"46-A-8-A","10",1,43560,NA,NA,NA,NA,NA,NA,NA,"",169000,2012-06-21,2012,"1",NA,NA
"173","51045",NA,"47-2-15","10",1.15,50094,NA,NA,NA,NA,NA,NA,NA,"101  LITTLE VALLEY LN  NEW CASTLE VA 241276183",140000,2018-09-13,2018,"1",NA,NA
"174","51045",NA,"47-5-13","10",5.14,223681,NA,NA,NA,NA,NA,NA,NA,"688  HUNTERS DR  NEW CASTLE VA 24127",160000,2016-08-05,2016,"1",NA,NA
"175","51045",NA,"47-A2-1-83-7","10",NA,NA,NA,NA,NA,NA,NA,NA,NA,"",67200,2014-09-03,2014,"1",NA,NA
"176","51045",NA,"47-A2-2-3","10",NA,NA,NA,NA,NA,NA,NA,NA,NA,"45  MANGANESE AVE  NEW CASTLE VA 241276065",55000,2018-07-24,2018,"1",NA,NA
"177","51045",NA,"47-A3-1-25-15","10",0.34,14984,NA,NA,NA,NA,NA,NA,NA,"262  MAGNOLIA AVE  NEW CASTLE VA 241276072",159900,2014-10-02,2014,"1",NA,NA
"178","51045",NA,"47-A3-1-3-27","10",NA,NA,NA,NA,NA,NA,NA,NA,NA,"",70100,2018-08-07,2018,"1",NA,NA
"179","51045",NA,"47-A3-1-34-11","10",NA,NA,NA,NA,NA,NA,NA,NA,NA,"34  CHESTNUT AVE  NEW CASTLE VA 241276150",24900,2011-06-28,2011,"3",NA,NA
"180","51045",NA,"47-A3-1-56-1","10",NA,NA,NA,NA,NA,NA,NA,NA,NA,"17  7TH ST  NEW CASTLE VA 241276005",77600,2018-08-20,2018,"1",NA,NA
"181","51045",NA,"47-A3-1-57-1","10",1.09,47655,NA,NA,NA,NA,NA,NA,NA,"111  7TH ST  NEW CASTLE VA 241276359",46551,2016-08-30,2016,"1",NA,NA
"182","51045",NA,"47-A3-1-A-42","10",NA,NA,NA,NA,NA,NA,NA,NA,NA,"46  7TH ST  NEW CASTLE VA 241276006",79500,2018-04-13,2018,"1",NA,NA
"183","51045",NA,"47-A-35","10",2.56,111644,NA,NA,NA,NA,NA,NA,NA,"25626  CRAIGS CREEK RD  NEW CASTLE VA 241276220",44000,2012-07-12,2012,"1",NA,NA
"184","51045",NA,"47-A5-2-35-10","10",NA,NA,NA,NA,NA,NA,NA,NA,NA,"",117500,2018-10-15,2018,"1",NA,NA
"185","51045",NA,"47-A5-2-35-7","10",NA,NA,NA,NA,NA,NA,NA,NA,NA,"",117500,2018-10-15,2018,"1",NA,NA
"186","51045",NA,"47-A5-3-E","10",NA,NA,NA,NA,NA,NA,NA,NA,NA,"VA",149000,2012-08-01,2012,"1",NA,NA
"187","51045",NA,"47-A6-10-18-1","10",NA,NA,NA,NA,NA,NA,NA,NA,NA,"311  HERNDON AVE  NEW CASTLE VA 241277917",220000,2016-10-06,2016,"1",NA,NA
"188","51045",NA,"47-A6-10-21-9","10",NA,NA,NA,NA,NA,NA,NA,NA,NA,"519  SALEM AVE  NEW CASTLE VA 241278504",47500,2012-10-12,2012,"1",NA,NA
"189","51045",NA,"47-A6-10-27-11","10",NA,NA,NA,NA,NA,NA,NA,NA,NA,"288  HERNDON AVE  NEW CASTLE VA 241277916",141000,2016-03-11,2016,"1",NA,NA
"190","51045",NA,"47-A6-10-27-4-A","10",NA,NA,NA,NA,NA,NA,NA,NA,NA,"",135950,2018-10-30,2018,"1",NA,NA
"191","51045",NA,"47-A6-10-27-5","10",NA,NA,NA,NA,NA,NA,NA,NA,NA,"",136050,2018-10-30,2018,"1",NA,NA
"192","51045",NA,"47-A6-10-60-A","10",0.09,3900,NA,NA,NA,NA,NA,NA,NA,"",65000,2019-09-11,2019,"1",NA,NA
"193","51045",NA,"47-A6-10-7-11","10",NA,NA,NA,NA,NA,NA,NA,NA,NA,"498  BOYD AVE  NEW CASTLE VA 241278079",135000,2017-10-26,2017,"1",NA,NA
"194","51045",NA,"47-A6-12-12-A","10",NA,NA,NA,NA,NA,NA,NA,NA,NA,"416  MARSHALL AVE  NEW CASTLE VA 241277992",16850,2011-04-07,2011,"1",NA,NA
"195","51045",NA,"47-A6-12-3","10",NA,NA,NA,NA,NA,NA,NA,NA,NA,"",85000,2018-04-24,2018,"1",NA,NA
"196","51045",NA,"47-A6-6-A","10",0.23,10149,NA,NA,NA,NA,NA,NA,NA,"99  CALDWELL ST  NEW CASTLE VA 241277540",148600,2017-04-25,2017,"1",NA,NA
"197","51045",NA,"47-A6-9-A","10",1.5,65340,NA,NA,NA,NA,NA,NA,NA,"293  MIDDLE ST  NEW CASTLE VA 241278017",199000,2018-03-15,2018,"1",NA,NA
"198","51045",NA,"47-A7-1-5-6","10",NA,NA,NA,NA,NA,NA,NA,NA,NA,"62  WAGENER ST  NEW CASTLE VA 241277934",93500,2015-10-26,2015,"1",NA,NA
"199","51045",NA,"47-A7-1-5-8","10",NA,NA,NA,NA,NA,NA,NA,NA,NA,"84  WAGENER ST  NEW CASTLE VA 241277934",146500,2017-04-11,2017,"1",NA,NA
"200","51045",NA,"48-A-1-13-16","10",NA,NA,NA,NA,NA,NA,NA,NA,NA,"",89100,2017-12-06,2017,"1",NA,NA
"201","51045",NA,"48-A-1-4-1","10",NA,NA,NA,NA,NA,NA,NA,NA,NA,"",199500,2018-11-28,2018,"1",NA,NA
"202","51045",NA,"48-A-1-4-16","10",NA,NA,NA,NA,NA,NA,NA,NA,NA,"",199500,2018-11-28,2018,"1",NA,NA
"203","51045",NA,"48-A-1-7-11","10",NA,NA,NA,NA,NA,NA,NA,NA,NA,"33  GREEN ACRES LN  NEW CASTLE VA 241276247",133000,2018-09-27,2018,"1",NA,NA
"204","51045",NA,"48-A-1-9-1","10",NA,NA,NA,NA,NA,NA,NA,NA,NA,"",3500,2018-11-28,2018,"1",NA,NA
"205","51045",NA,"48-A-1-9-2","10",NA,NA,NA,NA,NA,NA,NA,NA,NA,"",199500,2018-11-28,2018,"1",NA,NA
"206","51045",NA,"53-1-3","10",14.41,627700,NA,NA,NA,NA,NA,NA,NA,"",190000,2014-11-10,2014,"7",NA,NA
"207","51045",NA,"53-1-5","10",10.9,474804,NA,NA,NA,NA,NA,NA,NA,"6489  DICKS CREEK RD  NEW CASTLE VA 241276965",95000,2019-12-13,2019,"1",NA,NA
"208","51045",NA,"54-1-3","10",5,217800,NA,NA,NA,NA,NA,NA,NA,"12903  JOHNS CREEK RD  NEW CASTLE VA 241276777",180000,2012-09-17,2012,"1",NA,NA
"209","51045",NA,"58-1-24-A","10",2.57,112041,NA,NA,NA,NA,NA,NA,NA,"879  APS KNOB RD  NEW CASTLE VA 241276109",177500,2015-07-22,2015,"1",NA,NA
"210","51045",NA,"59-A-36","10",3.26,142006,NA,NA,NA,NA,NA,NA,NA,"7821  CRAIG VALLEY DR  NEW CASTLE VA 241278536",39000,2014-05-05,2014,"6",NA,NA
"211","51045",NA,"59-A-56-D","10",13.42,584532,NA,NA,NA,NA,NA,NA,NA,"130  LITTLE CUBA LN  NEW CASTLE VA 241277507",30100,2018-04-24,2018,"1",NA,NA
"212","51045",NA,"66-A-3","10",12.95,563884,NA,NA,NA,NA,NA,NA,NA,"3925  DICKS CREEK RD  NEW CASTLE VA 241276921",149000,2016-11-17,2016,"1",NA,NA
"213","51045",NA,"71-A-58","10",0.34,14810,NA,NA,NA,NA,NA,NA,NA,"23  LOONEY SCHOOL RD  NEW CASTLE VA 241278087",53000,2018-09-25,2018,"1",NA,NA
"214","51045",NA,"71-A-61","10",1.1,47785,NA,NA,NA,NA,NA,NA,NA,"265  LOONEY SCHOOL RD  NEW CASTLE VA 24127",65000,2014-12-11,2014,"1",NA,NA
"215","51045",NA,"73-A-23","10",1.15,50094,NA,NA,NA,NA,NA,NA,NA,"6587  CRAIG VALLEY DR  NEW CASTLE VA 241278560",140500,2019-05-29,2019,"1",NA,NA
"216","51045",NA,"73-A-36","10",7.94,345866,NA,NA,NA,NA,NA,NA,NA,"123  MOUNTAIN BREEZE LN  NEW CASTLE VA 241278720",130000,2018-04-30,2018,"1",NA,NA
"217","51045",NA,"73-A-6","10",1.38,60156,NA,NA,NA,NA,NA,NA,NA,"7475  CRAIG VALLEY DR  NEW CASTLE VA 241278544",164550,2018-03-07,2018,"1",NA,NA
"218","51045",NA,"79-3-9","10",5.18,225641,NA,NA,NA,NA,NA,NA,NA,"VA",99900,2019-01-14,2019,"1",NA,NA
"219","51045",NA,"79-A-1-2","10",5.05,220109,NA,NA,NA,NA,NA,NA,NA,"2682  JOHNS CREEK MOUNTAIN RD  NEW CASTLE VA 241271101",49900,2014-04-15,2014,"1",NA,NA
"220","51045",NA,"79-A-1-78","10",8.78,382457,NA,NA,NA,NA,NA,NA,NA,"VA",45100,2015-10-05,2015,"1",NA,NA
"221","51045",NA,"79-A-1-8","10",8,348480,NA,NA,NA,NA,NA,NA,NA,"VA",79000,2018-02-01,2018,"1",NA,NA
"222","51045",NA,"79-A-1-C","10",5.01,218105,NA,NA,NA,NA,NA,NA,NA,"",25000,2012-05-08,2012,"1",NA,NA
"223","51045",NA,"80-A-5","10",5,217800,NA,NA,NA,NA,NA,NA,NA,"",89000,2017-02-02,2017,"1",NA,NA
"224","51045",NA,"82-1-4","10",11.78,513250,NA,NA,NA,NA,NA,NA,NA,"",325500,2018-11-30,2018,"1",NA,NA
"225","51045",NA,"83-1-7","10",5.51,239972,NA,NA,NA,NA,NA,NA,NA,"182  THORNEY HOLLOW RD  NEW CASTLE VA 241278007",250000,2017-12-13,2017,"1",NA,NA
"226","51045",NA,"86-A-23","10",4.83,210264,NA,NA,NA,NA,NA,NA,NA,"3915  CRAIG VALLEY DR  NEW CASTLE VA 241278598",137000,2016-04-20,2016,"1",NA,NA
"227","51045",NA,"86-A-4","10",2.43,105677,NA,NA,NA,NA,NA,NA,NA,"3329  CRAIG VALLEY DR  NEW CASTLE VA 241278763",202000,2016-02-15,2016,"3",NA,NA
"228","51045",NA,"86-A-46-A","10",1,43604,NA,NA,NA,NA,NA,NA,NA,"VA",233382,2019-02-07,2019,"1",NA,NA
"229","51045",NA,"87-1-1-A","10",1.37,59634,NA,NA,NA,NA,NA,NA,NA,"VA",4000,2016-03-21,2016,"1",NA,NA
"230","51045",NA,"88-A-2","10",14.35,625260,NA,NA,NA,NA,NA,NA,NA,"VA",72000,2014-06-13,2014,"7",NA,NA
"231","51045",NA,"94-A-7-C","10",8.87,386586,NA,NA,NA,NA,NA,NA,NA,"7532  CUMBERLAND GAP RD  NEW CASTLE VA 241277653",275000,2015-10-06,2015,"1",NA,NA
"232","51045",NA,"95-A-22","10",1,43560,NA,NA,NA,NA,NA,NA,NA,"",149500,2012-02-11,2012,"1",NA,NA
"233","51045",NA,"99-1-8","10",NA,NA,NA,NA,NA,NA,NA,NA,NA,"9829  UPPER CRAIGS CREEK RD  CATAWBA VA 240703203",188600,2018-10-24,2018,"1",NA,NA
"234","51045",NA,"99-A-11","10",5.05,219978,NA,NA,NA,NA,NA,NA,NA,"8448  UPPER CRAIGS CREEK RD  CATAWBA VA 240705586",244950,2011-07-07,2011,"1",NA,NA
"235","51045",NA,"99-A-62","10",11.5,500940,NA,NA,NA,NA,NA,NA,NA,"VA",115000,2019-09-06,2019,"1",NA,NA
"236","51045",NA,"120-A-3-A","10",1.05,45738,NA,NA,NA,NA,NA,NA,NA,"204  CUMBERLAND GAP RD  NEWPORT VA 241284213",125000,2015-12-02,2015,"1",NA,NA
"237","51045",NA,"19-A-4","10",3,130680,NA,NA,NA,NA,NA,NA,NA,"VA",359000,2019-01-18,2019,"1",NA,NA
"238","51045",NA,"22-A-18","10",11.08,482427,NA,NA,NA,NA,NA,NA,NA,"VA",70000,2019-09-12,2019,"1",NA,NA
"239","51045",NA,"24-1-3","10",2,87120,NA,NA,NA,NA,NA,NA,NA,"1558  BARBOURS CREEK RD  NEW CASTLE VA 241277079",90500,2018-11-16,2018,"1",NA,NA
"240","51045",NA,"25-A-25-A","10",5,217800,NA,NA,NA,NA,NA,NA,NA,"7479  PEACEFUL VALLEY RD  NEW CASTLE VA 241277104",25000,2014-01-09,2014,"1",NA,NA
"241","51045",NA,"26-A-12","10",3.23,140829,NA,NA,NA,NA,NA,NA,NA,"19712  CRAIGS CREEK RD  NEW CASTLE VA 241276602",58000,2012-12-04,2012,"1",NA,NA
"242","51045",NA,"26-A-2-31-B","10",1,43560,NA,NA,NA,NA,NA,NA,NA,"",20000,2018-06-17,2018,"1",NA,NA
"243","51045",NA,"27-1-82","10",NA,NA,NA,NA,NA,NA,NA,NA,NA,"418  MEADOWS OF CRAIG  E NEW CASTLE VA 24127",28000,2011-04-26,2011,"1",NA,NA
"244","51045",NA,"35-1-16","10",5.06,220414,NA,NA,NA,NA,NA,NA,NA,"",211500,2018-12-05,2018,"1",NA,NA
"245","51045",NA,"35-1-18","10",5.19,226076,NA,NA,NA,NA,NA,NA,NA,"",211500,2018-12-05,2018,"1",NA,NA
"246","51045",NA,"36-A-10-B","10",5.17,225162,NA,NA,NA,NA,NA,NA,NA,"",1e+05,2017-11-27,2017,"1",NA,NA
"247","51045",NA,"37-A-40","10",8.94,389426,NA,NA,NA,NA,NA,NA,NA,"504  HAWKINS LN  NEW CASTLE VA 241276275",189100,2018-01-18,2018,"1",NA,NA
"248","51045",NA,"45-A-26","10",4.44,193406,NA,NA,NA,NA,NA,NA,NA,"",118000,2019-06-03,2019,"1",NA,NA
"249","51045",NA,"46-A-6-C","10",1.37,59590,NA,NA,NA,NA,NA,NA,NA,"1044  PAINT BANK RD  NEW CASTLE VA 241276339",77100,2018-11-13,2018,"1",NA,NA
"250","51045",NA,"47-3-36","10",1.2,52272,NA,NA,NA,NA,NA,NA,NA,"21  MUDDY RUN RD  NEW CASTLE VA 241276075",130000,2016-05-06,2016,"1",NA,NA
"251","51045",NA,"47-4-14-B","10",3.17,138085,NA,NA,NA,NA,NA,NA,NA,"318  CAMP MITCHELL RD  NEW CASTLE VA 241276180",180000,2016-04-28,2016,"1",NA,NA
"252","51045",NA,"47-5-1","10",5.02,218497,NA,NA,NA,NA,NA,NA,NA,"238  HUNTERS DR  NEW CASTLE VA 241276212",244000,2017-03-09,2017,"1",NA,NA
"253","51045",NA,"47-5-3","10",6.42,279655,NA,NA,NA,NA,NA,NA,NA,"496  HUNTERS DR  NEW CASTLE VA 241276192",62500,2017-05-16,2017,"1",NA,NA
"254","51045",NA,"47-8-3","10",1.01,43908,NA,NA,NA,NA,NA,NA,NA,"38  ANGEL CT  NEW CASTLE VA 241276104",95000,2014-11-13,2014,"1",NA,NA
"255","51045",NA,"47-A2-1-69-1","10",NA,NA,NA,NA,NA,NA,NA,NA,NA,"VA",81500,2015-10-15,2015,"1",NA,NA
"256","51045",NA,"47-A2-1-69-10","10",NA,NA,NA,NA,NA,NA,NA,NA,NA,"VA",81500,2015-10-15,2015,"1",NA,NA
"257","51045",NA,"47-A3-1-23-10","10",NA,NA,NA,NA,NA,NA,NA,NA,NA,"268  5TH ST  NEW CASTLE VA 241276018",87000,2011-01-03,2011,"1",NA,NA
"258","51045",NA,"47-A3-1-3-34","10",NA,NA,NA,NA,NA,NA,NA,NA,NA,"43  4TH ST  NEW CASTLE VA 241276039",71000,2019-08-23,2019,"1",NA,NA
"259","51045",NA,"47-A3-1-36-7","10",NA,NA,NA,NA,NA,NA,NA,NA,NA,"175  MAPLE AVE  NEW CASTLE VA 241276073",122500,2016-10-27,2016,"1",NA,NA
"260","51045",NA,"47-A5-2-15-11","10",NA,NA,NA,NA,NA,NA,NA,NA,NA,"",150000,2017-10-26,2017,"1",NA,NA
"261","51045",NA,"47-A5-2-15-9","10",NA,NA,NA,NA,NA,NA,NA,NA,NA,"",150000,2017-10-26,2017,"1",NA,NA
"262","51045",NA,"47-A6-10-13","10",1.93,84071,NA,NA,NA,NA,NA,NA,NA,"553  SALEM AVE  NEW CASTLE VA 241278504",194000,2016-09-20,2016,"1",NA,NA
"263","51045",NA,"47-A6-10-16-1","10",NA,NA,NA,NA,NA,NA,NA,NA,NA,"159  PENN AVE  NEW CASTLE VA 241277953",177000,2015-01-29,2015,"1",NA,NA
"264","51045",NA,"47-A6-10-16-4","10",NA,NA,NA,NA,NA,NA,NA,NA,NA,"181  WAGENER ST  NEW CASTLE VA 241277931",135100,2013-09-04,2013,"1",NA,NA
"265","51045",NA,"47-A6-10-16-8","10",NA,NA,NA,NA,NA,NA,NA,NA,NA,"92  SCOTT AVE  NEW CASTLE VA 241277928",89650,2016-06-20,2016,"1",NA,NA
"266","51045",NA,"47-A6-10-17-1","10",NA,NA,NA,NA,NA,NA,NA,NA,NA,"1002  SCOTT AVE  NEW CASTLE VA 24127",1e+05,2013-06-03,2013,"1",NA,NA
"267","51045",NA,"47-A6-10-17-7","10",NA,NA,NA,NA,NA,NA,NA,NA,NA,"322  HEMDON AVE  NEW CASTLE VA 24127",65000,2019-06-12,2019,"1",NA,NA
"268","51045",NA,"47-A6-10-19-13","10",NA,NA,NA,NA,NA,NA,NA,NA,NA,"246  WOODMAN AVE  NEW CASTLE VA 241274010",22000,2019-09-20,2019,"1",NA,NA
"269","51045",NA,"47-A6-10-40-1","10",NA,NA,NA,NA,NA,NA,NA,NA,NA,"",60000,2019-11-19,2019,"1",NA,NA
"270","51045",NA,"48-A-1-13-17","10",NA,NA,NA,NA,NA,NA,NA,NA,NA,"",89000,2017-12-06,2017,"1",NA,NA
"271","51045",NA,"48-A-1-13-3","10",NA,NA,NA,NA,NA,NA,NA,NA,NA,"",89000,2017-12-06,2017,"1",NA,NA
"272","51045",NA,"48-A-1-8-1","10",NA,NA,NA,NA,NA,NA,NA,NA,NA,"33  GREEN ACRES LN  NEW CASTLE VA 241276247",133000,2018-09-27,2018,"1",NA,NA
"273","51045",NA,"48-A-1-A","10",13,566280,NA,NA,NA,NA,NA,NA,NA,"401  SAND PLANT RD  NEW CASTLE VA 241276659",370000,2017-09-14,2017,"1",NA,NA
"274","51045",NA,"55-A-6","10",12.66,551470,NA,NA,NA,NA,NA,NA,NA,"76  CEDAR LN  NEW CASTLE VA 241276784",340000,2013-10-31,2013,"1",NA,NA
"275","51045",NA,"55-A-7","10",8.07,351573,NA,NA,NA,NA,NA,NA,NA,"15928  JOHNS CREEK RD  NEW CASTLE VA 241276762",270000,2012-02-09,2012,"1",NA,NA
"276","51045",NA,"57-6-25","10",4.58,199635,NA,NA,NA,NA,NA,NA,NA,"858  MOUNT CHESTNUT RD  NEW CASTLE VA 241277186",172100,2018-06-29,2018,"1",NA,NA
"277","51045",NA,"58-1-46","10",1.46,63641,NA,NA,NA,NA,NA,NA,NA,"131  MOUNTAIN LAUREL LN  NEW CASTLE VA 241276392",52100,2015-11-13,2015,"1",NA,NA
"278","51045",NA,"58-2-18","10",2.66,115739,NA,NA,NA,NA,NA,NA,NA,"594  CRAIG WOODS RD  NEW CASTLE VA 241276666",140400,2013-07-24,2013,"1",NA,NA
"279","51045",NA,"58-2-19","10",3.06,133294,NA,NA,NA,NA,NA,NA,NA,"539  CRAIG WOODS RD  NEW CASTLE VA 241276665",55000,2015-06-15,2015,"1",NA,NA
"280","51045",NA,"105-A-34","10",0.5,21780,NA,NA,NA,NA,NA,NA,NA,"",50000,2017-07-26,2017,"1",NA,NA
"281","51045",NA,"105-A-39","10",14.3,622908,NA,NA,NA,NA,NA,NA,NA,"VA",164000,2018-12-03,2018,"7",NA,NA
"282","51045",NA,"105-A-56","10",2.19,95527,NA,NA,NA,NA,NA,NA,NA,"",170000,2020-01-17,2020,"1",NA,NA
"283","51045",NA,"105-A-6","10",10,435600,NA,NA,NA,NA,NA,NA,NA,"42  JOHNS CREEK MOUNTAIN RD  NEWPORT VA 241284330",85989,2016-02-24,2016,"1",NA,NA
"284","51045",NA,"105-A-6-B","10",15.86,690644,NA,NA,NA,NA,NA,NA,NA,"212  JOHNS CREEK MOUNTAIN RD  NEWPORT VA 241284314",237500,2016-05-20,2016,"1",NA,NA
"285","51045",NA,"106-A-18","10",5.08,221111,NA,NA,NA,NA,NA,NA,NA,"201  VALLEY ROLLER MILL RD  NEW CASTLE VA 241277833",222000,2016-06-22,2016,"1",NA,NA
"286","51045",NA,"106-A-41-3","10",18.02,785038,NA,NA,NA,NA,NA,NA,NA,"6263  NORTHSIDE RD  NEWPORT VA 241284155",268000,2018-07-09,2018,"1",NA,NA
"287","51045",NA,"108-1-4-A","10",5,217800,NA,NA,NA,NA,NA,NA,NA,"",4e+05,2013-09-10,2013,"1",NA,NA
"288","51045",NA,"10-A-9","10",3.1,135036,NA,NA,NA,NA,NA,NA,NA,"19067  PAINT BANK RD  PAINT BANK VA 241318037",38100,2018-10-19,2018,"1",NA,NA
"289","51045",NA,"111-1-4","10",2.37,103019,NA,NA,NA,NA,NA,NA,NA,"185  LAUREL HILL PASS  NEW CASTLE VA 241274032",115000,2016-02-19,2016,"1",NA,NA
"290","51045",NA,"114-A-42","10",1.68,73137,NA,NA,NA,NA,NA,NA,NA,"314  ORCHARD HILL LN  NEWPORT VA 241283537",165000,2018-02-20,2018,"1",NA,NA
"291","51045",NA,"115-A-17-B","10",5,217800,NA,NA,NA,NA,NA,NA,NA,"296  ALLEN TAYLOR FARM RD  NEWPORT VA 241284176",79900,2015-05-27,2015,"1",NA,NA
"292","51045",NA,"11-A-5-A","10",6.43,279873,NA,NA,NA,NA,NA,NA,NA,"10237  POTTS CREEK RD  COVINGTON VA 24426",183000,2019-10-04,2019,"1",NA,NA
"293","51045",NA,"120-1-8-E","10",2.53,110337,NA,NA,NA,NA,NA,NA,NA,"668  CUMBERLAND GAP RD  NEWPORT VA 241284222",240000,2018-08-24,2018,"1",NA,NA
"294","51045",NA,"59-A-19","10",1.03,44780,NA,NA,NA,NA,NA,NA,NA,"189  LEMAR DR  NEW CASTLE VA 241277963",182500,2015-11-18,2015,"1",NA,NA
"295","51045",NA,"67-A-7-C","10",8.71,379233,NA,NA,NA,NA,NA,NA,NA,"VA",45000,2017-01-08,2017,"1",NA,NA
"296","51045",NA,"67-A-9-A","10",4.89,213183,NA,NA,NA,NA,NA,NA,NA,"VA",365000,2018-05-29,2018,"1",NA,NA
"297","51045",NA,"71-A-35-B","10",5,217800,NA,NA,NA,NA,NA,NA,NA,"82  REHOBETH DR  NEW CASTLE VA 241277900",133000,2014-11-06,2014,"1",NA,NA
"298","51045",NA,"73-2-14","10",1.02,44431,NA,NA,NA,NA,NA,NA,NA,"319  CRAIG CREEK ESTATES DR  NEW CASTLE VA 241278658",157000,2018-07-20,2018,"1",NA,NA
"299","51045",NA,"73-A-53","10",0.35,15420,NA,NA,NA,NA,NA,NA,NA,"",47000,2014-08-05,2014,"7",NA,NA
"300","51045",NA,"73-A-54","10",2.17,94525,NA,NA,NA,NA,NA,NA,NA,"",47000,2014-08-05,2014,"7",NA,NA
"301","51045",NA,"78-A-18-A","10",30.58,1332152,NA,NA,NA,NA,NA,NA,NA,"VA",150000,2014-10-30,2014,"1",NA,NA
"302","51045",NA,"79-1-4","10",5.1,222156,NA,NA,NA,NA,NA,NA,NA,"286  OLD WAITEVILLE RD  NEW CASTLE VA 241276900",125000,2018-08-24,2018,"1",NA,NA
"303","51045",NA,"79-2-38","10",5.1,222156,NA,NA,NA,NA,NA,NA,NA,"637 S RESERVOIR RD  NEW CASTLE VA 241277209",75000,2020-01-30,2020,"1",NA,NA
"304","51045",NA,"79-A-1-57","10",12.57,547549,NA,NA,NA,NA,NA,NA,NA,"VA",115000,2018-04-12,2018,"1",NA,NA
"305","51045",NA,"83-A-27","10",6.77,294945,NA,NA,NA,NA,NA,NA,NA,"312  MOUNTAIN SIDE DR  NEW CASTLE VA 241278059",90000,2013-07-24,2013,"1",NA,NA
"306","51045",NA,"86-A-14","10",7.56,329226,NA,NA,NA,NA,NA,NA,NA,"3671  CRAIG VALLEY DR  NEW CASTLE VA 241278740",136100,2014-06-17,2014,"1",NA,NA
"307","51045",NA,"86-A-47","10",4.94,215056,NA,NA,NA,NA,NA,NA,NA,"VA",233382,2019-02-07,2019,"1",NA,NA
"308","51045",NA,"94-A-59","10",11.54,502682,NA,NA,NA,NA,NA,NA,NA,"",369600,2018-10-04,2018,"1",NA,NA
"309","51045",NA,"96-A-23","10",6.36,276824,NA,NA,NA,NA,NA,NA,NA,"13204  CUMBERLAND GAP RD  NEW CASTLE VA 241278045",149500,2019-05-14,2019,"1",NA,NA
"310","51045",NA,"97-1-6","10",5.12,223027,NA,NA,NA,NA,NA,NA,NA,"4961  HALL RD  CATAWBA VA 240705645",99000,2014-07-29,2014,"1",NA,NA
"311","51045",NA,"98-A-11","10",3.04,132597,NA,NA,NA,NA,NA,NA,NA,"5901  HALL RD  CATAWBA VA 240705655",115000,2017-12-19,2017,"1",NA,NA
"312","51045",NA,"98-A-12","10",1.67,72658,NA,NA,NA,NA,NA,NA,NA,"5873  HALL RD  CATAWBA VA 240705653",133000,2020-01-13,2020,"1",NA,NA
"313","51045",NA,"98-A-31","10",7.71,335848,NA,NA,NA,NA,NA,NA,NA,"CATAWBA VA 24070",72000,2014-12-12,2014,"1",NA,NA
"314","51045",NA,"99-A-38","10",6,261360,NA,NA,NA,NA,NA,NA,NA,"132  TURKEY RIDGE DR  CATAWBA VA 240705612",195000,2019-09-12,2019,"1",NA,NA
"315","51045",NA,"105-A-13","10",8.31,361940,NA,NA,NA,NA,NA,NA,NA,"1392  HAPPY HOLLOW RD  NEWPORT VA 241283637",64329,2014-07-01,2014,"1",NA,NA
"316","51045",NA,"105-A-29","10",4.15,180818,NA,NA,NA,NA,NA,NA,NA,"5727  CUMBERLAND GAP RD  NEWPORT VA 241284241",169500,2019-10-31,2019,"1",NA,NA
"317","51045",NA,"105-A-53-A","10",5,217800,NA,NA,NA,NA,NA,NA,NA,"280  OLDE GLADE TRL  NEWPORT VA 241283664",2e+05,2016-04-25,2016,"1",NA,NA
"318","51045",NA,"108-A-7","10",5,217800,NA,NA,NA,NA,NA,NA,NA,"1918  UPPER CRAIGS CREEK RD  CATAWBA VA 240705523",183000,2014-08-15,2014,"1",NA,NA
"319","51045",NA,"113-A-14","10",12.57,547549,NA,NA,NA,NA,NA,NA,NA,"VA",35000,2017-09-01,2017,"7",NA,NA
"320","51045",NA,"114-A-45","10",0.41,17860,NA,NA,NA,NA,NA,NA,NA,"3333  CUMBERLAND GAP RD  NEWPORT VA 241284153",74000,2019-10-25,2019,"1",NA,NA
"321","51045",NA,"114-A-47","10",4.93,214751,NA,NA,NA,NA,NA,NA,NA,"VA",26000,2012-02-11,2012,"1",NA,NA
"322","51045",NA,"114-A-51","10",8.96,390298,NA,NA,NA,NA,NA,NA,NA,"VA",26000,2012-02-11,2012,"1",NA,NA
"323","51045",NA,"22-A-21","10",7.21,313850,NA,NA,NA,NA,NA,NA,NA,"VA",260100,2018-03-08,2018,"1",NA,NA
"324","51045",NA,"26-A-2-30-B","10",1,43604,NA,NA,NA,NA,NA,NA,NA,"",153000,2013-06-25,2013,"1",NA,NA
"325","51045",NA,"26-A-4-2","10",6.3,274428,NA,NA,NA,NA,NA,NA,NA,"VA",63000,2019-01-10,2019,"1",NA,NA
"326","51045",NA,"26-A-A-4","10",0.22,9540,NA,NA,NA,NA,NA,NA,NA,"VA",165100,2018-07-30,2018,"1",NA,NA
"327","51045",NA,"27-1-67","10",NA,NA,NA,NA,NA,NA,NA,NA,NA,"",50000,2011-08-08,2011,"1",NA,NA
"328","51045",NA,"27-1-70","10",NA,NA,NA,NA,NA,NA,NA,NA,NA,"",73000,2017-11-28,2017,"1",NA,NA
"329","51045",NA,"37-A-49","10",14.14,615851,NA,NA,NA,NA,NA,NA,NA,"VA",25000,2012-06-26,2012,"1",NA,NA
"330","51045",NA,"45-1-21","10",NA,NA,NA,NA,NA,NA,NA,NA,NA,"90  HOMESTEAD RD  NEW CASTLE VA 241276706",158500,2019-12-13,2019,"1",NA,NA
"331","51045",NA,"45-2-G","10",6.35,276519,NA,NA,NA,NA,NA,NA,NA,"",59900,2015-04-09,2015,"1",NA,NA
"332","51045",NA,"47-3-35","10",1.25,54450,NA,NA,NA,NA,NA,NA,NA,"99  HUNTERS DR  NEW CASTLE VA 24127",215100,2016-03-15,2016,"3",NA,NA
"333","51045",NA,"47-5-24","10",13.01,566716,NA,NA,NA,NA,NA,NA,NA,"907  HUNTERS DR  NEW CASTLE VA 241276203",180100,2017-02-10,2017,"1",NA,NA
"334","51045",NA,"47-5-4","10",6.41,279045,NA,NA,NA,NA,NA,NA,NA,"338  HUNTERS DR  NEW CASTLE VA 241276194",103195,2018-03-13,2018,"1",NA,NA
"335","51045",NA,"47-A2-1-60-25","10",NA,NA,NA,NA,NA,NA,NA,NA,NA,"198  BOULEVARD   NEW CASTLE VA 24127",55000,2018-06-15,2018,"1",NA,NA
"336","51045",NA,"47-A2-1-61-24","10",NA,NA,NA,NA,NA,NA,NA,NA,NA,"VA",87500,2019-07-16,2019,"1",NA,NA
"337","51045",NA,"47-A2-1-80-1","10",NA,NA,NA,NA,NA,NA,NA,NA,NA,"",61500,2012-05-03,2012,"1",NA,NA
"338","51045",NA,"47-A3-1-10-15","10",0.29,1263240,NA,NA,NA,NA,NA,NA,NA,"26464  CRAIGS CREEK RD  NEW CASTLE VA 241276317",104000,2013-01-07,2013,"1",NA,NA
"339","51045",NA,"47-A3-1-17-11","10",NA,NA,NA,NA,NA,NA,NA,NA,NA,"",85000,2011-03-01,2011,"1",NA,NA
"340","51045",NA,"47-A3-1-22-1","10",NA,NA,NA,NA,NA,NA,NA,NA,NA,"372  BOULEVARD   NEW CASTLE VA 24127",49484,2012-07-19,2012,"1",NA,NA
"341","51045",NA,"47-A3-1-31-3","10",NA,NA,NA,NA,NA,NA,NA,NA,NA,"227  MAGNOLIA AVE  NEW CASTLE VA 241276071",86512,2018-07-27,2018,"1",NA,NA
"342","51045",NA,"47-A3-1-9-25","10",NA,NA,NA,NA,NA,NA,NA,NA,NA,"",138850,2014-06-10,2014,"3",NA,NA
"343","51045",NA,"47-A3-1-9-9","10",NA,NA,NA,NA,NA,NA,NA,NA,NA,"26592  CRAIGS CREEK RD  NEW CASTLE VA 24127",18000,2011-12-15,2011,"1",NA,NA
"344","51045",NA,"47-A5-A-3","10",2.21,96355,NA,NA,NA,NA,NA,NA,NA,"330  CUMBERLAND AVE  NEW CASTLE VA 241277681",183750,2013-09-04,2013,"1",NA,NA
"345","51045",NA,"47-A6-10-28-6","10",NA,NA,NA,NA,NA,NA,NA,NA,NA,"289  HERNDON AVE  NEW CASTLE VA 241277915",118000,2018-10-22,2018,"1",NA,NA
"346","51045",NA,"47-A6-10-36-1","10",NA,NA,NA,NA,NA,NA,NA,NA,NA,"176  HERNDON AVE  NEW CASTLE VA 241277912",62500,2011-10-06,2011,"1",NA,NA
"347","51045",NA,"47-A6-10-52-5-A","10",0.27,11706,NA,NA,NA,NA,NA,NA,NA,"81  HERNDON AVE  NEW CASTLE VA 241277913",131000,2019-03-05,2019,"1",NA,NA
"348","51045",NA,"47-A6-10-60-J","10",NA,NA,NA,NA,NA,NA,NA,NA,NA,"",65000,2019-09-11,2019,"1",NA,NA
"349","51045",NA,"47-A6-10-7-8","10",NA,NA,NA,NA,NA,NA,NA,NA,NA,"445  HERNDON AVE  NEW CASTLE VA 241277919",82100,2018-03-27,2018,"1",NA,NA
"350","51045",NA,"47-A6-12-14-A","10",NA,NA,NA,NA,NA,NA,NA,NA,NA,"VA",65000,2014-07-29,2014,"1",NA,NA
"351","51045",NA,"47-A6-12-6","10",0.49,21344,NA,NA,NA,NA,NA,NA,NA,"441  MARSHALL AVE  NEW CASTLE VA 241277991",39500,2011-03-01,2011,"1",NA,NA
"352","51045",NA,"47-A6-14-5","10",NA,NA,NA,NA,NA,NA,NA,NA,NA,"252  HAVANA XING  NEW CASTLE VA 24127",68000,2015-02-18,2015,"1",NA,NA
"353","51045",NA,"47-A6-3-C","10",0.69,29839,NA,NA,NA,NA,NA,NA,NA,"100  PAINT BANK RD  NEW CASTLE VA 241276331",108000,2011-03-02,2011,"1",NA,NA
"354","51045",NA,"47-A6-5-A","10",0.36,15638,NA,NA,NA,NA,NA,NA,NA,"",135000,2019-05-22,2019,"1",NA,NA
"355","51045",NA,"47-A6-8-1-1-A","10",4,174240,NA,NA,NA,NA,NA,NA,NA,"VA",110000,2017-02-01,2017,"1",NA,NA
"356","51045",NA,"48-A-1-14-1","10",NA,NA,NA,NA,NA,NA,NA,NA,NA,"24157  CRAIGS CREEK RD  NEW CASTLE VA 241276241",55000,2016-07-15,2016,"1",NA,NA
"357","51045",NA,"48-A-1-4-11","10",NA,NA,NA,NA,NA,NA,NA,NA,NA,"",199500,2018-11-28,2018,"1",NA,NA
"358","51045",NA,"48-A-1-4-14","10",NA,NA,NA,NA,NA,NA,NA,NA,NA,"",199500,2018-11-28,2018,"1",NA,NA
"359","51045",NA,"48-A-2-1-21","10",0.92,39945,NA,NA,NA,NA,NA,NA,NA,"",103000,2011-09-22,2011,"1",NA,NA
"360","51045",NA,"53-1-4","10",9.08,395655,NA,NA,NA,NA,NA,NA,NA,"6257  DICKS CREEK RD  NEW CASTLE VA 241276969",1e+05,2018-04-16,2018,"6",NA,NA
"361","51045",NA,"53-A-1-3-3","10",NA,NA,NA,NA,NA,NA,NA,NA,NA,"VA",12000,2018-02-20,2018,"1",NA,NA
"362","51045",NA,"54-A-33","10",11.25,490050,NA,NA,NA,NA,NA,NA,NA,"VA",35000,2012-06-25,2012,"1",NA,NA
"363","51045",NA,"58-2-3","10",2.02,87773,NA,NA,NA,NA,NA,NA,NA,"145  HOOT OWL RD  NEW CASTLE VA 241277163",153000,2018-09-11,2018,"1",NA,NA
"364","51045",NA,"58-3-1-C","10",7.24,315549,NA,NA,NA,NA,NA,NA,NA,"168  GALAX RD  NEW CASTLE VA 241277108",193800,2018-05-31,2018,"1",NA,NA
"365","51045",NA,"58-A-37","10",NA,NA,NA,NA,NA,NA,NA,NA,NA,"",60000,2011-11-15,2011,"1",NA,NA
"366","51045",NA,"59-A-74","10",4.87,212268,NA,NA,NA,NA,NA,NA,NA,"244  MAGGIE MAW LN  NEW CASTLE VA 241278028",239000,2012-10-17,2012,"1",NA,NA
"367","51045",NA,"65-A-10","10",6.42,279612,NA,NA,NA,NA,NA,NA,NA,"2241  DICKS CREEK RD  NEW CASTLE VA 241276933",39500,2018-03-23,2018,"1",NA,NA
"368","51045",NA,"70-A-15-B","10",8.55,372525,NA,NA,NA,NA,NA,NA,NA,"8633  LITTLE MOUNTAIN RD  NEW CASTLE VA 241277552",303000,2019-12-18,2019,"1",NA,NA
"369","51045",NA,"71-A-35-A","10",10.09,439651,NA,NA,NA,NA,NA,NA,NA,"616  MILL RACE RD  NEW CASTLE VA 241277904",205000,2016-01-07,2016,"1",NA,NA
"370","51045",NA,"73-3-8","10",12.38,539360,NA,NA,NA,NA,NA,NA,NA,"700  MOUNTAIN BREEZE LN  NEW CASTLE VA 241278701",102000,2011-08-15,2011,"1",NA,NA
"371","51045",NA,"73-A-25","10",1.72,74923,NA,NA,NA,NA,NA,NA,NA,"6463  CRAIG VALLEY DR  NEW CASTLE VA 241278562",130000,2016-06-28,2016,"1",NA,NA
"372","51045",NA,"79-3-24","10",5.28,229997,NA,NA,NA,NA,NA,NA,NA,"VA",99900,2019-01-14,2019,"1",NA,NA
"373","51045",NA,"79-A-1-71","10",18.31,797584,NA,NA,NA,NA,NA,NA,NA,"VA",70000,2016-10-17,2016,"1",NA,NA
"374","51045",NA,"82-1-3","10",13.61,592821,NA,NA,NA,NA,NA,NA,NA,"",325500,2018-11-30,2018,"1",NA,NA
"375","51045",NA,"83-A-17","10",2.08,90605,NA,NA,NA,NA,NA,NA,NA,"14832  CUMBERLAND GAP RD  NEW CASTLE VA 241277751",126500,2015-07-24,2015,"1",NA,NA
"376","51045",NA,"86-1-13","10",5.08,221285,NA,NA,NA,NA,NA,NA,NA,"156  REBEL RIDGE DR  NEW CASTLE VA 241278655",170000,2014-11-06,2014,"1",NA,NA
"377","51045",NA,"86-5-1","10",6.32,275386,NA,NA,NA,NA,NA,NA,NA,"102  HICKORY LN  NEW CASTLE VA 241278771",262000,2019-03-12,2019,"1",NA,NA
"378","51045",NA,"86-5-4","10",5.23,227862,NA,NA,NA,NA,NA,NA,NA,"311  HICKORY BROOK DR  NEW CASTLE VA 241278636",329000,2019-07-11,2019,"1",NA,NA
"379","51045",NA,"86-5-6","10",5.11,222374,NA,NA,NA,NA,NA,NA,NA,"485  HICKORY BROOK DR  NEW CASTLE VA 241278698",299100,2017-05-08,2017,"1",NA,NA
"380","51045",NA,"86-7-5","10",5.53,240713,NA,NA,NA,NA,NA,NA,NA,"394  WALTONS MOUNTAIN RD  NEW CASTLE VA 241278683",113000,2016-07-25,2016,"1",NA,NA
"381","51045",NA,"86-A-27","10",8.82,384243,NA,NA,NA,NA,NA,NA,NA,"54  COLEYS CLF  NEW CASTLE VA 241278643",125000,2014-05-22,2014,"1",NA,NA
"382","51045",NA,"86-A-57-C","10",10.63,462912,NA,NA,NA,NA,NA,NA,NA,"175  WHITE DEER TRL  NEW CASTLE VA 241278716",211000,2015-07-24,2015,"1",NA,NA
"383","51045",NA,"92-A-4-C","10",5.83,253998,NA,NA,NA,NA,NA,NA,NA,"VA",2e+05,2012-04-23,2012,"1",NA,NA
"384","51045",NA,"93-A-11","10",5,217800,NA,NA,NA,NA,NA,NA,NA,"VA",16000,2017-07-25,2017,"7",NA,NA
"385","51045",NA,"95-4-4","10",5,217844,NA,NA,NA,NA,NA,NA,NA,"",274900,2011-08-17,2011,"1",NA,NA
"386","51045",NA,"95-A-32-B","10",16.85,733899,NA,NA,NA,NA,NA,NA,NA,"859  BETHEL CHURCH RD  NEW CASTLE VA 241277853",240000,2018-01-09,2018,"1",NA,NA
"387","51045",NA,"98-A-20-C","10",5.39,234614,NA,NA,NA,NA,NA,NA,NA,"VA",450000,2016-03-14,2016,"1",NA,NA
"388","51045",NA,"99-A-85","10",3.59,156206,NA,NA,NA,NA,NA,NA,NA,"998  CRAIG VALLEY DR  NEW CASTLE VA 241278627",260000,2012-11-13,2012,"1",NA,NA
"389","51045",NA,"108-A-4","10",8.65,376620,NA,NA,NA,NA,NA,NA,NA,"1373  UPPER CRAIGS CREEK RD  CATAWBA VA 240705511",92000,2015-09-28,2015,"1",NA,NA
"390","51045",NA,"111-A-5-A","10",5.81,253084,NA,NA,NA,NA,NA,NA,NA,"108  CRAIG VALLEY DR  NEW CASTLE VA 241278631",76500,2017-02-07,2017,"1",NA,NA
"391","51045",NA,"113-A-9","10",15.59,678883,NA,NA,NA,NA,NA,NA,NA,"",17000,2015-01-26,2015,"1",NA,NA
"392","51045",NA,"114-A-41","10",1.54,67039,NA,NA,NA,NA,NA,NA,NA,"3474  CUMBERLAND GAP RD  NEWPORT VA 241284148",137500,2017-09-05,2017,"1",NA,NA
"393","51045",NA,"114-A-46","10",1.82,79279,NA,NA,NA,NA,NA,NA,NA,"VA",67000,2012-06-11,2012,"1",NA,NA
"394","51045",NA,"114-A-48","10",19.47,847983,NA,NA,NA,NA,NA,NA,NA,"VA",26000,2012-02-11,2012,"1",NA,NA
"395","51045",NA,"120-A-17-A","10",1,43560,NA,NA,NA,NA,NA,NA,NA,"912  CUMBERLAND GAP RD  NEWPORT VA 241284224",90000,2018-07-06,2018,"1",NA,NA
"396","51045",NA,"120-A-23","10",1.27,55103,NA,NA,NA,NA,NA,NA,NA,"430  CUMBERLAND GAP RD  NEWPORT VA 241284214",84277,2014-04-28,2014,"1",NA,NA
"397","51045",NA,"20-A-27","10",1,43560,NA,NA,NA,NA,NA,NA,NA,"",170000,2012-07-19,2012,"1",NA,NA
"398","51045",NA,"20-A-5-A","10",7.65,333234,NA,NA,NA,NA,NA,NA,NA,"17438  PAINT BANK RD  PAINT BANK VA 241318034",148000,2017-12-28,2017,"1",NA,NA
"399","51045",NA,"26-A-2-30-C","10",1.64,71395,NA,NA,NA,NA,NA,NA,NA,"",152900,2013-06-25,2013,"1",NA,NA
"400","51045",NA,"26-A-2-31-C","10",1,43560,NA,NA,NA,NA,NA,NA,NA,"",20000,2018-06-17,2018,"1",NA,NA
"401","51045",NA,"26-A-30-B","10",8.54,372177,NA,NA,NA,NA,NA,NA,NA,"VA",310000,2017-02-24,2017,"1",NA,NA
"402","51045",NA,"26-A-3-5","10",0.88,38115,NA,NA,NA,NA,NA,NA,NA,"483  CALDWELL MOUNTAIN RD  NEW CASTLE VA 241276543",64000,2011-10-26,2011,"1",NA,NA
"403","51045",NA,"26-A-5-15","10",0.27,11587,NA,NA,NA,NA,NA,NA,NA,"85  SAGE BRUSH RD  NEW CASTLE VA 24127",32000,2018-08-08,2018,"1",NA,NA
"404","51045",NA,"27-1-29","10",NA,NA,NA,NA,NA,NA,NA,NA,NA,"VA",54000,2016-06-28,2016,"1",NA,NA
"405","51045",NA,"27-1-48","10",NA,NA,NA,NA,NA,NA,NA,NA,NA,"310  MEADOWS OF CRAIG  E NEW CASTLE VA 241276626",90600,2013-11-22,2013,"1",NA,NA
"406","51045",NA,"27-A-7-A","10",17.69,770576,NA,NA,NA,NA,NA,NA,NA,"VA",1238500,2019-06-18,2019,"1",NA,NA
"407","51045",NA,"35-A-15","10",8.9,387684,NA,NA,NA,NA,NA,NA,NA,"3717  PEACEFUL VALLEY RD  NEW CASTLE VA 24127",130000,2018-02-01,2018,"1",NA,NA
"408","51045",NA,"35-A-59-D","10",5.01,218018,NA,NA,NA,NA,NA,NA,NA,"",160000,2019-03-29,2019,"1",NA,NA
"409","51045",NA,"36-A-1-16-A","10",NA,NA,NA,NA,NA,NA,NA,NA,NA,"",1e+05,2017-11-27,2017,"1",NA,NA
"410","51045",NA,"36-A-2-2","10",NA,NA,NA,NA,NA,NA,NA,NA,NA,"4020  CC MOUNTAIN RD  NEW CASTLE VA 241277067",1e+05,2015-10-28,2015,"1",NA,NA
"411","51045",NA,"37-A-59","10",2.5,108900,NA,NA,NA,NA,NA,NA,NA,"40  MILL CREEK LN  NEW CASTLE VA 241276522",80000,2016-08-29,2016,"1",NA,NA
"412","51045",NA,"45-1-5","10",NA,NA,NA,NA,NA,NA,NA,NA,NA,"91  HOMESTEAD RD  NEW CASTLE VA 241276705",60000,2019-02-13,2019,"1",NA,NA
"413","51045",NA,"47-3-30","10",2.5,108900,NA,NA,NA,NA,NA,NA,NA,"385  HUNTERS DR  NEW CASTLE VA 241276193",142500,2016-11-02,2016,"1",NA,NA
"414","51045",NA,"47-3-43","10",3.4,148104,NA,NA,NA,NA,NA,NA,NA,"68  HIDDEN VALLEY RD  NEW CASTLE VA 241276198",60000,2018-05-14,2018,"1",NA,NA
"415","51045",NA,"47-4-15-A","10",1.25,54450,NA,NA,NA,NA,NA,NA,NA,"380  CAMP MITCHELL RD  NEW CASTLE VA 241276180",180050,2014-10-06,2014,"1",NA,NA
"416","51045",NA,"47-5-10","10",2.26,98576,NA,NA,NA,NA,NA,NA,NA,"225  HUNTERS DR  NEW CASTLE VA 24127",125000,2016-05-04,2016,"1",NA,NA
"417","51045",NA,"47-5-2","10",6,261491,NA,NA,NA,NA,NA,NA,NA,"",195000,2016-05-11,2016,"1",NA,NA
"418","51045",NA,"47-5-22","10",5,217800,NA,NA,NA,NA,NA,NA,NA,"821  HUNTERS DR  NEW CASTLE VA 241276205",132500,2011-09-22,2011,"1",NA,NA
"419","51045",NA,"47-A2-2-7","10",0.24,10454,NA,NA,NA,NA,NA,NA,NA,"25  RAILROAD AVE  NEW CASTLE VA 241276085",86200,2018-09-13,2018,"1",NA,NA
"420","51045",NA,"47-A3-1-11-14","10",NA,NA,NA,NA,NA,NA,NA,NA,NA,"",30000,2012-05-24,2012,"1",NA,NA
"421","51045",NA,"47-A3-1-11-15","10",NA,NA,NA,NA,NA,NA,NA,NA,NA,"",30000,2012-05-24,2012,"1",NA,NA
"422","51045",NA,"47-A3-1-5-1","10",NA,NA,NA,NA,NA,NA,NA,NA,NA,"377  COMMERCE AVE  NEW CASTLE VA 241276175",60000,2016-10-27,2016,"1",NA,NA
"423","51045",NA,"47-A3-1-79-5","10",NA,NA,NA,NA,NA,NA,NA,NA,NA,"15  CHESTNUT AVE  NEW CASTLE VA 241276149",123400,2012-12-05,2012,"1",NA,NA
"424","51045",NA,"47-A3-1-88-1","10",NA,NA,NA,NA,NA,NA,NA,NA,NA,"17  ASH AVE  NEW CASTLE VA 241276097",108100,2018-07-18,2018,"1",NA,NA
"425","51045",NA,"47-A3-1-A-54","10",NA,NA,NA,NA,NA,NA,NA,NA,NA,"VA",14000,2019-02-12,2019,"1",NA,NA
"426","51045",NA,"47-A5-2-63-1","10",NA,NA,NA,NA,NA,NA,NA,NA,NA,"VA",106950,2014-09-22,2014,"1",NA,NA
"427","51045",NA,"47-A5-3-B","10",NA,NA,NA,NA,NA,NA,NA,NA,NA,"86  MEADOW AVE  NEW CASTLE VA 241277942",80000,2016-06-27,2016,"1",NA,NA
"428","51045",NA,"105-A-13-A","10",1.76,76753,NA,NA,NA,NA,NA,NA,NA,"1521  HAPPY HOLLOW RD  NEWPORT VA 241283676",113800,2013-06-22,2013,"1",NA,NA
"429","51045",NA,"105-A-21","10",5.12,223027,NA,NA,NA,NA,NA,NA,NA,"4694  CUMBERLAND GAP RD  NEWPORT VA 241284331",131308,2014-06-12,2014,"1",NA,NA
"430","51045",NA,"105-A-32","10",18.5,805860,NA,NA,NA,NA,NA,NA,NA,"6171  CUMBERLAND GAP RD  NEWPORT VA 241284160",111403,2018-11-26,2018,"1",NA,NA
"431","51045",NA,"106-A-12-A","10",7.49,326134,NA,NA,NA,NA,NA,NA,NA,"NEW CASTLE VA 24127",55000,2014-12-30,2014,"1",NA,NA
"432","51045",NA,"106-A-41-4","10",11.67,508258,NA,NA,NA,NA,NA,NA,NA,"6397  NORTHSIDE RD  NEWPORT VA 241284288",210000,2018-01-30,2018,"1",NA,NA
"433","51045",NA,"47-A6-10-19-4","10",NA,NA,NA,NA,NA,NA,NA,NA,NA,"393  WAGENER ST  NEW CASTLE VA 241277937",60000,2011-08-12,2011,"1",NA,NA
"434","51045",NA,"47-A6-10-27-9","10",NA,NA,NA,NA,NA,NA,NA,NA,NA,"",110000,2018-06-04,2018,"1",NA,NA
"435","51045",NA,"47-A6-10-31-13","10",2.53,109989,NA,NA,NA,NA,NA,NA,NA,"903  HOLCOMBE AVE  NEW CASTLE VA 241278034",44776,2011-07-12,2011,"1",NA,NA
"436","51045",NA,"47-A6-10-32-13","10",0.24,1045440,NA,NA,NA,NA,NA,NA,NA,"236  MARSHALL AVE  NEW CASTLE VA 241277988",75000,2017-10-02,2017,"1",NA,NA
"437","51045",NA,"47-A6-10-39-1","10",NA,NA,NA,NA,NA,NA,NA,NA,NA,"306  CONRAD ST  NEW CASTLE VA 241277974",72000,2018-08-09,2018,"1",NA,NA
"438","51045",NA,"47-A6-10-46-29","10",NA,NA,NA,NA,NA,NA,NA,NA,NA,"VA",80000,2018-06-11,2018,"1",NA,NA
"439","51045",NA,"47-A6-10-50-1","10",NA,NA,NA,NA,NA,NA,NA,NA,NA,"101  MARSHALL AVE  NEW CASTLE VA 241277981",104000,2012-11-26,2012,"1",NA,NA
"440","51045",NA,"47-A6-10-60-B","10",0.02,682,NA,NA,NA,NA,NA,NA,NA,"",65000,2019-09-11,2019,"1",NA,NA
"441","51045",NA,"47-A6-10-60-D","10",NA,NA,NA,NA,NA,NA,NA,NA,NA,"",65000,2019-09-11,2019,"1",NA,NA
"442","51045",NA,"47-A6-13-16","10",0.33,14374,NA,NA,NA,NA,NA,NA,NA,"",142000,2015-08-18,2015,"1",NA,NA
"443","51045",NA,"47-A6-3-83","10",NA,NA,NA,NA,NA,NA,NA,NA,NA,"VA",45000,2017-03-01,2017,"1",NA,NA
"444","51045",NA,"47-A6-9-1-12","10",NA,NA,NA,NA,NA,NA,NA,NA,NA,"",87000,2013-06-04,2013,"1",NA,NA
"445","51045",NA,"47-A7-1-B","10",0.41,17642,NA,NA,NA,NA,NA,NA,NA,"",161000,2019-12-05,2019,"1",NA,NA
"446","51045",NA,"48-A-1-13-1","10",NA,NA,NA,NA,NA,NA,NA,NA,NA,"",89000,2017-12-06,2017,"1",NA,NA
"447","51045",NA,"48-A-1-2-18","10",NA,NA,NA,NA,NA,NA,NA,NA,NA,"",199500,2018-11-28,2018,"1",NA,NA
"448","51045",NA,"48-A-1-9-11","10",NA,NA,NA,NA,NA,NA,NA,NA,NA,"",199500,2018-11-28,2018,"1",NA,NA
"449","51045",NA,"48-A-1-9-15","10",NA,NA,NA,NA,NA,NA,NA,NA,NA,"",199500,2018-11-28,2018,"1",NA,NA
"450","51045",NA,"53-1-2","10",11.82,514879,NA,NA,NA,NA,NA,NA,NA,"6149  DICKS CREEK RD  NEW CASTLE VA 241276971",190000,2014-11-10,2014,"7",NA,NA
"451","51045",NA,"55-1-11","10",10.56,459994,NA,NA,NA,NA,NA,NA,NA,"",43000,2012-04-04,2012,"7",NA,NA
"452","51045",NA,"55-A-11-A","10",12.37,538881,NA,NA,NA,NA,NA,NA,NA,"16222  JOHNS CREEK RD  NEW CASTLE VA 241276756",195100,2017-09-08,2017,"1",NA,NA
"453","51045",NA,"55-A-17-A","10",5,217800,NA,NA,NA,NA,NA,NA,NA,"16540  JOHNS CREEK RD  NEW CASTLE VA 241276752",1e+05,2014-04-15,2014,"1",NA,NA
"454","51045",NA,"57-2-6-B","10",5,217800,NA,NA,NA,NA,NA,NA,NA,"596  BEAR HOLLOW TRL  NEW CASTLE VA 241276728",221000,2018-04-27,2018,"1",NA,NA
"455","51045",NA,"57-4-7","10",5.92,257875,NA,NA,NA,NA,NA,NA,NA,"126  WHITE OAK LN  NEW CASTLE VA 241276670",135400,2020-01-13,2020,"1",NA,NA
"456","51045",NA,"58-2-17","10",2.79,121445,NA,NA,NA,NA,NA,NA,NA,"VA",13000,2012-01-16,2012,"1",NA,NA
"457","51045",NA,"59-1-8","10",6.18,269157,NA,NA,NA,NA,NA,NA,NA,"515  MEADOW BROOK LN  NEW CASTLE VA 241278041",295000,2017-07-06,2017,"1",NA,NA
"458","51045",NA,"59-A-23","10",1.7,74052,NA,NA,NA,NA,NA,NA,NA,"",181000,2019-01-16,2019,"1",NA,NA
"459","51045",NA,"64-A-3","10",12,522720,NA,NA,NA,NA,NA,NA,NA,"5064  KEFFER RD  CATAWBA VA 240702118",35500,2010-11-30,2010,"1",NA,NA
"460","51045",NA,"70-A-15","10",5,217800,NA,NA,NA,NA,NA,NA,NA,"NEW CASTLE VA 24127",303000,2019-12-18,2019,"1",NA,NA
"461","51045",NA,"71-A-60","10",2.17,94612,NA,NA,NA,NA,NA,NA,NA,"",48000,2018-09-24,2018,"1",NA,NA
"462","51045",NA,"73-4-J","10",5.01,218105,NA,NA,NA,NA,NA,NA,NA,"382  STONE MOUNTAIN DR  NEW CASTLE VA 241278725",256000,2014-01-29,2014,"1",NA,NA
"463","51045",NA,"73-A-46","10",13.73,597861,NA,NA,NA,NA,NA,NA,NA,"126  ABBOTT MARTIN LN  NEW CASTLE VA 241278507",126500,2019-06-03,2019,"1",NA,NA
"464","51045",NA,"79-2-37","10",5.09,221720,NA,NA,NA,NA,NA,NA,NA,"",8500,2012-02-23,2012,"7",NA,NA
"465","51045",NA,"79-A-1-19","10",17.05,742698,NA,NA,NA,NA,NA,NA,NA,"VA",80100,2014-11-17,2014,"1",NA,NA
"466","51045",NA,"79-A-1-67","10",11.32,493099,NA,NA,NA,NA,NA,NA,NA,"148  CADDIS LN  NEW CASTLE VA 241277161",360000,2020-02-06,2020,"1",NA,NA
"467","51045",NA,"82-A-36-A","10",10.01,436123,NA,NA,NA,NA,NA,NA,NA,"111  ROSS LN  NEW CASTLE VA 241277843",299950,2015-11-16,2015,"1",NA,NA
"468","51045",NA,"86-A-5","10",2,87120,NA,NA,NA,NA,NA,NA,NA,"3263  CRAIG VALLEY DR  NEW CASTLE VA 241278764",150000,2014-10-08,2014,"1",NA,NA
"469","51045",NA,"86-A-50","10",0.49,21432,NA,NA,NA,NA,NA,NA,NA,"4544  CRAIG VALLEY DR  NEW CASTLE VA 241278589",76000,2014-07-17,2014,"1",NA,NA
"470","51045",NA,"92-A-4-B","10",5.63,245112,NA,NA,NA,NA,NA,NA,NA,"2189  JOHNS CREEK RD  NEW CASTLE VA 241277173",135750,2019-02-27,2019,"1",NA,NA
"471","51045",NA,"97-1-3","10",5.79,252125,NA,NA,NA,NA,NA,NA,NA,"VA",32100,2015-05-28,2015,"1",NA,NA
"472","51045",NA,"98-A-29","10",1.68,73311,NA,NA,NA,NA,NA,NA,NA,"6742  UPPER CRAIGS CREEK RD  CATAWBA VA 240705568",165000,2018-09-12,2018,"1",NA,NA
"473","51045",NA,"99-1-1","10",5.06,220588,NA,NA,NA,NA,NA,NA,NA,"9663  UPPER CRAIGS CREEK RD  CATAWBA VA 240705599",95000,2011-08-01,2011,"1",NA,NA
"474","51045",NA,"104-A-18-B","10",5,217800,NA,NA,NA,NA,NA,NA,NA,"153  TANYARD TRL  NEWPORT VA 241283665",195000,2012-01-26,2012,"1",NA,NA
"475","51045",NA,"104-A-21-D","10",8.95,389688,NA,NA,NA,NA,NA,NA,NA,"143  YANKEE MEADOWS TRCE  NEWPORT VA 241284244",185100,2016-10-27,2016,"1",NA,NA
"476","51045",NA,"105-4-10","10",10.85,472626,NA,NA,NA,NA,NA,NA,NA,"144  SOUTHVIEW DR  NEWPORT VA 241284209",60000,2015-07-07,2015,"1",NA,NA
"477","51045",NA,"105-A-32-A","10",7.29,317727,NA,NA,NA,NA,NA,NA,NA,"6163  CUMBERLAND GAP RD  NEWPORT VA 241284160",181213,2015-08-24,2015,"3",NA,NA
"478","51045",NA,"105-A-38","10",8.25,359370,NA,NA,NA,NA,NA,NA,NA,"VA",164000,2018-12-03,2018,"7",NA,NA
"479","51045",NA,"105-A-50","10",5.09,221720,NA,NA,NA,NA,NA,NA,NA,"",170000,2020-01-17,2020,"1",NA,NA
"480","51045",NA,"106-A-23","10",4.25,185304,NA,NA,NA,NA,NA,NA,NA,"",45000,2014-03-31,2014,"1",NA,NA
"481","51045",NA,"110-2-A","10",3.05,132640,NA,NA,NA,NA,NA,NA,NA,"246  MILLER CV  CATAWBA VA 240705698",375000,2014-06-02,2014,"1",NA,NA
"482","51045",NA,"115-A-15","10",8.56,372874,NA,NA,NA,NA,NA,NA,NA,"2435  NORTHSIDE RD  NEWPORT VA 241284275",185000,2013-03-20,2013,"1",NA,NA
"483","51045",NA,"115-A-17-A","10",47.51,2069361,NA,NA,NA,NA,NA,NA,NA,"VA",184900,2013-09-10,2013,"3",NA,NA
"484","51045",NA,"118-A-3","10",16.59,722573,NA,NA,NA,NA,NA,NA,NA,"882  UPPER CRAIGS CREEK RD  CATAWBA VA 240705502",270000,2011-06-27,2011,"1",NA,NA
"485","51045",NA,"11-A-6","10",17.14,746618,NA,NA,NA,NA,NA,NA,NA,"10308  POTTS CREEK RD  COVINGTON VA 244267350",195100,2017-09-01,2017,"1",NA,NA
"486","51045",NA,"120-A-6","10",1.22,53126,NA,NA,NA,NA,NA,NA,NA,"VA",50000,2017-07-13,2017,"1",NA,NA
"487","51045",NA,"19-A-5","10",13.31,579609,NA,NA,NA,NA,NA,NA,NA,"VA",359000,2019-01-18,2019,"1",NA,NA
"488","51045",NA,"24-A-9-A","10",5,217844,NA,NA,NA,NA,NA,NA,NA,"1206  BARBOURS CREEK RD  NEW CASTLE VA 241277083",100100,2016-08-16,2016,"1",NA,NA
"489","51045",NA,"25-A-18","10",15,653400,NA,NA,NA,NA,NA,NA,NA,"VA",47000,2011-07-21,2011,"1",NA,NA
"490","51045",NA,"26-A-6-4","10",NA,NA,NA,NA,NA,NA,NA,NA,NA,"",6000,2015-07-23,2015,"1",NA,NA
"491","51045",NA,"27-1-69","10",NA,NA,NA,NA,NA,NA,NA,NA,NA,"",73000,2017-11-28,2017,"1",NA,NA
"492","51045",NA,"31-A-5","10",1.17,50965,NA,NA,NA,NA,NA,NA,NA,"VA",60000,2019-10-21,2019,"1",NA,NA
"493","51045",NA,"35-1-1","10",5.01,218236,NA,NA,NA,NA,NA,NA,NA,"137  RIDGE RD  NEW CASTLE VA 241277151",200100,2015-05-22,2015,"1",NA,NA
"494","51045",NA,"37-2-8","10",11.17,486435,NA,NA,NA,NA,NA,NA,NA,"306  WILD CAT HOLW  NEW CASTLE VA 241276287",175000,2012-03-16,2012,"1",NA,NA
"495","51045",NA,"44-A-16-B","10",3.54,154115,NA,NA,NA,NA,NA,NA,NA,"VA",227500,2017-01-09,2017,"1",NA,NA
"496","51045",NA,"45-A-25","10",0.6,26136,NA,NA,NA,NA,NA,NA,NA,"",118000,2019-06-03,2019,"1",NA,NA
"497","51045",NA,"46-A-8","10",2,87120,NA,NA,NA,NA,NA,NA,NA,"1415  BOULEVARD   NEW CASTLE VA 241276043",74000,2012-08-23,2012,"1",NA,NA
"498","51045",NA,"46-A-9-A","10",4.75,206692,NA,NA,NA,NA,NA,NA,NA,"251  HOLSTON HOLLOW RD  NEW CASTLE VA 241276093",25000,2016-08-24,2016,"1",NA,NA
"499","51045",NA,"47-2-26","10",1.04,45302,NA,NA,NA,NA,NA,NA,NA,"",286000,2017-08-30,2017,"1",NA,NA
"500","51045",NA,"47-2-27","10",1.02,44431,NA,NA,NA,NA,NA,NA,NA,"",131000,2019-05-17,2019,"1",NA,NA
"501","51045",NA,"47-3-40","10",2.7,117612,NA,NA,NA,NA,NA,NA,NA,"270  HIDDEN VALLEY RD  NEW CASTLE VA 241276395",77500,2018-07-10,2018,"1",NA,NA
"502","51045",NA,"47-4-3","10",7,304920,NA,NA,NA,NA,NA,NA,NA,"25884  CRAIGS CREEK RD  NEW CASTLE VA 241276218",175000,2018-11-14,2018,"1",NA,NA
"503","51045",NA,"47-5-15","10",5.07,220980,NA,NA,NA,NA,NA,NA,NA,"746  HUNTERS DR  NEW CASTLE VA 241276208",98800,2015-05-04,2015,"1",NA,NA
"504","51045",NA,"47-8-1","10",2.17,94395,NA,NA,NA,NA,NA,NA,NA,"88  ANGEL CT  NEW CASTLE VA 241276104",102000,2016-09-23,2016,"1",NA,NA
"505","51045",NA,"47-8-2","10",1.22,53100,NA,NA,NA,NA,NA,NA,NA,"80  ANGEL CT  NEW CASTLE VA 241276104",125000,2012-12-04,2012,"1",NA,NA
"506","51045",NA,"47-A2-1-69-1-A","10",0.51,22200,NA,NA,NA,NA,NA,NA,NA,"VA",81500,2015-10-15,2015,"1",NA,NA
"507","51045",NA,"47-A3-1-11-15-A","10",NA,NA,NA,NA,NA,NA,NA,NA,NA,"",30000,2012-05-24,2012,"1",NA,NA
"508","51045",NA,"47-A3-1-11-24","10",NA,NA,NA,NA,NA,NA,NA,NA,NA,"244  COLUMBIA AVE  NEW CASTLE VA 241276319",121600,2017-07-07,2017,"1",NA,NA
"509","51045",NA,"47-A3-1-2","10",1,43560,NA,NA,NA,NA,NA,NA,NA,"401  PARK AVE  NEW CASTLE VA 241276153",89500,2015-12-16,2015,"1",NA,NA
"510","51045",NA,"47-A3-1-56-9","10",0.32,1393920,NA,NA,NA,NA,NA,NA,NA,"VA",67000,2015-09-21,2015,"1",NA,NA
"511","51045",NA,"47-A3-1-9-35","10",NA,NA,NA,NA,NA,NA,NA,NA,NA,"",29200,2013-11-20,2013,"1",NA,NA
"512","51045",NA,"47-A5-2-14-1","10",0.08,3354,NA,NA,NA,NA,NA,NA,NA,"453  CUMBERLAND AVE  NEW CASTLE VA 241277678",45900,2017-04-04,2017,"1",NA,NA
"513","51045",NA,"47-A5-A-5","10",0.59,25657,NA,NA,NA,NA,NA,NA,NA,"530  CUMBERLAND AVE  NEW CASTLE VA 241277677",32000,2011-05-24,2011,"1",NA,NA
"514","51045",NA,"47-A6-10-2","10",1.94,84506,NA,NA,NA,NA,NA,NA,NA,"417  MAIN ST  NEW CASTLE VA 241277546",242500,2019-01-24,2019,"1",NA,NA
"515","51045",NA,"47-A6-10-41-13","10",NA,NA,NA,NA,NA,NA,NA,NA,NA,"168  MARSHALL AVE  NEW CASTLE VA 24127",49250,2013-01-30,2013,"1",NA,NA
"516","51045",NA,"47-A6-10-46-30","10",NA,NA,NA,NA,NA,NA,NA,NA,NA,"VA",80000,2018-06-11,2018,"1",NA,NA
"517","51045",NA,"47-A6-10-50-9","10",NA,NA,NA,NA,NA,NA,NA,NA,NA,"143  MARSHALL AVE  NEW CASTLE VA 241277981",75000,2011-07-05,2011,"1",NA,NA
"518","51045",NA,"47-A6-10-60-B-1","10",0.01,474,NA,NA,NA,NA,NA,NA,NA,"VA",178000,2018-02-12,2018,"1",NA,NA
"519","51045",NA,"47-A6-10-60-E","10",NA,NA,NA,NA,NA,NA,NA,NA,NA,"",65000,2019-09-11,2019,"1",NA,NA
"520","51045",NA,"47-A6-12-11","10",NA,NA,NA,NA,NA,NA,NA,NA,NA,"610  HOLCOMBE AVE  NEW CASTLE VA 241278000",69000,2012-11-26,2012,"1",NA,NA
"521","51045",NA,"47-A6-12-4","10",NA,NA,NA,NA,NA,NA,NA,NA,NA,"",85100,2018-04-24,2018,"1",NA,NA
"522","51045",NA,"47-A6-3-42","10",NA,NA,NA,NA,NA,NA,NA,NA,NA,"",142500,2014-10-30,2014,"1",NA,NA
"523","51045",NA,"47-A6-9-2-43","10",NA,NA,NA,NA,NA,NA,NA,NA,NA,"429  MIDDLE ST  NEW CASTLE VA 241277983",52000,2012-09-10,2012,"1",NA,NA
"524","51045",NA,"48-A-1-13-18","10",NA,NA,NA,NA,NA,NA,NA,NA,NA,"",3500,2018-11-28,2018,"1",NA,NA
"525","51045",NA,"54-A-34","10",7.25,315810,NA,NA,NA,NA,NA,NA,NA,"VA",35000,2012-06-25,2012,"1",NA,NA
"526","51045",NA,"57-5-2","10",9.17,399532,NA,NA,NA,NA,NA,NA,NA,"VA",30000,2018-09-14,2018,"7",NA,NA
"527","51045",NA,"58-1-32","10",2.02,88139,NA,NA,NA,NA,NA,NA,NA,"664  APS KNOB RD  NEW CASTLE VA 241276118",64950,2015-01-15,2015,"1",NA,NA
"528","51045",NA,"58-A-2-A","10",10.3,448668,NA,NA,NA,NA,NA,NA,NA,"",70000,2012-08-16,2012,"1",NA,NA
"529","51045",NA,"58-A-37-A","10",3,130680,NA,NA,NA,NA,NA,NA,NA,"",60000,2011-11-15,2011,"1",NA,NA
"530","51045",NA,"60-A-9","10",5.18,225467,NA,NA,NA,NA,NA,NA,NA,"298  TEABERRY LN  CATAWBA VA 240705637",97000,2016-04-18,2016,"1",NA,NA
"531","51045",NA,"70-A-38","10",5,217800,NA,NA,NA,NA,NA,NA,NA,"18854  CUMBERLAND GAP RD  NEW CASTLE VA 241277701",129900,2019-12-02,2019,"1",NA,NA
"532","51045",NA,"73-A-51-A","10",0.56,24394,NA,NA,NA,NA,NA,NA,NA,"",375000,2019-07-17,2019,"1",NA,NA
"533","51045",NA,"73-A-55-A","10",5.43,236618,NA,NA,NA,NA,NA,NA,NA,"",375000,2019-07-17,2019,"1",NA,NA
"534","51045",NA,"73-A-8","10",12.4,540188,NA,NA,NA,NA,NA,NA,NA,"7389  CRAIG VALLEY DR  NEW CASTLE VA 241278546",124450,2011-07-12,2011,"1",NA,NA
"535","51045",NA,"79-4-7","10",6.27,273121,NA,NA,NA,NA,NA,NA,NA,"VA",47000,2011-05-06,2011,"1",NA,NA
"536","51045",NA,"79-A-1-A","10",13.97,608359,NA,NA,NA,NA,NA,NA,NA,"VA",119900,2020-02-03,2020,"1",NA,NA
"537","51045",NA,"80-A-8-A","10",15,653400,NA,NA,NA,NA,NA,NA,NA,"1028  PIONEER TRL  NEW CASTLE VA 241276796",231800,2018-01-08,2018,"1",NA,NA
"538","51045",NA,"83-A-27-A1","10",5.61,244415,NA,NA,NA,NA,NA,NA,NA,"268  MOUNTAIN SIDE DR  NEW CASTLE VA 241277867",103000,2016-10-18,2016,"1",NA,NA
"539","51045",NA,"86-5-8","10",5.95,259008,NA,NA,NA,NA,NA,NA,NA,"774  HICKORY BROOK DR  NEW CASTLE VA 241278697",260000,2015-05-22,2015,"1",NA,NA
"540","51045",NA,"86-7-6","10",7.1,309363,NA,NA,NA,NA,NA,NA,NA,"438  WALTONS MOUNTAIN RD  NEW CASTLE VA 241278691",235000,2018-06-08,2018,"1",NA,NA
"541","51045",NA,"87-1-2","10",1.51,65863,NA,NA,NA,NA,NA,NA,NA,"600  BROAD RUN RD  NEW CASTLE VA 241274001",106500,2013-11-25,2013,"1",NA,NA
"542","51045",NA,"88-A-3","10",13.06,568676,NA,NA,NA,NA,NA,NA,NA,"VA",72000,2014-06-13,2014,"7",NA,NA
"543","51045",NA,"94-A-56-B","10",2.7,117525,NA,NA,NA,NA,NA,NA,NA,"8972  CUMBERLAND GAP RD  NEW CASTLE VA 241277659",69000,2011-05-24,2011,"1",NA,NA
"544","51045",NA,"95-A-31","10",5.06,220501,NA,NA,NA,NA,NA,NA,NA,"11044  CUMBERLAND GAP RD  NEW CASTLE VA 241277777",114291,2018-10-09,2018,"1",NA,NA
"545","51045",NA,"98-A-20-A","10",8.25,359370,NA,NA,NA,NA,NA,NA,NA,"72  OFFUTT LN  CATAWBA VA 240705642",300100,2018-10-04,2018,"1",NA,NA
"546","51045",NA,"99-A-73","10",1.23,53579,NA,NA,NA,NA,NA,NA,NA,"1300  CRAIG VALLEY DR  NEW CASTLE VA 241278745",106500,2014-04-09,2014,"1",NA,NA
"547","51045",NA,"100-A-6-A","10",2.2,95832,NA,NA,NA,NA,NA,NA,NA,"VA",85000,2015-05-26,2015,"1",NA,NA
"548","51045",NA,"105-3-14","10",8.54,371928,NA,NA,NA,NA,NA,NA,NA,"170  BIG MEADOWS DR  NEWPORT VA 241283632",239000,2017-04-25,2017,"1",NA,NA
"549","51045",NA,"106-A-29","10",1.9,82546,NA,NA,NA,NA,NA,NA,NA,"5045  NORTHSIDE RD  NEWPORT VA 241284151",101000,2010-12-21,2010,"6",NA,NA
"550","51045",NA,"106-A-36-A","10",5,217800,NA,NA,NA,NA,NA,NA,NA,"105  HIGHVIEW TRL  NEWPORT VA 241284262",162000,2015-04-06,2015,"1",NA,NA
"551","51045",NA,"11-1-1-A","10",5.01,218323,NA,NA,NA,NA,NA,NA,NA,"10791  POTTS CREEK RD  COVINGTON VA 244267343",223100,2017-07-14,2017,"1",NA,NA
"552","51045",NA,"114-A-12","10",8.87,386247,NA,NA,NA,NA,NA,NA,NA,"VA",17000,2015-01-26,2015,"1",NA,NA
"553","51045",NA,"114-A-40","10",1.99,86684,NA,NA,NA,NA,NA,NA,NA,"3453  CUMBERLAND GAP RD  NEWPORT VA 241284237",141100,2018-03-15,2018,"1",NA,NA
"554","51045",NA,"120-A-5","10",14.17,617158,NA,NA,NA,NA,NA,NA,NA,"VA",50000,2017-07-13,2017,"1",NA,NA
"555","51045",NA,"22-A-19","10",12.98,565539,NA,NA,NA,NA,NA,NA,NA,"VA",33500,2011-11-16,2011,"1",NA,NA
"556","51045",NA,"26-A-2-24","10",7.21,314242,NA,NA,NA,NA,NA,NA,NA,"133  PATTON DR  NEW CASTLE VA 241276563",65100,2017-03-30,2017,"1",NA,NA
"557","51045",NA,"27-1-68","10",NA,NA,NA,NA,NA,NA,NA,NA,NA,"",50000,2011-08-08,2011,"1",NA,NA
"558","51045",NA,"27-A-4-A","10",1.53,66777,NA,NA,NA,NA,NA,NA,NA,"191  PIKE LN  NEW CASTLE VA 241276641",198600,2016-04-04,2016,"1",NA,NA
"559","51045",NA,"30-A-5","10",98,4268880,NA,NA,NA,NA,NA,NA,NA,"VA",475000,2019-02-06,2019,"1",NA,NA
"560","51045",NA,"34-A-28-B","10",5.13,223289,NA,NA,NA,NA,NA,NA,NA,"",150000,2011-10-26,2011,"1",NA,NA
"561","51045",NA,"35-3-5","10",9.83,428151,NA,NA,NA,NA,NA,NA,NA,"127  PONDEROSA RD  NEW CASTLE VA 241276384",234900,2018-08-27,2018,"1",NA,NA
"562","51045",NA,"35-A-24","10",5.16,224669,NA,NA,NA,NA,NA,NA,NA,"3502  PEACEFUL VALLEY RD  NEW CASTLE VA 241277045",155000,2011-03-08,2011,"1",NA,NA
"563","51045",NA,"35-A-59-C","10",8.5,370304,NA,NA,NA,NA,NA,NA,NA,"",160000,2019-03-29,2019,"1",NA,NA
"564","51045",NA,"36-A-5","10",3.65,158994,NA,NA,NA,NA,NA,NA,NA,"5283  PEACEFUL VALLEY RD  NEW CASTLE VA 241277096",142000,2011-03-08,2011,"1",NA,NA
"565","51045",NA,"46-A-10","10",1,43560,NA,NA,NA,NA,NA,NA,NA,"",3500,2016-04-02,2016,"1",NA,NA
"566","51045",NA,"47-2-22","10",1.12,48787,NA,NA,NA,NA,NA,NA,NA,"",131000,2019-05-17,2019,"1",NA,NA
"567","51045",NA,"47-2-24","10",1.66,72484,NA,NA,NA,NA,NA,NA,NA,"",286000,2017-08-30,2017,"1",NA,NA
"568","51045",NA,"47-A-2","10",0.68,29621,NA,NA,NA,NA,NA,NA,NA,"1304  CC MOUNTAIN RD  NEW CASTLE VA 241276148",250000,2016-09-28,2016,"1",NA,NA
"569","51045",NA,"47-A2-1-66-1","10",NA,NA,NA,NA,NA,NA,NA,NA,NA,"",61500,2012-05-03,2012,"1",NA,NA
"570","51045",NA,"47-A2-1-83-1","10",NA,NA,NA,NA,NA,NA,NA,NA,NA,"",67200,2014-09-03,2014,"1",NA,NA
"571","51045",NA,"47-A3-1-16-24","10",NA,NA,NA,NA,NA,NA,NA,NA,NA,"351  BOULEVARD   NEW CASTLE VA 241276061",112500,2016-02-29,2016,"3",NA,NA
"572","51045",NA,"47-A3-1-23-5","10",NA,NA,NA,NA,NA,NA,NA,NA,NA,"",10000,2014-03-24,2014,"1",NA,NA
"573","51045",NA,"47-A3-1-4-5","10",NA,NA,NA,NA,NA,NA,NA,NA,NA,"",18000,2019-07-19,2019,"1",NA,NA
"574","51045",NA,"47-A3-1-9-23","10",NA,NA,NA,NA,NA,NA,NA,NA,NA,"",138850,2014-06-10,2014,"3",NA,NA
"575","51045",NA,"47-A3-1-9-38","10",NA,NA,NA,NA,NA,NA,NA,NA,NA,"",29200,2013-11-20,2013,"1",NA,NA
"576","51045",NA,"47-A6-10-27-7","10",NA,NA,NA,NA,NA,NA,NA,NA,NA,"240  HERNDON AVE  NEW CASTLE VA 241277916",97300,2016-03-14,2016,"1",NA,NA
"577","51045",NA,"47-A6-10-51-4","10",NA,NA,NA,NA,NA,NA,NA,NA,NA,"79  CUMBERLAND AVE  NEW CASTLE VA 241277684",33200,2015-10-05,2015,"1",NA,NA
"578","51045",NA,"47-A6-10-52-1","10",NA,NA,NA,NA,NA,NA,NA,NA,NA,"35  HERNDON AVE  NEW CASTLE VA 241277913",103100,2018-03-22,2018,"1",NA,NA
"579","51045",NA,"47-A6-10-6-8","10",NA,NA,NA,NA,NA,NA,NA,NA,NA,"188  WAGENER ST  NEW CASTLE VA 241277932",71000,2016-09-26,2016,"1",NA,NA
"580","51045",NA,"47-A6-12-14-B","10",NA,NA,NA,NA,NA,NA,NA,NA,NA,"VA",65000,2014-07-29,2014,"1",NA,NA
"581","51045",NA,"47-A6-13-15","10",0.33,14375,NA,NA,NA,NA,NA,NA,NA,"",142000,2015-08-18,2015,"1",NA,NA
"582","51045",NA,"47-A6-3-43","10",NA,NA,NA,NA,NA,NA,NA,NA,NA,"",142500,2014-10-30,2014,"1",NA,NA
"583","51045",NA,"48-A-1-9-10","10",NA,NA,NA,NA,NA,NA,NA,NA,NA,"",75000,2018-05-02,2018,"1",NA,NA
"584","51045",NA,"48-A-2-4-9","10",0.34,14723,NA,NA,NA,NA,NA,NA,NA,"",103000,2011-09-22,2011,"1",NA,NA
"585","51045",NA,"48-A-27","10",11.66,507910,NA,NA,NA,NA,NA,NA,NA,"224  CREEK TRAIL RD  NEW CASTLE VA 241276250",33300,2019-12-13,2019,"1",NA,NA
"586","51045",NA,"54-A-59","10",3.55,154420,NA,NA,NA,NA,NA,NA,NA,"11094  JOHNS CREEK RD  NEW CASTLE VA 241277196",22156,2010-12-06,2010,"1",NA,NA
"587","51045",NA,"55-1-14","10",8.88,386813,NA,NA,NA,NA,NA,NA,NA,"",115000,2020-02-18,2020,"1",NA,NA
"588","51045",NA,"58-1-34","10",1.88,81936,NA,NA,NA,NA,NA,NA,NA,"602  APS KNOB RD  NEW CASTLE VA 241276118",34100,2013-11-21,2013,"1",NA,NA
"589","51045",NA,"58-3-1-B","10",7.25,315679,NA,NA,NA,NA,NA,NA,NA,"56  CRAIG WOODS RD  NEW CASTLE VA 241274036",170000,2014-03-04,2014,"1",NA,NA
"590","51045",NA,"58-4-4","10",3.89,169448,NA,NA,NA,NA,NA,NA,NA,"5444  WINDERMERE WAY  HARDY VA 241012516",26000,2014-06-03,2014,"1",NA,NA
"591","51045",NA,"64-1-20","10",5.51,240016,NA,NA,NA,NA,NA,NA,NA,"3447  OLD WAITEVILLE RD  NEW CASTLE VA 241277165",139000,2014-06-02,2014,"1",NA,NA
"592","51045",NA,"64-1-30","10",5.05,219978,NA,NA,NA,NA,NA,NA,NA,"4  MISTHAVEN DR  NEW CASTLE VA 241276920",89900,2017-10-23,2017,"7",NA,NA
"593","51045",NA,"67-A-18-F","10",5,217800,NA,NA,NA,NA,NA,NA,NA,"NEW CASTLE VA 24127",22500,2013-08-14,2013,"1",NA,NA
"594","51045",NA,"73-2-13","10",1.12,48787,NA,NA,NA,NA,NA,NA,NA,"317  CRAIG CREEK ESTATES DR  NEW CASTLE VA 241278658",199000,2019-06-27,2019,"1",NA,NA
"595","51045",NA,"73-3-10","10",10.8,470535,NA,NA,NA,NA,NA,NA,NA,"853  MOUNTAIN BREEZE LN  NEW CASTLE VA 241278744",275000,2017-02-16,2017,"1",NA,NA
"596","51045",NA,"73-A-44","10",2.39,104021,NA,NA,NA,NA,NA,NA,NA,"5982  CRAIG VALLEY DR  NEW CASTLE VA 241278571",62000,2019-05-02,2019,"1",NA,NA
"597","51045",NA,"78-A-18","10",5,217800,NA,NA,NA,NA,NA,NA,NA,"VA",150000,2014-10-30,2014,"1",NA,NA
"598","51045",NA,"79-3-10","10",5.5,239580,NA,NA,NA,NA,NA,NA,NA,"VA",55000,2018-12-06,2018,"1",NA,NA
"599","51045",NA,"79-3-11","10",5.4,235224,NA,NA,NA,NA,NA,NA,NA,"VA",55000,2018-12-06,2018,"1",NA,NA
"600","51045",NA,"79-A-1-61","10",8.85,385506,NA,NA,NA,NA,NA,NA,NA,"VA",143000,2015-11-02,2015,"1",NA,NA
"601","51045",NA,"80-A-22","10",4.43,192971,NA,NA,NA,NA,NA,NA,NA,"VA",30000,2019-01-15,2019,"1",NA,NA
"602","51045",NA,"86-A-25","10",2.66,115782,NA,NA,NA,NA,NA,NA,NA,"73  HICKORY BROOK DR  NEW CASTLE VA 241278694",116000,2017-12-11,2017,"1",NA,NA
"603","51045",NA,"86-A-46-B","10",1,43604,NA,NA,NA,NA,NA,NA,NA,"VA",233382,2019-02-07,2019,"1",NA,NA
"604","51045",NA,"86-A-61-F","10",5.06,220414,NA,NA,NA,NA,NA,NA,NA,"4940  CRAIG VALLEY DR  NEW CASTLE VA 241278583",295000,2020-01-13,2020,"1",NA,NA
"605","51045",NA,"87-1-6","10",11.05,481277,NA,NA,NA,NA,NA,NA,NA,"",70347,2014-03-12,2014,"1",NA,NA
"606","51045",NA,"95-A-29-C","10",6,261360,NA,NA,NA,NA,NA,NA,NA,"10960  CUMBERLAND GAP RD  NEW CASTLE VA 241277779",40000,2019-06-04,2019,"1",NA,NA
"607","51045",NA,"95-A-45","10",5.07,220849,NA,NA,NA,NA,NA,NA,NA,"264  BETHEL CHURCH RD  NEW CASTLE VA 241277862",145000,2014-08-28,2014,"1",NA,NA
"608","51045",NA,"99-A-52","10",3.13,136212,NA,NA,NA,NA,NA,NA,NA,"2196  CRAIG VALLEY DR  NEW CASTLE VA 241278611",77700,2018-08-23,2018,"1",NA,NA
"609","51045",NA,"99-A-63","10",5.41,235834,NA,NA,NA,NA,NA,NA,NA,"1690  CRAIG VALLEY DR  CATAWBA VA 24070",115000,2019-09-06,2019,"1",NA,NA
"610","51045",NA,"99-A-72","10",1.77,77101,NA,NA,NA,NA,NA,NA,NA,"VA",115000,2019-09-06,2019,"1",NA,NA
"611","51045",NA,"99-A-81","10",1.14,49658,NA,NA,NA,NA,NA,NA,NA,"1184  CRAIG VALLEY DR  NEW CASTLE VA 241278623",139950,2017-08-24,2017,"1",NA,NA
