"","geoid_cnty","geoid_blk","p_id_iris_frmtd","property_indicator","acres","land_square_footage","bldg_code","building_square_feet","living_square_feet","year_built","effective_year_built","bedrooms","baths_appraised","property_address","sale_price","sale_date","sale_year","transaction_type","property_centroid_latitude","property_centroid_longitude"
"1","38069",NA,"01776001","10",20,871200,NA,NA,NA,NA,NA,NA,NA,"3021  67TH ST NE RUGBY ND 583688451",69000,2013-11-01,2013,"1",NA,NA
"2","38069",NA,"02729001","10",60,2613600,NA,NA,NA,NA,NA,NA,NA,"2811  64TH ST NE RUGBY ND 583687803",NA,2011-04-13,2011,"1",NA,NA
"3","38069",NA,"08753000","10",NA,NA,NA,NA,NA,NA,NA,NA,NA,"805  4TH ST SE RUGBY ND 583682009",362000,2013-08-29,2013,"1",NA,NA
"4","38069",NA,"08810000","10",NA,NA,NA,NA,NA,NA,NA,NA,NA,"121  9TH ST SW RUGBY ND 583682111",39000,2014-05-09,2014,"1",NA,NA
"5","38069",NA,"08854000","10",NA,NA,NA,NA,NA,NA,NA,NA,NA,"225  2ND ST SE RUGBY ND 583681833",NA,2011-02-21,2011,"1",NA,NA
"6","38069",NA,"09010000","10",NA,NA,NA,NA,NA,NA,NA,NA,NA,"716  3RD AVE SE RUGBY ND 583682245",NA,2010-06-29,2010,"1",NA,NA
"7","38069",NA,"09013000","10",NA,NA,NA,NA,NA,NA,NA,NA,NA,"312  6TH ST SE RUGBY ND 583682312",151663,2015-07-31,2015,"1",NA,NA
"8","38069",NA,"09043000","10",NA,NA,NA,NA,NA,NA,NA,NA,NA,"820  3RD AVE SE RUGBY ND 583682203",NA,2012-08-30,2012,"1",NA,NA
"9","38069",NA,"09055000","10",NA,NA,NA,NA,NA,NA,NA,NA,NA,"510  2ND ST SW RUGBY ND 583681406",NA,2017-07-08,2017,"1",NA,NA
"10","38069",NA,"09080000","10",NA,NA,NA,NA,NA,NA,NA,NA,NA,"508  3RD ST SW RUGBY ND 583681417",103510,2009-06-01,2009,"1",NA,NA
"11","38069",NA,"09091000","10",NA,NA,NA,NA,NA,NA,NA,NA,NA,"604  3RD ST SW RUGBY ND 583681418",283175,2019-05-17,2019,"1",NA,NA
"12","38069",NA,"09164000","10",NA,NA,NA,NA,NA,NA,NA,NA,NA,"341  6TH ST SE RUGBY ND 583682311",37869.95,2010-05-28,2010,"1",NA,NA
"13","38069",NA,"09346000","10",NA,NA,NA,NA,NA,NA,NA,NA,NA,"208  4TH ST SW RUGBY ND 583681716",38373.75,2012-03-26,2012,"1",NA,NA
"14","38069",NA,"09375000","10",NA,NA,NA,NA,NA,NA,NA,NA,NA,"409  4TH ST SE RUGBY ND 583681913",62812.5,2005-08-31,2005,"1",NA,NA
"15","38069",NA,"09546000","10",NA,NA,NA,NA,NA,NA,NA,NA,NA,"115  5TH AVE SW RUGBY ND 583681024",9000,2006-11-17,2006,"1",NA,NA
"16","38069",NA,"09703000","10",NA,NA,NA,NA,NA,NA,NA,NA,NA,"508 S MAIN AVE  RUGBY ND 58368",28875,2010-08-30,2010,"1",NA,NA
"17","38069",NA,"09746000","10",NA,NA,NA,NA,NA,NA,NA,NA,NA,"407  6TH ST SE RUGBY ND 583682313",NA,2013-02-01,2013,"1",NA,NA
"18","38069",NA,"09747000","10",NA,NA,NA,NA,NA,NA,NA,NA,NA,"405  6TH ST SE RUGBY ND 583682313",77750,2006-12-04,2006,"1",NA,NA
"19","38069",NA,"09748000","10",NA,NA,NA,NA,NA,NA,NA,NA,NA,"403  6TH ST SE RUGBY ND 583682313",110000,2014-09-08,2014,"1",NA,NA
"20","38069",NA,"09750000","10",NA,NA,NA,NA,NA,NA,NA,NA,NA,"404  5TH ST SE RUGBY ND 583682333",163750,2017-10-04,2017,"1",NA,NA
"21","38069",NA,"09753000","10",NA,NA,NA,NA,NA,NA,NA,NA,NA,"ND",NA,2013-08-15,2013,"1",NA,NA
"22","38069",NA,"09770000","10",NA,NA,NA,NA,NA,NA,NA,NA,NA,"604 S MAIN AVE  RUGBY ND 583682126",NA,2011-07-20,2011,"1",NA,NA
"23","38069",NA,"09786000","10",NA,NA,NA,NA,NA,NA,NA,NA,NA,"38  COUNTRY RD  RUGBY ND 583682508",NA,2010-01-14,2010,"1",NA,NA
"24","38069",NA,"09894000","10",NA,NA,NA,NA,NA,NA,NA,NA,NA,"204  15TH ST SW RUGBY ND 583682423",NA,2017-12-05,2017,"1",NA,NA
"25","38069",NA,"09902000","10",NA,NA,NA,NA,NA,NA,NA,NA,NA,"204  14TH ST SW RUGBY ND 583682441",NA,2017-07-27,2017,"1",NA,NA
"26","38069",NA,"10008000","10",NA,NA,NA,NA,NA,NA,NA,NA,NA,"214  12TH ST SW RUGBY ND 583682418",115000,2012-03-05,2012,"1",NA,NA
"27","38069",NA,"10074000","10",NA,NA,NA,NA,NA,NA,NA,NA,NA,"508  3RD ST SE RUGBY ND 583681910",38191,2019-09-06,2019,"1",NA,NA
"28","38069",NA,"10092000","10",NA,NA,NA,NA,NA,NA,NA,NA,NA,"516  5TH ST SE RUGBY ND 583682331",135000,2015-12-18,2015,"1",NA,NA
"29","38069",NA,"10107000","10",NA,NA,NA,NA,NA,NA,NA,NA,NA,"624  4TH ST SE RUGBY ND 583681918",NA,2016-12-16,2016,"1",NA,NA
"30","38069",NA,"10129000","10",NA,NA,NA,NA,NA,NA,NA,NA,NA,"615  3RD ST SE RUGBY ND 583681911",262000,2019-02-12,2019,"1",NA,NA
"31","38069",NA,"10319000","10",NA,NA,NA,NA,NA,NA,NA,NA,NA,"414  2ND ST SE RUGBY ND 583681902",82500,2010-06-01,2010,"1",NA,NA
"32","38069",NA,"10331000","10",NA,NA,NA,NA,NA,NA,NA,NA,NA,"413  3RD ST SE RUGBY ND 583681907",NA,2010-12-23,2010,"1",NA,NA
"33","38069",NA,"10338000","10",NA,NA,NA,NA,NA,NA,NA,NA,NA,"406  3RD ST SE RUGBY ND 583681908",39187.5,2006-08-31,2006,"1",NA,NA
"34","38069",NA,"10344000","10",NA,NA,NA,NA,NA,NA,NA,NA,NA,"409  4TH ST SE RUGBY ND 583681913",NA,2010-10-19,2010,"1",NA,NA
"35","38069",NA,"10357000","10",NA,NA,NA,NA,NA,NA,NA,NA,NA,"303  4TH ST SE RUGBY ND 583681821",125133.26,2016-11-09,2016,"1",NA,NA
"36","38069",NA,"10390000","10",NA,NA,NA,NA,NA,NA,NA,NA,NA,"401  5TH ST SE RUGBY ND 583682332",131377.5,2014-10-31,2014,"1",NA,NA
"37","38069",NA,"10392000","10",NA,NA,NA,NA,NA,NA,NA,NA,NA,"407  5TH ST SE RUGBY ND 583682332",105000,2013-10-25,2013,"1",NA,NA
"38","38069",NA,"10398000","10",NA,NA,NA,NA,NA,NA,NA,NA,NA,"402  4TH AVE SE RUGBY ND 583682306",81250,2014-08-22,2014,"1",NA,NA
"39","38069",NA,"10480000","10",NA,NA,NA,NA,NA,NA,NA,NA,NA,"802  4TH AVE SW RUGBY ND 583681606",41262.5,2012-11-02,2012,"1",NA,NA
"40","38069",NA,"10532000","10",NA,NA,NA,NA,NA,NA,NA,NA,NA,"203  SUNSET LN  RUGBY ND 583682510",125000,2005-09-21,2005,"1",NA,NA
"41","38069",NA,"06168000","10",NA,NA,NA,NA,NA,NA,NA,NA,NA,"325  3RD AVE NW SELZ ND 583417311",NA,2014-07-22,2014,"1",NA,NA
"42","38069",NA,"06678000","10",80,3484800,NA,NA,NA,NA,NA,NA,NA,"2150  34TH ST NE ANAMOOSE ND 587109422",52000,2010-11-01,2010,"1",NA,NA
"43","38069",NA,"08178000","10",NA,NA,NA,NA,NA,NA,NA,NA,NA,"208  4TH AVE NW RUGBY ND 583681014",106375,2007-08-20,2007,"1",NA,NA
"44","38069",NA,"08233000","10",NA,NA,NA,NA,NA,NA,NA,NA,NA,"315  10TH ST SE RUGBY ND 583682525",256250,2017-05-26,2017,"1",NA,NA
"45","38069",NA,"08260025","10",NA,NA,NA,NA,NA,NA,NA,NA,NA,"1513  6TH AVE SE RUGBY ND 583682542",37500,2007-05-31,2007,"1",NA,NA
"46","38069",NA,"08272000","10",NA,NA,NA,NA,NA,NA,NA,NA,NA,"805  2ND AVE SE RUGBY ND 583682201",NA,2016-07-22,2016,"1",NA,NA
"47","38069",NA,"08320000","10",NA,NA,NA,NA,NA,NA,NA,NA,NA,"807  7TH AVE SE RUGBY ND 583682025",NA,2017-09-13,2017,"3",NA,NA
"48","38069",NA,"08370000","10",NA,NA,NA,NA,NA,NA,NA,NA,NA,"326  2ND ST SW RUGBY ND 583681402",NA,2013-11-05,2013,"1",NA,NA
"49","38069",NA,"08407000","10",NA,NA,NA,NA,NA,NA,NA,NA,NA,"209  5TH AVE SW RUGBY ND 583681450",74576,2012-03-22,2012,"1",NA,NA
"50","38069",NA,"08417000","10",NA,NA,NA,NA,NA,NA,NA,NA,NA,"408  3RD ST SW RUGBY ND 583681416",36500,2008-10-20,2008,"1",NA,NA
"51","38069",NA,"08425000","10",NA,NA,NA,NA,NA,NA,NA,NA,NA,"307  2ND ST SW RUGBY ND 583681401",11616,2018-12-18,2018,"1",NA,NA
"52","38069",NA,"08479000","10",NA,NA,NA,NA,NA,NA,NA,NA,NA,"318  4TH ST SW RUGBY ND 583681509",160312.5,2014-07-25,2014,"1",NA,NA
"53","38069",NA,"08649000","10",NA,NA,NA,NA,NA,NA,NA,NA,NA,"805  2ND ST SE RUGBY ND 583682002",123500,2019-08-08,2019,"1",NA,NA
"54","38069",NA,"08652000","10",NA,NA,NA,NA,NA,NA,NA,NA,NA,"811  2ND ST SE RUGBY ND 583682002",49000,2008-12-15,2008,"1",NA,NA
"55","38069",NA,"08721000","10",NA,NA,NA,NA,NA,NA,NA,NA,NA,"704  4TH ST SE RUGBY ND 583682008",135356.25,2014-08-21,2014,"1",NA,NA
"56","38069",NA,"08748000","10",NA,NA,NA,NA,NA,NA,NA,NA,NA,"303  8TH AVE SE RUGBY ND 583682029",208000,2018-06-01,2018,"1",NA,NA
"57","38069",NA,"10653000","10",NA,NA,NA,NA,NA,NA,NA,NA,NA,"421  2ND AVE SE RUGBY ND 583682210",71682.5,2014-07-30,2014,"1",NA,NA
"58","38069",NA,"10662000","10",NA,NA,NA,NA,NA,NA,NA,NA,NA,"112  4TH ST SE RUGBY ND 583681818",NA,2018-10-23,2018,"1",NA,NA
"59","38069",NA,"10723000","10",NA,NA,NA,NA,NA,NA,NA,NA,NA,"111  4TH ST NE RUGBY ND 583681216",NA,2010-11-19,2010,"1",NA,NA
"60","38069",NA,"10760000","10",NA,NA,NA,NA,NA,NA,NA,NA,NA,"121  2ND ST NE RUGBY ND 583681211",109130.5,2008-04-30,2008,"1",NA,NA
"61","38069",NA,"10780000","10",NA,NA,NA,NA,NA,NA,NA,NA,NA,"212  3RD AVE NW RUGBY ND 583681129",NA,2010-09-16,2010,"1",NA,NA
"62","38069",NA,"10783000","10",NA,NA,NA,NA,NA,NA,NA,NA,NA,"117  2ND AVE NW RUGBY ND 583681113",89000,2016-06-02,2016,"1",NA,NA
"63","38069",NA,"10801000","10",NA,NA,NA,NA,NA,NA,NA,NA,NA,"106  1ST ST NW RUGBY ND 583681102",NA,2014-10-21,2014,"1",NA,NA
"64","38069",NA,"10809000","10",NA,NA,NA,NA,NA,NA,NA,NA,NA,"116 N MAIN AVE  RUGBY ND 583681219",NA,2010-07-09,2010,"1",NA,NA
"65","38069",NA,"10810000","10",NA,NA,NA,NA,NA,NA,NA,NA,NA,"101  1ST ST NE RUGBY ND 583681201",NA,2010-08-31,2010,"1",NA,NA
"66","38069",NA,"33024000","10",NA,NA,NA,NA,NA,NA,NA,NA,NA,"101  2ND AVE NE BALTA ND 583134631",NA,2014-08-01,2014,"1",NA,NA
"67","38069",NA,"33060000","10",NA,NA,NA,NA,NA,NA,NA,NA,NA,"102  2ND AVE SE BALTA ND 583134600",NA,2011-09-23,2011,"1",NA,NA
"68","38069",NA,"53009000","10",NA,NA,NA,NA,NA,NA,NA,NA,NA,"204  4TH AVE NW WOLFORD ND 58385",231250,2017-11-03,2017,"6",NA,NA
"69","38069",NA,"53067000","10",NA,NA,NA,NA,NA,NA,NA,NA,NA,"204  MAIN ST W WOLFORD ND 583854010",NA,2019-03-06,2019,"1",NA,NA
"70","38069",NA,"08260003","10",NA,NA,NA,NA,NA,NA,NA,NA,NA,"502  12TH ST SE RUGBY ND 583682567",291375,2012-10-19,2012,"1",NA,NA
"71","38069",NA,"08260030","10",NA,NA,NA,NA,NA,NA,NA,NA,NA,"1511  6TH AVE SE RUGBY ND 583682542",129375,2009-04-22,2009,"1",NA,NA
"72","38069",NA,"08260080","10",NA,NA,NA,NA,NA,NA,NA,NA,NA,"1409  6TH AVE SE RUGBY ND 583682543",185658.2,2010-11-12,2010,"1",NA,NA
"73","38069",NA,"08281000","10",NA,NA,NA,NA,NA,NA,NA,NA,NA,"113  5TH AVE NW RUGBY ND 583681017",50000,2015-06-20,2015,"1",NA,NA
"74","38069",NA,"08316000","10",NA,NA,NA,NA,NA,NA,NA,NA,NA,"311  1ST ST NE RUGBY ND 583681205",52107.92,2006-04-13,2006,"1",NA,NA
"75","38069",NA,"08320010","10",NA,NA,NA,NA,NA,NA,NA,NA,NA,"807  7TH AVE SE RUGBY ND 583682025",26500,2018-07-10,2018,"1",NA,NA
"76","38069",NA,"08448000","10",NA,NA,NA,NA,NA,NA,NA,NA,NA,"312  3RD ST SW RUGBY ND 583681414",85000,2016-06-30,2016,"1",NA,NA
"77","38069",NA,"08470000","10",NA,NA,NA,NA,NA,NA,NA,NA,NA,"324  4TH ST SW RUGBY ND 583681509",NA,2011-12-28,2011,"1",NA,NA
"78","38069",NA,"08485000","10",NA,NA,NA,NA,NA,NA,NA,NA,NA,"403  3RD ST SW RUGBY ND 583681415",NA,2016-12-14,2016,"1",NA,NA
"79","38069",NA,"08496000","10",NA,NA,NA,NA,NA,NA,NA,NA,NA,"427  3RD ST SW RUGBY ND 583681415",22000,2012-12-06,2012,"1",NA,NA
"80","38069",NA,"08651000","10",NA,NA,NA,NA,NA,NA,NA,NA,NA,"809  2ND ST SE RUGBY ND 583682002",158673.02,2017-05-31,2017,"1",NA,NA
"81","38069",NA,"08809000","10",NA,NA,NA,NA,NA,NA,NA,NA,NA,"115  9TH ST SW RUGBY ND 583682111",NA,2010-10-19,2010,"1",NA,NA
"82","38069",NA,"08985000","10",NA,NA,NA,NA,NA,NA,NA,NA,NA,"809  2ND ST SW RUGBY ND 583681411",93750,2011-07-22,2011,"1",NA,NA
"83","38069",NA,"08996000","10",NA,NA,NA,NA,NA,NA,NA,NA,NA,"806  3RD ST SW RUGBY ND 583681422",75750,2014-12-05,2014,"1",NA,NA
"84","38069",NA,"09018000","10",NA,NA,NA,NA,NA,NA,NA,NA,NA,"344  6TH ST SE RUGBY ND 583682312",178500,2018-11-02,2018,"1",NA,NA
"85","38069",NA,"09056000","10",NA,NA,NA,NA,NA,NA,NA,NA,NA,"512  2ND ST SW RUGBY ND 583681406",80000,2014-11-14,2014,"1",NA,NA
"86","38069",NA,"09075000","10",NA,NA,NA,NA,NA,NA,NA,NA,NA,"507  2ND ST SW RUGBY ND 583681405",NA,2012-09-28,2012,"1",NA,NA
"87","38069",NA,"09090000","10",NA,NA,NA,NA,NA,NA,NA,NA,NA,"608  3RD ST SW RUGBY ND 583681418",112000,2016-05-16,2016,"1",NA,NA
"88","38069",NA,"09118000","10",NA,NA,NA,NA,NA,NA,NA,NA,NA,"301  8TH AVE SW RUGBY ND 583681523",NA,2011-11-01,2011,"1",NA,NA
"89","38069",NA,"09258000","10",NA,NA,NA,NA,NA,NA,NA,NA,NA,"217  1ST ST NW RUGBY ND 583681103",NA,2014-07-31,2014,"1",NA,NA
"90","38069",NA,"09347000","10",NA,NA,NA,NA,NA,NA,NA,NA,NA,"218  4TH ST SW RUGBY ND 583681716",70000,2014-04-30,2014,"1",NA,NA
"91","38069",NA,"09354000","10",NA,NA,NA,NA,NA,NA,NA,NA,NA,"321  2ND AVE SW RUGBY ND 583681707",NA,2011-10-25,2011,"1",NA,NA
"92","38069",NA,"09550000","10",NA,NA,NA,NA,NA,NA,NA,NA,NA,"312  4TH ST NW RUGBY ND 583681137",NA,2009-07-01,2009,"1",NA,NA
"93","38069",NA,"09634000","10",NA,NA,NA,NA,NA,NA,NA,NA,NA,"523  4TH ST SW RUGBY ND 583681512",42596.75,2009-02-23,2009,"1",NA,NA
"94","38069",NA,"09637000","10",NA,NA,NA,NA,NA,NA,NA,NA,NA,"601  4TH ST SW RUGBY ND 583681514",115000,2015-08-14,2015,"1",NA,NA
"95","38069",NA,"09665000","10",NA,NA,NA,NA,NA,NA,NA,NA,NA,"822  4TH ST SW RUGBY ND 583681516",240000,2015-11-23,2015,"1",NA,NA
"96","38069",NA,"09701000","10",NA,NA,NA,NA,NA,NA,NA,NA,NA,"502 S MAIN AVE  RUGBY ND 583682124",87400,2016-05-10,2016,"1",NA,NA
"97","38069",NA,"09715000","10",NA,NA,NA,NA,NA,NA,NA,NA,NA,"520  2ND AVE SE RUGBY ND 583682212",NA,2012-05-11,2012,"1",NA,NA
"98","38069",NA,"09774000","10",NA,NA,NA,NA,NA,NA,NA,NA,NA,"24  COUNTRY RD  RUGBY ND 583682508",129000,2014-03-06,2014,"1",NA,NA
"99","38069",NA,"09870000","10",NA,NA,NA,NA,NA,NA,NA,NA,NA,"33  COUNTRY RD  RUGBY ND 583682507",220000,2012-07-27,2012,"1",NA,NA
"100","38069",NA,"09895000","10",NA,NA,NA,NA,NA,NA,NA,NA,NA,"202  15TH ST SW RUGBY ND 583682423",60000,2010-06-30,2010,"1",NA,NA
"101","38069",NA,"09954000","10",NA,NA,NA,NA,NA,NA,NA,NA,NA,"315  4TH ST SW RUGBY ND 583681508",56375,2015-06-25,2015,"1",NA,NA
"102","38069",NA,"09984000","10",NA,NA,NA,NA,NA,NA,NA,NA,NA,"133  10TH ST SW RUGBY ND 583682409",32000,2008-07-10,2008,"1",NA,NA
"103","38069",NA,"09990000","10",NA,NA,NA,NA,NA,NA,NA,NA,NA,"130  11TH ST SW RUGBY ND 583682414",66938.76,2011-04-27,2011,"1",NA,NA
"104","38069",NA,"10070000","10",NA,NA,NA,NA,NA,NA,NA,NA,NA,"511  3RD ST SE RUGBY ND 583681909",84900,2019-07-24,2019,"1",NA,NA
"105","38069",NA,"10075000","10",NA,NA,NA,NA,NA,NA,NA,NA,NA,"506  3RD ST SE RUGBY ND 583681910",73600,2018-11-15,2018,"1",NA,NA
"106","38069",NA,"10091000","10",NA,NA,NA,NA,NA,NA,NA,NA,NA,"420  6TH AVE SE RUGBY ND 583682320",75000,2007-08-22,2007,"1",NA,NA
"107","38069",NA,"10099000","10",NA,NA,NA,NA,NA,NA,NA,NA,NA,"507  6TH ST SE RUGBY ND 583682315",131898.75,2016-08-12,2016,"1",NA,NA
"108","38069",NA,"10108000","10",NA,NA,NA,NA,NA,NA,NA,NA,NA,"410  7TH AVE SE RUGBY ND 583682014",NA,2016-08-29,2016,"1",NA,NA
"109","38069",NA,"10111000","10",NA,NA,NA,NA,NA,NA,NA,NA,NA,"419  6TH AVE SE RUGBY ND 583682319",100937.5,2015-07-16,2015,"1",NA,NA
"110","38069",NA,"10171000","10",NA,NA,NA,NA,NA,NA,NA,NA,NA,"229  2ND ST SE RUGBY ND 583681833",NA,2011-06-01,2011,"1",NA,NA
"111","38069",NA,"01045001","10",22,958320,NA,NA,NA,NA,NA,NA,NA,"ND",130100,2013-12-24,2013,"1",NA,NA
"112","38069",NA,"02505002","10",2.2,95832,NA,NA,NA,NA,NA,NA,NA,"6431  24TH AVE NE RUGBY ND 583688555",150000,2019-10-29,2019,"1",NA,NA
"113","38069",NA,"02709001","10",30.14,1312898,NA,NA,NA,NA,NA,NA,NA,"6531  25TH AVE NE RUGBY ND 583688503",127400,2014-05-09,2014,"1",NA,NA
"114","38069",NA,"04466000","10",NA,NA,NA,NA,NA,NA,NA,NA,NA,"ND",NA,2016-06-03,2016,"1",NA,NA
"115","38069",NA,"08051001","10",NA,NA,NA,NA,NA,NA,NA,NA,NA,"908  5TH AVE SW RUGBY ND 583681616",178125,2015-11-13,2015,"1",NA,NA
"116","38069",NA,"08158000","10",NA,NA,NA,NA,NA,NA,NA,NA,NA,"402  2ND ST NW RUGBY ND 583681011",NA,2015-06-03,2015,"1",NA,NA
"117","38069",NA,"08251000","10",NA,NA,NA,NA,NA,NA,NA,NA,NA,"1516  6TH AVE SE RUGBY ND 583682534",150000,2013-09-13,2013,"1",NA,NA
"118","38069",NA,"08258000","10",NA,NA,NA,NA,NA,NA,NA,NA,NA,"1410  6TH AVE SE RUGBY ND 583682533",259900,2019-08-15,2019,"1",NA,NA
"119","38069",NA,"10182000","10",NA,NA,NA,NA,NA,NA,NA,NA,NA,"348  2ND ST SE RUGBY ND 583681804",231250,2017-11-03,2017,"6",NA,NA
"120","38069",NA,"10187000","10",NA,NA,NA,NA,NA,NA,NA,NA,NA,"232  2ND ST SE RUGBY ND 583681805",79100,2013-02-27,2013,"1",NA,NA
"121","38069",NA,"10196000","10",NA,NA,NA,NA,NA,NA,NA,NA,NA,"227  3RD ST SE RUGBY ND 583681813",NA,2017-12-27,2017,"1",NA,NA
"122","38069",NA,"10305000","10",NA,NA,NA,NA,NA,NA,NA,NA,NA,"410 E DEWEY ST  RUGBY ND 583681931",NA,2015-08-27,2015,"1",NA,NA
"123","38069",NA,"10310000","10",NA,NA,NA,NA,NA,NA,NA,NA,NA,"403  2ND ST SE RUGBY ND 583681901",38454.74,2007-05-18,2007,"1",NA,NA
"124","38069",NA,"10316000","10",NA,NA,NA,NA,NA,NA,NA,NA,NA,"417  2ND ST SE RUGBY ND 583681901",NA,2014-07-17,2014,"1",NA,NA
"125","38069",NA,"10360000","10",NA,NA,NA,NA,NA,NA,NA,NA,NA,"311  4TH ST SE RUGBY ND 583681821",NA,2011-10-25,2011,"1",NA,NA
"126","38069",NA,"10502000","10",NA,NA,NA,NA,NA,NA,NA,NA,NA,"203  TERRITORIAL DR  RUGBY ND 583682513",128125,2011-06-10,2011,"1",NA,NA
"127","38069",NA,"10510000","10",NA,NA,NA,NA,NA,NA,NA,NA,NA,"1103  3RD AVE SE RUGBY ND 583682501",149875,2006-06-30,2006,"1",NA,NA
"128","38069",NA,"10518000","10",NA,NA,NA,NA,NA,NA,NA,NA,NA,"1102  UNIQUE DR  RUGBY ND 583682516",275000,2019-09-20,2019,"1",NA,NA
"129","38069",NA,"10521000","10",NA,NA,NA,NA,NA,NA,NA,NA,NA,"204  TERRITORIAL DR  RUGBY ND 583682514",250000,2018-10-31,2018,"1",NA,NA
"130","38069",NA,"10530000","10",NA,NA,NA,NA,NA,NA,NA,NA,NA,"207  SUNSET LN  RUGBY ND 583682510",187500,2012-03-08,2012,"1",NA,NA
"131","38069",NA,"10561001","10",NA,NA,NA,NA,NA,NA,NA,NA,NA,"1205  3RD AVE SE RUGBY ND 583682502",NA,2019-10-21,2019,"1",NA,NA
"132","38069",NA,"10568000","10",NA,NA,NA,NA,NA,NA,NA,NA,NA,"1208  UNIQUE DR  RUGBY ND 583682518",NA,2011-08-23,2011,"1",NA,NA
"133","38069",NA,"10572000","10",NA,NA,NA,NA,NA,NA,NA,NA,NA,"308  PANTHER ST  RUGBY ND 583682541",NA,2014-01-17,2014,"1",NA,NA
"134","38069",NA,"10655000","10",NA,NA,NA,NA,NA,NA,NA,NA,NA,"215  5TH ST SE RUGBY ND 583682237",104229,2017-07-18,2017,"1",NA,NA
"135","38069",NA,"10658000","10",NA,NA,NA,NA,NA,NA,NA,NA,NA,"ND",NA,2014-08-04,2014,"1",NA,NA
"136","38069",NA,"10736000","10",NA,NA,NA,NA,NA,NA,NA,NA,NA,"211  4TH ST NW RUGBY ND 583681134",107875,2013-08-06,2013,"1",NA,NA
"137","38069",NA,"10764000","10",NA,NA,NA,NA,NA,NA,NA,NA,NA,"205 N MAIN AVE  RUGBY ND 583681220",30000,2014-07-25,2014,"1",NA,NA
"138","38069",NA,"10803000","10",NA,NA,NA,NA,NA,NA,NA,NA,NA,"119  2ND AVE NE RUGBY ND 583681213",135367.27,2015-07-10,2015,"1",NA,NA
"139","38069",NA,"10817000","10",NA,NA,NA,NA,NA,NA,NA,NA,NA,"131  1ST ST NE RUGBY ND 583681201",15000,2015-10-27,2015,"1",NA,NA
"140","38069",NA,"33038000","10",NA,NA,NA,NA,NA,NA,NA,NA,NA,"203  VOLGA ST S BALTA ND 583134621",20500,2019-08-01,2019,"1",NA,NA
"141","38069",NA,"53065000","10",NA,NA,NA,NA,NA,NA,NA,NA,NA,"401  3RD AVE SW WOLFORD ND 583854001",10000,2012-09-20,2012,"1",NA,NA
"142","38069",NA,"02497001","10",8.17,355885,NA,NA,NA,NA,NA,NA,NA,"2111  64TH ST NE RUGBY ND 583688562",NA,2018-05-24,2018,"1",NA,NA
"143","38069",NA,"02723000","10",138.98,6053969,NA,NA,NA,NA,NA,NA,NA,"2780  HIGHWAY 2  W RUGBY ND 583688236",205000,2018-10-30,2018,"1",NA,NA
"144","38069",NA,"06178000","10",NA,NA,NA,NA,NA,NA,NA,NA,NA,"104  RAILROAD AVE SE SELZ ND 583417304",NA,2012-08-12,2012,"1",NA,NA
"145","38069",NA,"06186000","10",NA,NA,NA,NA,NA,NA,NA,NA,NA,"ND",NA,2014-07-16,2014,"1",NA,NA
"146","38069",NA,"06216000","10",NA,NA,NA,NA,NA,NA,NA,NA,NA,"203  2ND AVE NW SELZ ND 583417313",NA,2011-10-04,2011,"1",NA,NA
"147","38069",NA,"10190000","10",NA,NA,NA,NA,NA,NA,NA,NA,NA,"226  2ND ST SE RUGBY ND 583681805",NA,2018-08-27,2018,"1",NA,NA
"148","38069",NA,"10308000","10",NA,NA,NA,NA,NA,NA,NA,NA,NA,"115  4TH AVE SE RUGBY ND 583681919",NA,2015-08-05,2015,"1",NA,NA
"149","38069",NA,"10418000","10",NA,NA,NA,NA,NA,NA,NA,NA,NA,"226  4TH ST SE RUGBY ND 583681820",NA,2017-01-03,2017,"1",NA,NA
"150","38069",NA,"10533000","10",NA,NA,NA,NA,NA,NA,NA,NA,NA,"201  SUNSET LN  RUGBY ND 583682510",135343,2020-01-07,2020,"1",NA,NA
"151","38069",NA,"10539000","10",NA,NA,NA,NA,NA,NA,NA,NA,NA,"208  SUNSET LN  RUGBY ND 583682510",142309,2009-06-21,2009,"1",NA,NA
"152","38069",NA,"10541000","10",NA,NA,NA,NA,NA,NA,NA,NA,NA,"1205  UNIQUE DR  RUGBY ND 583682517",NA,2019-04-10,2019,"1",NA,NA
"153","38069",NA,"10554000","10",NA,NA,NA,NA,NA,NA,NA,NA,NA,"1206  LEISURE LN  RUGBY ND 583682555",243750,2016-06-01,2016,"1",NA,NA
"154","38069",NA,"10570000","10",NA,NA,NA,NA,NA,NA,NA,NA,NA,"1204  UNIQUE DR  RUGBY ND 583682518",NA,2017-07-25,2017,"1",NA,NA
"155","38069",NA,"10626000","10",NA,NA,NA,NA,NA,NA,NA,NA,NA,"501  2ND AVE SW RUGBY ND 583682103",NA,2012-06-12,2012,"3",NA,NA
"156","38069",NA,"10656000","10",NA,NA,NA,NA,NA,NA,NA,NA,NA,"ND",104229,2017-07-18,2017,"1",NA,NA
"157","38069",NA,"10687000","10",NA,NA,NA,NA,NA,NA,NA,NA,NA,"411  2ND AVE SW RUGBY ND 583682101",99100,2017-05-15,2017,"1",NA,NA
"158","38069",NA,"10791000","10",NA,NA,NA,NA,NA,NA,NA,NA,NA,"202  1ST ST NW RUGBY ND 583681104",108019.5,2013-09-10,2013,"1",NA,NA
"159","38069",NA,"10793000","10",NA,NA,NA,NA,NA,NA,NA,NA,NA,"117 N MAIN AVE  RUGBY ND 583681218",12000,2019-02-01,2019,"1",NA,NA
"160","38069",NA,"10799000","10",NA,NA,NA,NA,NA,NA,NA,NA,NA,"116  1ST ST NW RUGBY ND 583681102",14925,2020-02-28,2020,"1",NA,NA
"161","38069",NA,"33019000","10",NA,NA,NA,NA,NA,NA,NA,NA,NA,"203  KIEV ST N BALTA ND 583134611",26687.5,2005-11-14,2005,"1",NA,NA
"162","38069",NA,"33027001","10",NA,NA,NA,NA,NA,NA,NA,NA,NA,"ND",65000,2019-07-25,2019,"1",NA,NA
"163","38069",NA,"53092000","10",NA,NA,NA,NA,NA,NA,NA,NA,NA,"301  JUSTIN ST  WOLFORD ND 583854009",NA,2017-09-08,2017,"1",NA,NA
"164","38069",NA,"00422000","10",12.02,523591,NA,NA,NA,NA,NA,NA,NA,"7761  38TH AVE NE ROLETTE ND 583669201",38000,2006-11-06,2006,"1",NA,NA
"165","38069",NA,"01495002","10",2.95,128502,NA,NA,NA,NA,NA,NA,NA,"2821  70TH ST NE RUGBY ND 583688458",88000,2010-06-22,2010,"1",NA,NA
"166","38069",NA,"01605001","10",41.25,1796850,NA,NA,NA,NA,NA,NA,NA,"6667  29TH AVE NE RUGBY ND 583688507",NA,2019-01-31,2019,"1",NA,NA
"167","38069",NA,"08224000","10",NA,NA,NA,NA,NA,NA,NA,NA,NA,"921  3RD AVE SE RUGBY ND 583682204",67375,2006-09-11,2006,"1",NA,NA
"168","38069",NA,"08311000","10",NA,NA,NA,NA,NA,NA,NA,NA,NA,"221  1ST ST NE RUGBY ND 583681203",NA,2011-09-17,2011,"1",NA,NA
"169","38069",NA,"08325000","10",NA,NA,NA,NA,NA,NA,NA,NA,NA,"1101  7TH AVE SE RUGBY ND 583682030",32100,2018-08-24,2018,"1",NA,NA
"170","38069",NA,"08386000","10",NA,NA,NA,NA,NA,NA,NA,NA,NA,"420  2ND ST SW RUGBY ND 583681404",69861.25,2011-08-23,2011,"1",NA,NA
"171","38069",NA,"08405000","10",NA,NA,NA,NA,NA,NA,NA,NA,NA,"427  2ND ST SW RUGBY ND 583681403",NA,2015-08-20,2015,"1",NA,NA
"172","38069",NA,"08512000","10",NA,NA,NA,NA,NA,NA,NA,NA,NA,"404  4TH ST SW RUGBY ND 583681511",135000,2012-06-01,2012,"1",NA,NA
"173","38069",NA,"08763000","10",NA,NA,NA,NA,NA,NA,NA,NA,NA,"805  5TH ST SE RUGBY ND 583682019",NA,2012-09-20,2012,"1",NA,NA
"174","38069",NA,"08808000","10",NA,NA,NA,NA,NA,NA,NA,NA,NA,"121  9TH ST SW RUGBY ND 583682111",41000,2019-09-03,2019,"1",NA,NA
"175","38069",NA,"08823000","10",NA,NA,NA,NA,NA,NA,NA,NA,NA,"901 S MAIN AVE  RUGBY ND 583682119",35000,2009-05-11,2009,"1",NA,NA
"176","38069",NA,"08831000","10",NA,NA,NA,NA,NA,NA,NA,NA,NA,"128  9TH ST SE RUGBY ND 583682207",90717.19,2015-09-29,2015,"1",NA,NA
"177","38069",NA,"08840000","10",NA,NA,NA,NA,NA,NA,NA,NA,NA,"133  10TH ST SE RUGBY ND 583682405",NA,2018-06-27,2018,"1",NA,NA
"178","38069",NA,"08997000","10",NA,NA,NA,NA,NA,NA,NA,NA,NA,"802  3RD ST SW RUGBY ND 583681422",78813,2018-01-16,2018,"3",NA,NA
"179","38069",NA,"09006000","10",NA,NA,NA,NA,NA,NA,NA,NA,NA,"714  3RD AVE SE RUGBY ND 583682247",NA,2013-10-25,2013,"1",NA,NA
"180","38069",NA,"09112000","10",NA,NA,NA,NA,NA,NA,NA,NA,NA,"705  3RD ST SW RUGBY ND 583681419",NA,2017-10-17,2017,"1",NA,NA
"181","38069",NA,"09153000","10",NA,NA,NA,NA,NA,NA,NA,NA,NA,"306  5TH ST SE RUGBY ND 583682335",NA,2013-01-23,2013,"1",NA,NA
"182","38069",NA,"09348000","10",NA,NA,NA,NA,NA,NA,NA,NA,NA,"313  3RD AVE SW RUGBY ND 583681501",NA,2018-10-15,2018,"1",NA,NA
"183","38069",NA,"09379000","10",NA,NA,NA,NA,NA,NA,NA,NA,NA,"212  3RD ST SE RUGBY ND 583681814",NA,2016-11-16,2016,"1",NA,NA
"184","38069",NA,"09551000","10",NA,NA,NA,NA,NA,NA,NA,NA,NA,"301  3RD AVE NW RUGBY ND 583681130",20000,2019-09-07,2019,"1",NA,NA
"185","38069",NA,"09553000","10",NA,NA,NA,NA,NA,NA,NA,NA,NA,"307  3RD AVE NW RUGBY ND 583681130",55000,2019-07-10,2019,"1",NA,NA
"186","38069",NA,"09567000","10",NA,NA,NA,NA,NA,NA,NA,NA,NA,"213  1ST ST NE RUGBY ND 583681203",61300,2015-11-11,2015,"1",NA,NA
"187","38069",NA,"09631000","10",NA,NA,NA,NA,NA,NA,NA,NA,NA,"509  4TH ST SW RUGBY ND 583681512",NA,2018-07-27,2018,"1",NA,NA
"188","38069",NA,"09633000","10",NA,NA,NA,NA,NA,NA,NA,NA,NA,"519  4TH ST SW RUGBY ND 583681512",24100,2015-12-11,2015,"1",NA,NA
"189","38069",NA,"09734000","10",NA,NA,NA,NA,NA,NA,NA,NA,NA,"611 S MAIN AVE  RUGBY ND 583682125",NA,2013-08-18,2013,"1",NA,NA
"190","38069",NA,"09864000","10",NA,NA,NA,NA,NA,NA,NA,NA,NA,"21  COUNTRY RD  RUGBY ND 583682507",NA,2010-08-04,2010,"1",NA,NA
"191","38069",NA,"09866000","10",NA,NA,NA,NA,NA,NA,NA,NA,NA,"25  COUNTRY RD  RUGBY ND 583682507",239221.25,2017-01-13,2017,"1",NA,NA
"192","38069",NA,"09898000","10",NA,NA,NA,NA,NA,NA,NA,NA,NA,"207  14TH ST SW RUGBY ND 583682440",125600,2014-09-08,2014,"1",NA,NA
"193","38069",NA,"09901000","10",NA,NA,NA,NA,NA,NA,NA,NA,NA,"ND",1e+05,2018-05-31,2018,"1",NA,NA
"194","38069",NA,"09992000","10",NA,NA,NA,NA,NA,NA,NA,NA,NA,"126  11TH ST SW RUGBY ND 583682414",118000,2014-04-22,2014,"1",NA,NA
"195","38069",NA,"10062000","10",NA,NA,NA,NA,NA,NA,NA,NA,NA,"512  2ND ST SE RUGBY ND 583681904",NA,2018-01-29,2018,"1",NA,NA
"196","38069",NA,"10065000","10",NA,NA,NA,NA,NA,NA,NA,NA,NA,"506  2ND ST SE RUGBY ND 583681904",NA,2013-09-25,2013,"1",NA,NA
"197","38069",NA,"10084000","10",NA,NA,NA,NA,NA,NA,NA,NA,NA,"510  4TH ST SE RUGBY ND 583681916",2970,2019-11-05,2019,"1",NA,NA
"198","38069",NA,"10104000","10",NA,NA,NA,NA,NA,NA,NA,NA,NA,"525  6TH AVE SE RUGBY ND 583682336",62500,2007-12-10,2007,"1",NA,NA
"199","38069",NA,"10109000","10",NA,NA,NA,NA,NA,NA,NA,NA,NA,"412  7TH AVE SE RUGBY ND 583682014",NA,2016-08-29,2016,"1",NA,NA
"200","38069",NA,"10161000","10",NA,NA,NA,NA,NA,NA,NA,NA,NA,"116  4TH AVE SE RUGBY ND 583681920",107125,2006-04-06,2006,"1",NA,NA
"201","38069",NA,"10178000","10",NA,NA,NA,NA,NA,NA,NA,NA,NA,"305  2ND ST SE RUGBY ND 583681803",NA,2009-11-24,2009,"1",NA,NA
"202","38069",NA,"06188000","10",NA,NA,NA,NA,NA,NA,NA,NA,NA,"ND",NA,2017-09-07,2017,"1",NA,NA
"203","38069",NA,"06552001","10",10.16,442570,NA,NA,NA,NA,NA,NA,NA,"3050  25TH AVE NE MARTIN ND 587589423",120000,2019-10-16,2019,"1",NA,NA
"204","38069",NA,"06700000","10",157.69,6868976,NA,NA,NA,NA,NA,NA,NA,"1871  32ND ST NE ANAMOOSE ND 587109433",237500,2006-11-13,2006,"1",NA,NA
"205","38069",NA,"08040000","10",NA,NA,NA,NA,NA,NA,NA,NA,NA,"ND",NA,2008-11-04,2008,"1",NA,NA
"206","38069",NA,"08136000","10",NA,NA,NA,NA,NA,NA,NA,NA,NA,"920  PARKLAND DR SW RUGBY ND 58368",65000,2019-07-25,2019,"1",NA,NA
"207","38069",NA,"08151000","10",NA,NA,NA,NA,NA,NA,NA,NA,NA,"413  2ND ST NW RUGBY ND 583681010",NA,2017-07-31,2017,"1",NA,NA
"208","38069",NA,"08176000","10",NA,NA,NA,NA,NA,NA,NA,NA,NA,"901  5TH AVE SW RUGBY ND 583681615",20000,2016-06-29,2016,"1",NA,NA
"209","38069",NA,"08188000","10",NA,NA,NA,NA,NA,NA,NA,NA,NA,"1ST & 3RD AVE NW RUGBY ND 58368",35000,2018-08-15,2018,"1",NA,NA
"210","38069",NA,"08310000","10",NA,NA,NA,NA,NA,NA,NA,NA,NA,"207  5TH AVE NW RUGBY ND 583681018",199557.82,2012-05-16,2012,"1",NA,NA
"211","38069",NA,"08323100","10",NA,NA,NA,NA,NA,NA,NA,NA,NA,"1212  6TH AVE SE RUGBY ND 583682504",NA,2014-05-16,2014,"1",NA,NA
"212","38069",NA,"08368000","10",NA,NA,NA,NA,NA,NA,NA,NA,NA,"320  2ND ST SW RUGBY ND 583681402",82788.44,2006-11-24,2006,"1",NA,NA
"213","38069",NA,"08373000","10",NA,NA,NA,NA,NA,NA,NA,NA,NA,"330  2ND ST SW RUGBY ND 583681402",76785,2009-09-11,2009,"1",NA,NA
"214","38069",NA,"08388000","10",NA,NA,NA,NA,NA,NA,NA,NA,NA,"428  2ND ST SW RUGBY ND 583681404",128950,2018-10-29,2018,"1",NA,NA
"215","38069",NA,"08410000","10",NA,NA,NA,NA,NA,NA,NA,NA,NA,"422  3RD ST SW RUGBY ND 583681416",139437.5,2017-07-13,2017,"1",NA,NA
"216","38069",NA,"08415000","10",NA,NA,NA,NA,NA,NA,NA,NA,NA,"414  3RD ST SW RUGBY ND 583681416",90425,2019-08-21,2019,"1",NA,NA
"217","38069",NA,"08436000","10",NA,NA,NA,NA,NA,NA,NA,NA,NA,"329  2ND ST SW RUGBY ND 583681401",105000,2015-06-19,2015,"1",NA,NA
"218","38069",NA,"08452000","10",NA,NA,NA,NA,NA,NA,NA,NA,NA,"302  3RD ST SW RUGBY ND 58368",NA,2014-10-20,2014,"1",NA,NA
"219","38069",NA,"08490000","10",NA,NA,NA,NA,NA,NA,NA,NA,NA,"417  3RD ST SW RUGBY ND 583681415",120000,2015-08-31,2015,"1",NA,NA
"220","38069",NA,"08727000","10",NA,NA,NA,NA,NA,NA,NA,NA,NA,"704  5TH ST SE RUGBY ND 583682018",NA,2017-01-25,2017,"1",NA,NA
"221","38069",NA,"08814000","10",NA,NA,NA,NA,NA,NA,NA,NA,NA,"912 S MAIN AVE  RUGBY ND 583682120",1246875,2019-06-04,2019,"1",NA,NA
"222","38069",NA,"08830000","10",NA,NA,NA,NA,NA,NA,NA,NA,NA,"124  9TH ST SE RUGBY ND 583682207",97000,2018-11-15,2018,"1",NA,NA
"223","38069",NA,"08833000","10",NA,NA,NA,NA,NA,NA,NA,NA,NA,"202  9TH ST SE RUGBY ND 583682209",NA,2012-01-31,2012,"1",NA,NA
"224","38069",NA,"08839000","10",NA,NA,NA,NA,NA,NA,NA,NA,NA,"137  10TH ST SE RUGBY ND 583682405",179000,2018-07-24,2018,"1",NA,NA
"225","38069",NA,"09029000","10",NA,NA,NA,NA,NA,NA,NA,NA,NA,"301  9TH ST SE RUGBY ND 583682301",NA,2016-08-02,2016,"1",NA,NA
"226","38069",NA,"09077000","10",NA,NA,NA,NA,NA,NA,NA,NA,NA,"512  3RD ST SW RUGBY ND 583681417",67435.68,2010-05-18,2010,"1",NA,NA
"227","38069",NA,"09141000","10",NA,NA,NA,NA,NA,NA,NA,NA,NA,"224  5TH ST SE RUGBY ND 583682238",25000,2009-12-04,2009,"1",NA,NA
"228","38069",NA,"09142000","10",NA,NA,NA,NA,NA,NA,NA,NA,NA,"236  5TH ST SE RUGBY ND 583682238",30100,2009-10-23,2009,"1",NA,NA
"229","38069",NA,"09252000","10",NA,NA,NA,NA,NA,NA,NA,NA,NA,"103  2ND AVE SW RUGBY ND 583681139",142906.25,2017-08-23,2017,"1",NA,NA
"230","38069",NA,"09566000","10",NA,NA,NA,NA,NA,NA,NA,NA,NA,"205  1ST ST NE RUGBY ND 583681203",17875,2006-10-17,2006,"1",NA,NA
"231","38069",NA,"09686000","10",NA,NA,NA,NA,NA,NA,NA,NA,NA,"119  3RD AVE NW RUGBY ND 583681101",275000,2016-12-02,2016,"1",NA,NA
"232","38069",NA,"09704000","10",NA,NA,NA,NA,NA,NA,NA,NA,NA,"512 S MAIN AVE  RUGBY ND 583682124",84437.5,2007-06-25,2007,"1",NA,NA
"233","38069",NA,"09732000","10",NA,NA,NA,NA,NA,NA,NA,NA,NA,"607 S MAIN AVE  RUGBY ND 583682125",86626.69,2011-11-08,2011,"1",NA,NA
"234","38069",NA,"09749000","10",NA,NA,NA,NA,NA,NA,NA,NA,NA,"402  5TH ST SE RUGBY ND 583682333",NA,2013-03-26,2013,"1",NA,NA
"235","38069",NA,"09770002","10",NA,NA,NA,NA,NA,NA,NA,NA,NA,"115  6TH ST SW RUGBY ND 583682107",76681.25,2011-10-08,2011,"1",NA,NA
"236","38069",NA,"09784000","10",NA,NA,NA,NA,NA,NA,NA,NA,NA,"36  COUNTRY RD  RUGBY ND 583682508",73052.5,2010-06-02,2010,"1",NA,NA
"237","38069",NA,"09853000","10",NA,NA,NA,NA,NA,NA,NA,NA,NA,"407  10TH ST SE RUGBY ND 583682526",NA,2012-06-15,2012,"1",NA,NA
"238","38069",NA,"09859000","10",NA,NA,NA,NA,NA,NA,NA,NA,NA,"34  COUNTRY RD  RUGBY ND 583682508",135000,2018-06-19,2018,"1",NA,NA
"239","38069",NA,"09899000","10",NA,NA,NA,NA,NA,NA,NA,NA,NA,"1402  2ND AVE SW RUGBY ND 583682439",NA,2019-10-01,2019,"1",NA,NA
"240","38069",NA,"09905000","10",NA,NA,NA,NA,NA,NA,NA,NA,NA,"106  14TH ST SW RUGBY ND 583682422",100625,2007-06-27,2007,"1",NA,NA
"241","38069",NA,"09953000","10",NA,NA,NA,NA,NA,NA,NA,NA,NA,"313  4TH ST SW RUGBY ND 583681508",85500,2015-08-28,2015,"1",NA,NA
"242","38069",NA,"10000000","10",NA,NA,NA,NA,NA,NA,NA,NA,NA,"151  11TH ST SW RUGBY ND 583682415",NA,2011-11-02,2011,"1",NA,NA
"243","38069",NA,"10003000","10",NA,NA,NA,NA,NA,NA,NA,NA,NA,"129  11TH ST SW RUGBY ND 583682415",142500,2018-05-16,2018,"1",NA,NA
"244","38069",NA,"10012000","10",NA,NA,NA,NA,NA,NA,NA,NA,NA,"205  12TH ST SW RUGBY ND 583682417",234500,2014-01-15,2014,"1",NA,NA
"245","38069",NA,"10036000","10",NA,NA,NA,NA,NA,NA,NA,NA,NA,"1002  3RD AVE SE RUGBY ND 583682524",215000,2019-08-30,2019,"1",NA,NA
"246","38069",NA,"10064000","10",NA,NA,NA,NA,NA,NA,NA,NA,NA,"508  2ND ST SE RUGBY ND 583681904",NA,2017-08-19,2017,"1",NA,NA
"247","38069",NA,"10067000","10",NA,NA,NA,NA,NA,NA,NA,NA,NA,"201  5TH AVE SE RUGBY ND 583681926",NA,2019-05-29,2019,"1",NA,NA
"248","38069",NA,"10089000","10",NA,NA,NA,NA,NA,NA,NA,NA,NA,"509  5TH ST SE RUGBY ND 583682330",63625,2011-10-17,2011,"1",NA,NA
"249","38069",NA,"10100000","10",NA,NA,NA,NA,NA,NA,NA,NA,NA,"509  6TH ST SE RUGBY ND 583682315",57138.73,2009-05-11,2009,"1",NA,NA
"250","38069",NA,"10170000","10",NA,NA,NA,NA,NA,NA,NA,NA,NA,"ND",NA,2011-02-21,2011,"1",NA,NA
"251","38069",NA,"01072001","10",9.25,402930,NA,NA,NA,NA,NA,NA,NA,"2090  75TH ST NE WILLOW CITY ND 583849611",78750,2006-02-23,2006,"1",NA,NA
"252","38069",NA,"01507001","10",5.94,258746,NA,NA,NA,NA,NA,NA,NA,"2941  69TH ST NE RUGBY ND 583688442",172000,2015-05-22,2015,"1",NA,NA
"253","38069",NA,"02682002","10",4.57,199069,NA,NA,NA,NA,NA,NA,NA,"904  7TH AVE SW RUGBY ND 583681631",38955.7,2006-03-15,2006,"1",NA,NA
"254","38069",NA,"02833001","10",3.59,156380,NA,NA,NA,NA,NA,NA,NA,"2521  60TH ST NE RUGBY ND 583688309",NA,2018-03-22,2018,"1",NA,NA
"255","38069",NA,"02874001","10",9.99,435164,NA,NA,NA,NA,NA,NA,NA,"6541  34TH AVE NE RUGBY ND 583687641",325000,2016-12-15,2016,"1",NA,NA
"256","38069",NA,"02896002","10",5.59,243500,NA,NA,NA,NA,NA,NA,NA,"3050  HIGHWAY 2  E RUGBY ND 583687647",43750,2008-04-25,2008,"1",NA,NA
"257","38069",NA,"02913002","10",3,130680,NA,NA,NA,NA,NA,NA,NA,"3430  HIGHWAY 2  E RUGBY ND 583687640",84486.5,2007-10-15,2007,"1",NA,NA
"258","38069",NA,"03266001","10",4.08,177725,NA,NA,NA,NA,NA,NA,NA,"5920  27TH AVE NE RUGBY ND 583688229",NA,2010-10-05,2010,"1",NA,NA
"259","38069",NA,"03973001","10",12.83,558875,NA,NA,NA,NA,NA,NA,NA,"2430  54TH ST NE RUGBY ND 583688174",40000,2015-07-24,2015,"1",NA,NA
"260","38069",NA,"10179000","10",NA,NA,NA,NA,NA,NA,NA,NA,NA,"307  2ND ST SE RUGBY ND 583681803",NA,2009-11-24,2009,"1",NA,NA
"261","38069",NA,"10183000","10",NA,NA,NA,NA,NA,NA,NA,NA,NA,"204  4TH AVE SE RUGBY ND 583681900",90100,2014-10-28,2014,"1",NA,NA
"262","38069",NA,"10197000","10",NA,NA,NA,NA,NA,NA,NA,NA,NA,"301  3RD ST SE RUGBY ND 583681837",NA,2012-12-12,2012,"1",NA,NA
"263","38069",NA,"10320000","10",NA,NA,NA,NA,NA,NA,NA,NA,NA,"412  2ND ST SE RUGBY ND 583681902",10750,2019-12-12,2019,"1",NA,NA
"264","38069",NA,"10321000","10",NA,NA,NA,NA,NA,NA,NA,NA,NA,"410  2ND ST SE RUGBY ND 583681902",NA,2010-10-08,2010,"1",NA,NA
"265","38069",NA,"10346000","10",NA,NA,NA,NA,NA,NA,NA,NA,NA,"417  4TH ST SE RUGBY ND 583681913",NA,2019-05-20,2019,"1",NA,NA
"266","38069",NA,"10361000","10",NA,NA,NA,NA,NA,NA,NA,NA,NA,"313  4TH ST SE RUGBY ND 583681821",NA,2012-02-03,2012,"3",NA,NA
"267","38069",NA,"10382000","10",NA,NA,NA,NA,NA,NA,NA,NA,NA,"430  4TH ST SE RUGBY ND 583681914",NA,2012-12-10,2012,"1",NA,NA
"268","38069",NA,"10402000","10",NA,NA,NA,NA,NA,NA,NA,NA,NA,"324  4TH ST SE RUGBY ND 583681822",92098.44,2008-06-30,2008,"1",NA,NA
"269","38069",NA,"10511000","10",NA,NA,NA,NA,NA,NA,NA,NA,NA,"1105  3RD AVE SE RUGBY ND 583682501",239900,2018-11-23,2018,"1",NA,NA
"270","38069",NA,"10514000","10",NA,NA,NA,NA,NA,NA,NA,NA,NA,"1110  UNIQUE DR  RUGBY ND 583682516",257000,2015-11-25,2015,"1",NA,NA
"271","38069",NA,"10549000","10",NA,NA,NA,NA,NA,NA,NA,NA,NA,"1104  LEISURE LN  RUGBY ND 583682539",192000,2012-04-02,2012,"1",NA,NA
"272","38069",NA,"10559000","10",NA,NA,NA,NA,NA,NA,NA,NA,NA,"1201  3RD AVE SE RUGBY ND 583682502",125000,2010-03-05,2010,"1",NA,NA
"273","38069",NA,"10627000","10",NA,NA,NA,NA,NA,NA,NA,NA,NA,"503  2ND AVE SW RUGBY ND 583682103",NA,2012-01-13,2012,"1",NA,NA
"274","38069",NA,"10654000","10",NA,NA,NA,NA,NA,NA,NA,NA,NA,"425  2ND AVE SE RUGBY ND 583682210",NA,2010-11-01,2010,"1",NA,NA
"275","38069",NA,"10772000","10",NA,NA,NA,NA,NA,NA,NA,NA,NA,"206  2ND AVE NW RUGBY ND 583681116",56521.62,2016-09-21,2016,"1",NA,NA
"276","38069",NA,"38023000","10",NA,NA,NA,NA,NA,NA,NA,NA,NA,"333  1ST AVE SW BARTON ND 58384",NA,2018-11-07,2018,"1",NA,NA
"277","38069",NA,"53102000","10",NA,NA,NA,NA,NA,NA,NA,NA,NA,"202  HONG ST SW WOLFORD ND 58385",NA,2011-05-02,2011,"1",NA,NA
"278","38069",NA,"00862001","10",5.34,232610,NA,NA,NA,NA,NA,NA,NA,"2811  76TH ST NE WILLOW CITY ND 583849656",NA,2019-05-24,2019,"1",NA,NA
"279","38069",NA,"01718001","10",10,435600,NA,NA,NA,NA,NA,NA,NA,"3071  69TH ST NE RUGBY ND 583688441",104375,2008-07-18,2008,"1",NA,NA
"280","38069",NA,"02569001","10",4,174240,NA,NA,NA,NA,NA,NA,NA,"6210  22ND AVE NE RUGBY ND 583688549",122500,2015-10-28,2015,"1",NA,NA
"281","38069",NA,"02731001","10",2.53,110207,NA,NA,NA,NA,NA,NA,NA,"2991  HIGHWAY 2  E RUGBY ND 583687801",177869.08,2006-02-07,2006,"1",NA,NA
"282","38069",NA,"02732009","10",0.72,31363,NA,NA,NA,NA,NA,NA,NA,"2801  HIGHWAY 2  W RUGBY ND 583688241",NA,2016-02-16,2016,"1",NA,NA
"283","38069",NA,"02895001","10",9.06,394654,NA,NA,NA,NA,NA,NA,NA,"3049  HIGHWAY 2  E RUGBY ND 583687647",690000,2014-05-16,2014,"1",NA,NA
"284","38069",NA,"38039000","10",NA,NA,NA,NA,NA,NA,NA,NA,NA,"ND",NA,2019-06-24,2019,"1",NA,NA
"285","38069",NA,"38198000","10",NA,NA,NA,NA,NA,NA,NA,NA,NA,"LAKE ST  BARTON ND 58384",NA,2018-11-26,2018,"1",NA,NA
"286","38069",NA,"06156000","10",NA,NA,NA,NA,NA,NA,NA,NA,NA,"315  3RD AVE NW SELZ ND 583417318",57000,2011-09-30,2011,"1",NA,NA
"287","38069",NA,"06206000","10",NA,NA,NA,NA,NA,NA,NA,NA,NA,"616  DAKOTA ST  WILLOW CITY ND 583844227",NA,2018-02-09,2018,"1",NA,NA
"288","38069",NA,"06254000","10",NA,NA,NA,NA,NA,NA,NA,NA,NA,"207  2ND AVE NW SELZ ND 58341",NA,2014-03-11,2014,"1",NA,NA
"289","38069",NA,"06501001","10",5.9,257004,NA,NA,NA,NA,NA,NA,NA,"3291  HIGHWAY 3  S HARVEY ND 583418722",240000,2019-07-19,2019,"1",NA,NA
"290","38069",NA,"08001000","10",NA,NA,NA,NA,NA,NA,NA,NA,NA,"804  5TH AVE SW RUGBY ND 583681614",65000,2010-05-11,2010,"1",NA,NA
"291","38069",NA,"08041000","10",NA,NA,NA,NA,NA,NA,NA,NA,NA,"903  5TH AVE SW RUGBY ND 583681615",125000,2011-12-20,2011,"1",NA,NA
"292","38069",NA,"08042000","10",NA,NA,NA,NA,NA,NA,NA,NA,NA,"905  5TH AVE SW RUGBY ND 583681615",NA,2018-08-21,2018,"1",NA,NA
"293","38069",NA,"08074000","10",NA,NA,NA,NA,NA,NA,NA,NA,NA,"604  2 1/2 AVE SE RUGBY ND 583682218",130239.1,2013-06-20,2013,"1",NA,NA
"294","38069",NA,"08203000","10",NA,NA,NA,NA,NA,NA,NA,NA,NA,"214  9TH ST SE RUGBY ND 583682209",77719.5,2011-07-29,2011,"1",NA,NA
"295","38069",NA,"08254000","10",NA,NA,NA,NA,NA,NA,NA,NA,NA,"1508  6TH AVE SE RUGBY ND 583682534",NA,2012-05-21,2012,"1",NA,NA
"296","38069",NA,"08260090","10",NA,NA,NA,NA,NA,NA,NA,NA,NA,"1309  6TH AVE SE RUGBY ND 583682551",NA,2012-03-28,2012,"1",NA,NA
"297","38069",NA,"08260110","10",NA,NA,NA,NA,NA,NA,NA,NA,NA,"1303  6TH AVE SE RUGBY ND 583682551",118850,2017-11-08,2017,"1",NA,NA
"298","38069",NA,"08324080","10",NA,NA,NA,NA,NA,NA,NA,NA,NA,"604  12TH ST SE RUGBY ND 583682505",NA,2014-08-06,2014,"1",NA,NA
"299","38069",NA,"08325050","10",NA,NA,NA,NA,NA,NA,NA,NA,NA,"1109  7TH AVE SE RUGBY ND 583682030",NA,2018-03-27,2018,"1",NA,NA
"300","38069",NA,"08365000","10",NA,NA,NA,NA,NA,NA,NA,NA,NA,"316  2ND ST SW RUGBY ND 583681402",75123.86,2012-04-13,2012,"1",NA,NA
"301","38069",NA,"08396000","10",NA,NA,NA,NA,NA,NA,NA,NA,NA,"409  2ND ST SW RUGBY ND 583681403",NA,2013-08-02,2013,"1",NA,NA
"302","38069",NA,"08401000","10",NA,NA,NA,NA,NA,NA,NA,NA,NA,"419  2ND ST SW RUGBY ND 583681403",NA,2017-01-23,2017,"1",NA,NA
"303","38069",NA,"08422000","10",NA,NA,NA,NA,NA,NA,NA,NA,NA,"301  2ND ST SW RUGBY ND 583681401",40000,2018-12-07,2018,"1",NA,NA
"304","38069",NA,"08494000","10",NA,NA,NA,NA,NA,NA,NA,NA,NA,"425  3RD ST SW RUGBY ND 583681415",18000,2012-12-06,2012,"1",NA,NA
"305","38069",NA,"08730000","10",NA,NA,NA,NA,NA,NA,NA,NA,NA,"524  7TH AVE SE RUGBY ND 583682016",130000,2006-04-26,2006,"1",NA,NA
"306","38069",NA,"08820000","10",NA,NA,NA,NA,NA,NA,NA,NA,NA,"128  10TH ST SW RUGBY ND 583682410",83750,2019-05-30,2019,"1",NA,NA
"307","38069",NA,"08877000","10",NA,NA,NA,NA,NA,NA,NA,NA,NA,"816  3RD AVE SW RUGBY ND 583681602",169750,2016-07-21,2016,"1",NA,NA
"308","38069",NA,"09002000","10",NA,NA,NA,NA,NA,NA,NA,NA,NA,"260  6TH ST SE RUGBY ND 583682241",27000,2019-07-16,2019,"1",NA,NA
"309","38069",NA,"09016000","10",NA,NA,NA,NA,NA,NA,NA,NA,NA,"332  6TH ST SE RUGBY ND 583682312",47500,2006-09-29,2006,"1",NA,NA
"310","38069",NA,"09022000","10",NA,NA,NA,NA,NA,NA,NA,NA,NA,"416  6TH ST SE RUGBY ND 583682314",132569.57,2010-05-21,2010,"1",NA,NA
"311","38069",NA,"09084000","10",NA,NA,NA,NA,NA,NA,NA,NA,NA,"603  2ND ST SW RUGBY ND 583681407",NA,2015-12-09,2015,"1",NA,NA
"312","38069",NA,"09088000","10",NA,NA,NA,NA,NA,NA,NA,NA,NA,"211  7TH AVE SW RUGBY ND 583681451",NA,2017-06-17,2017,"1",NA,NA
"313","38069",NA,"09089000","10",NA,NA,NA,NA,NA,NA,NA,NA,NA,"610  3RD ST SW RUGBY ND 583681418",99375,2015-02-26,2015,"1",NA,NA
"314","38069",NA,"09123000","10",NA,NA,NA,NA,NA,NA,NA,NA,NA,"317  8TH AVE SW RUGBY ND 583681523",150000,2018-08-03,2018,"1",NA,NA
"315","38069",NA,"09156000","10",NA,NA,NA,NA,NA,NA,NA,NA,NA,"312  5TH ST SE RUGBY ND 583682335",33250,2009-05-09,2009,"1",NA,NA
"316","38069",NA,"09160000","10",NA,NA,NA,NA,NA,NA,NA,NA,NA,"322  5TH ST SE RUGBY ND 583682335",135000,2019-11-13,2019,"1",NA,NA
"317","38069",NA,"09161000","10",NA,NA,NA,NA,NA,NA,NA,NA,NA,"320  5TH ST SE RUGBY ND 583682335",63000,2014-12-04,2014,"1",NA,NA
"318","38069",NA,"09166000","10",NA,NA,NA,NA,NA,NA,NA,NA,NA,"335  6TH ST SE RUGBY ND 583682311",9270,2019-07-20,2019,"1",NA,NA
"319","38069",NA,"09171000","10",NA,NA,NA,NA,NA,NA,NA,NA,NA,"511  3RD AVE SE RUGBY ND 583682225",NA,2008-10-28,2008,"1",NA,NA
"320","38069",NA,"09362000","10",NA,NA,NA,NA,NA,NA,NA,NA,NA,"310  2ND AVE SE RUGBY ND 583681810",34375,2008-06-27,2008,"1",NA,NA
"321","38069",NA,"09366000","10",NA,NA,NA,NA,NA,NA,NA,NA,NA,"315 S MAIN AVE  RUGBY ND 583681722",91037.5,2018-01-04,2018,"1",NA,NA
"322","38069",NA,"09528000","10",NA,NA,NA,NA,NA,NA,NA,NA,NA,"521  1ST ST NW RUGBY ND 583681004",25600,2018-11-20,2018,"1",NA,NA
"323","38069",NA,"09561000","10",NA,NA,NA,NA,NA,NA,NA,NA,NA,"314  3RD ST NW RUGBY ND 583681125",12500,2019-07-26,2019,"1",NA,NA
"324","38069",NA,"09667000","10",NA,NA,NA,NA,NA,NA,NA,NA,NA,"830  4TH ST SW RUGBY ND 583681516",179639.61,2011-11-22,2011,"1",NA,NA
"325","38069",NA,"09719000","10",NA,NA,NA,NA,NA,NA,NA,NA,NA,"507 S MAIN AVE  RUGBY ND 583682123",NA,2012-06-18,2012,"1",NA,NA
"326","38069",NA,"09731000","10",NA,NA,NA,NA,NA,NA,NA,NA,NA,"603 S MAIN AVE  RUGBY ND 583682125",61762.51,2008-09-26,2008,"1",NA,NA
"327","38069",NA,"09736000","10",NA,NA,NA,NA,NA,NA,NA,NA,NA,"713 S MAIN AVE  RUGBY ND 583682115",NA,2016-03-10,2016,"1",NA,NA
"328","38069",NA,"09743000","10",NA,NA,NA,NA,NA,NA,NA,NA,NA,"419  6TH ST SE RUGBY ND 583682313",96000,2018-06-29,2018,"1",NA,NA
"329","38069",NA,"09751000","10",NA,NA,NA,NA,NA,NA,NA,NA,NA,"406  5TH ST SE RUGBY ND 583682333",NA,2013-08-15,2013,"1",NA,NA
"330","38069",NA,"09773000","10",NA,NA,NA,NA,NA,NA,NA,NA,NA,"22  COUNTRY RD  RUGBY ND 583682508",207912.5,2017-05-30,2017,"1",NA,NA
"331","38069",NA,"09854000","10",NA,NA,NA,NA,NA,NA,NA,NA,NA,"405  10TH ST SE RUGBY ND 583682526",NA,2012-08-27,2012,"1",NA,NA
"332","38069",NA,"09900000","10",NA,NA,NA,NA,NA,NA,NA,NA,NA,"216  14TH ST SW RUGBY ND 583682441",100100,2018-05-31,2018,"1",NA,NA
"333","38069",NA,"09983000","10",NA,NA,NA,NA,NA,NA,NA,NA,NA,"135  10TH ST SW RUGBY ND 583682409",129475,2017-05-16,2017,"1",NA,NA
"334","38069",NA,"10017000","10",NA,NA,NA,NA,NA,NA,NA,NA,NA,"1112 S MAIN AVE  RUGBY ND 583682429",155000,2014-09-03,2014,"1",NA,NA
"335","38069",NA,"10019000","10",NA,NA,NA,NA,NA,NA,NA,NA,NA,"1116 S MAIN AVE  RUGBY ND 583682429",72687.5,2008-07-17,2008,"1",NA,NA
"336","38069",NA,"10029000","10",NA,NA,NA,NA,NA,NA,NA,NA,NA,"1007 S MAIN AVE  RUGBY ND 583682427",27000,2019-08-02,2019,"1",NA,NA
"337","38069",NA,"10063000","10",NA,NA,NA,NA,NA,NA,NA,NA,NA,"510  2ND ST SE RUGBY ND 583681904",NA,2017-08-19,2017,"1",NA,NA
"338","38069",NA,"10068000","10",NA,NA,NA,NA,NA,NA,NA,NA,NA,"503  3RD ST SE RUGBY ND 583681909",168200,2020-01-27,2020,"1",NA,NA
"339","38069",NA,"10069000","10",NA,NA,NA,NA,NA,NA,NA,NA,NA,"505  3RD ST SE RUGBY ND 583681909",82332.5,2017-12-08,2017,"1",NA,NA
"340","38069",NA,"10071000","10",NA,NA,NA,NA,NA,NA,NA,NA,NA,"513  3RD ST SE RUGBY ND 583681909",80671.73,2017-10-27,2017,"1",NA,NA
"341","38069",NA,"10076000","10",NA,NA,NA,NA,NA,NA,NA,NA,NA,"502  3RD ST SE RUGBY ND 583681910",165000,2018-12-06,2018,"1",NA,NA
"342","38069",NA,"10077000","10",NA,NA,NA,NA,NA,NA,NA,NA,NA,"307  5TH AVE SE RUGBY ND 583681927",NA,2015-09-22,2015,"1",NA,NA
"343","38069",NA,"10116000","10",NA,NA,NA,NA,NA,NA,NA,NA,NA,"624  3RD ST SE RUGBY ND 583681912",112912.5,2018-10-26,2018,"1",NA,NA
"344","38069",NA,"10123000","10",NA,NA,NA,NA,NA,NA,NA,NA,NA,"608  3RD ST SE RUGBY ND 583681912",75000,2015-09-08,2015,"1",NA,NA
"345","38069",NA,"10166000","10",NA,NA,NA,NA,NA,NA,NA,NA,NA,"240 E DEWEY ST  RUGBY ND 583681832",45000,2019-05-29,2019,"1",NA,NA
"346","38069",NA,"10186000","10",NA,NA,NA,NA,NA,NA,NA,NA,NA,"234  2ND ST SE RUGBY ND 58368",NA,2017-07-14,2017,"1",NA,NA
"347","38069",NA,"10312000","10",NA,NA,NA,NA,NA,NA,NA,NA,NA,"407  2ND ST SE RUGBY ND 583681901",65000,2014-06-09,2014,"1",NA,NA
"348","38069",NA,"10317000","10",NA,NA,NA,NA,NA,NA,NA,NA,NA,"418  2ND ST SE RUGBY ND 583681902",NA,2013-02-27,2013,"1",NA,NA
"349","38069",NA,"10347000","10",NA,NA,NA,NA,NA,NA,NA,NA,NA,"308  5TH AVE SE RUGBY ND 583681928",165100,2014-01-15,2014,"1",NA,NA
"350","38069",NA,"10351000","10",NA,NA,NA,NA,NA,NA,NA,NA,NA,"312  3RD ST SE RUGBY ND 583681816",37000,2019-10-18,2019,"1",NA,NA
"351","38069",NA,"10362000","10",NA,NA,NA,NA,NA,NA,NA,NA,NA,"315  4TH ST SE RUGBY ND 583681821",5100,2019-09-03,2019,"1",NA,NA
"352","38069",NA,"10400000","10",NA,NA,NA,NA,NA,NA,NA,NA,NA,"332  4TH ST SE RUGBY ND 583681822",NA,2016-10-05,2016,"1",NA,NA
"353","38069",NA,"10404000","10",NA,NA,NA,NA,NA,NA,NA,NA,NA,"318  4TH ST SE RUGBY ND 583681822",20000,2019-08-23,2019,"1",NA,NA
"354","38069",NA,"10408000","10",NA,NA,NA,NA,NA,NA,NA,NA,NA,"305  5TH ST SE RUGBY ND 583682334",84284.5,2007-10-01,2007,"1",NA,NA
"355","38069",NA,"10412000","10",NA,NA,NA,NA,NA,NA,NA,NA,NA,"327  5TH ST SE RUGBY ND 583682334",NA,2012-07-17,2012,"1",NA,NA
"356","38069",NA,"10433000","10",NA,NA,NA,NA,NA,NA,NA,NA,NA,"226  1ST ST NE RUGBY ND 583681204",NA,2018-04-20,2018,"1",NA,NA
"357","38069",NA,"10464000","10",NA,NA,NA,NA,NA,NA,NA,NA,NA,"711  5TH AVE SW RUGBY ND 583681611",NA,2015-02-20,2015,"1",NA,NA
"358","38069",NA,"10512000","10",NA,NA,NA,NA,NA,NA,NA,NA,NA,"1107  3RD AVE SE RUGBY ND 583682501",162500,2013-08-26,2013,"1",NA,NA
"359","38069",NA,"10560000","10",NA,NA,NA,NA,NA,NA,NA,NA,NA,"1203  3RD AVE SE RUGBY ND 583682502",NA,2010-08-16,2010,"1",NA,NA
"360","38069",NA,"10578000","10",NA,NA,NA,NA,NA,NA,NA,NA,NA,"1502 S MAIN AVE  RUGBY ND 583682435",NA,2013-04-29,2013,"1",NA,NA
"361","38069",NA,"10678000","10",NA,NA,NA,NA,NA,NA,NA,NA,NA,"406 S MAIN AVE  RUGBY ND 58368",NA,2015-07-08,2015,"1",NA,NA
"362","38069",NA,"10759000","10",NA,NA,NA,NA,NA,NA,NA,NA,NA,"113  2ND ST NE RUGBY ND 583681211",NA,2011-10-21,2011,"1",NA,NA
"363","38069",NA,"10785000","10",NA,NA,NA,NA,NA,NA,NA,NA,NA,"120  3RD AVE NW RUGBY ND 583681127",NA,2015-12-30,2015,"1",NA,NA
"364","38069",NA,"33065000","10",NA,NA,NA,NA,NA,NA,NA,NA,NA,"101  1ST AVE SE BALTA ND 583134625",42000,2015-12-07,2015,"1",NA,NA
"365","38069",NA,"02363001","10",12.2,531432,NA,NA,NA,NA,NA,NA,NA,"ND",68000,2019-02-05,2019,"1",NA,NA
"366","38069",NA,"02499001","10",2.83,123275,NA,NA,NA,NA,NA,NA,NA,"6490  22ND AVE NE RUGBY ND 583688552",106250,2008-05-12,2008,"1",NA,NA
"367","38069",NA,"09991000","10",NA,NA,NA,NA,NA,NA,NA,NA,NA,"119  10TH ST SW RUGBY ND 583682409",130457.6,2015-11-24,2015,"1",NA,NA
"368","38069",NA,"09993000","10",NA,NA,NA,NA,NA,NA,NA,NA,NA,"120  11TH ST SW RUGBY ND 583682414",118750,2012-02-29,2012,"1",NA,NA
"369","38069",NA,"09995000","10",NA,NA,NA,NA,NA,NA,NA,NA,NA,"105  10TH ST SW RUGBY ND 583682409",135000,2008-12-31,2008,"1",NA,NA
"370","38069",NA,"10018000","10",NA,NA,NA,NA,NA,NA,NA,NA,NA,"1115  2ND AVE SW RUGBY ND 583682401",NA,2018-01-26,2018,"1",NA,NA
"371","38069",NA,"10117000","10",NA,NA,NA,NA,NA,NA,NA,NA,NA,"620  3RD ST SE RUGBY ND 583681912",1e+05,2019-10-31,2019,"1",NA,NA
"372","38069",NA,"10309000","10",NA,NA,NA,NA,NA,NA,NA,NA,NA,"401  2ND ST SE RUGBY ND 583681901",NA,2013-04-03,2013,"1",NA,NA
"373","38069",NA,"10326000","10",NA,NA,NA,NA,NA,NA,NA,NA,NA,"401  3RD ST SE RUGBY ND 583681907",169850,2017-06-27,2017,"1",NA,NA
"374","38069",NA,"10329000","10",NA,NA,NA,NA,NA,NA,NA,NA,NA,"409  3RD ST SE RUGBY ND 583681907",130000,2013-07-29,2013,"1",NA,NA
"375","38069",NA,"10337000","10",NA,NA,NA,NA,NA,NA,NA,NA,NA,"408  3RD ST SE RUGBY ND 583681908",142381.25,2012-07-27,2012,"1",NA,NA
"376","38069",NA,"10381000","10",NA,NA,NA,NA,NA,NA,NA,NA,NA,"434  4TH ST SE RUGBY ND 583681914",45875,2007-07-16,2007,"1",NA,NA
"377","38069",NA,"10389000","10",NA,NA,NA,NA,NA,NA,NA,NA,NA,"404  4TH ST SE RUGBY ND 583681914",NA,2012-10-12,2012,"1",NA,NA
"378","38069",NA,"10391000","10",NA,NA,NA,NA,NA,NA,NA,NA,NA,"415  4TH AVE SE RUGBY ND 583682305",NA,2014-04-04,2014,"1",NA,NA
"379","38069",NA,"10401001","10",NA,NA,NA,NA,NA,NA,NA,NA,NA,"328  4TH ST SE RUGBY ND 583681822",NA,2012-04-12,2012,"1",NA,NA
"380","38069",NA,"10403000","10",NA,NA,NA,NA,NA,NA,NA,NA,NA,"322  4TH ST SE RUGBY ND 583681822",34390.5,2010-12-31,2010,"1",NA,NA
"381","38069",NA,"10413000","10",NA,NA,NA,NA,NA,NA,NA,NA,NA,"329  5TH ST SE RUGBY ND 583682334",96961.25,2016-06-22,2016,"1",NA,NA
"382","38069",NA,"10416000","10",NA,NA,NA,NA,NA,NA,NA,NA,NA,"234  4TH ST SE RUGBY ND 583681820",65000,2014-07-22,2014,"1",NA,NA
"383","38069",NA,"10435000","10",NA,NA,NA,NA,NA,NA,NA,NA,NA,"230  1ST ST NE RUGBY ND 583681204",NA,2011-05-31,2011,"1",NA,NA
"384","38069",NA,"10462000","10",NA,NA,NA,NA,NA,NA,NA,NA,NA,"721  5TH AVE SW RUGBY ND 583681611",NA,2016-02-01,2016,"1",NA,NA
"385","38069",NA,"10517000","10",NA,NA,NA,NA,NA,NA,NA,NA,NA,"1104  UNIQUE DR  RUGBY ND 583682516",175000,2018-07-30,2018,"1",NA,NA
"386","38069",NA,"10551000","10",NA,NA,NA,NA,NA,NA,NA,NA,NA,"1212  LEISURE LN  RUGBY ND 583682555",267900,2015-07-06,2015,"1",NA,NA
"387","38069",NA,"10579001","10",NA,NA,NA,NA,NA,NA,NA,NA,NA,"1506 S MAIN AVE  RUGBY ND 583682435",172500,2007-06-01,2007,"1",NA,NA
"388","38069",NA,"10657000","10",NA,NA,NA,NA,NA,NA,NA,NA,NA,"219  5TH ST SE RUGBY ND 583682237",20000,2019-06-17,2019,"1",NA,NA
"389","38069",NA,"10666000","10",NA,NA,NA,NA,NA,NA,NA,NA,NA,"414  2ND AVE SE RUGBY ND 583682211",140900,2018-11-07,2018,"1",NA,NA
"390","38069",NA,"10677000","10",NA,NA,NA,NA,NA,NA,NA,NA,NA,"105  4TH ST SW RUGBY ND 583681719",106750,2009-09-14,2009,"1",NA,NA
"391","38069",NA,"10700000","10",NA,NA,NA,NA,NA,NA,NA,NA,NA,"217  4TH ST SW RUGBY ND 583681715",22000,2019-03-01,2019,"1",NA,NA
"392","38069",NA,"10739000","10",NA,NA,NA,NA,NA,NA,NA,NA,NA,"212  3RD ST NW RUGBY ND 583681124",40100,2018-09-28,2018,"1",NA,NA
"393","38069",NA,"10756000","10",NA,NA,NA,NA,NA,NA,NA,NA,NA,"128  3RD ST NE RUGBY ND 583681215",107967,2017-09-14,2017,"1",NA,NA
"394","38069",NA,"10765000","10",NA,NA,NA,NA,NA,NA,NA,NA,NA,"201 N MAIN AVE  RUGBY ND 583681220",NA,2015-02-25,2015,"1",NA,NA
"395","38069",NA,"10798000","10",NA,NA,NA,NA,NA,NA,NA,NA,NA,"120  1ST ST NW RUGBY ND 583681102",NA,2017-07-31,2017,"1",NA,NA
"396","38069",NA,"33033000","10",NA,NA,NA,NA,NA,NA,NA,NA,NA,"207 N MAIN ST  BALTA ND 583134619",30000,2020-01-13,2020,"1",NA,NA
"397","38069",NA,"33077000","10",NA,NA,NA,NA,NA,NA,NA,NA,NA,"204  VOLGA ST S BALTA ND 58313",NA,2019-03-19,2019,"1",NA,NA
"398","38069",NA,"53008000","10",NA,NA,NA,NA,NA,NA,NA,NA,NA,"103  SELDEN ST NW WOLFORD ND 583854007",NA,2017-11-24,2017,"1",NA,NA
"399","38069",NA,"06153000","10",0.54,23522,NA,NA,NA,NA,NA,NA,NA,"GIRARD ST  SELZ ND 58341",3000,2015-11-20,2015,"1",NA,NA
"400","38069",NA,"06159000","10",NA,NA,NA,NA,NA,NA,NA,NA,NA,"25  GIRARD ST  SELZ ND 58341",3000,2015-11-20,2015,"1",NA,NA
"401","38069",NA,"06165000","10",NA,NA,NA,NA,NA,NA,NA,NA,NA,"319  3RD AVE NW SELZ ND 583417318",NA,2011-11-01,2011,"1",NA,NA
"402","38069",NA,"06189000","10",NA,NA,NA,NA,NA,NA,NA,NA,NA,"215  2ND AVE NE SELZ ND 583417308",NA,2017-09-07,2017,"1",NA,NA
"403","38069",NA,"08003000","10",NA,NA,NA,NA,NA,NA,NA,NA,NA,"818  5TH AVE SW RUGBY ND 583681614",75000,2005-09-27,2005,"1",NA,NA
"404","38069",NA,"08045000","10",NA,NA,NA,NA,NA,NA,NA,NA,NA,"917  5TH AVE SW RUGBY ND 583681615",265000,2015-05-20,2015,"3",NA,NA
"405","38069",NA,"08051000","10",NA,NA,NA,NA,NA,NA,NA,NA,NA,"906  5TH AVE SW RUGBY ND 583681616",149900,2019-09-26,2019,"1",NA,NA
"406","38069",NA,"08066000","10",NA,NA,NA,NA,NA,NA,NA,NA,NA,"520  2 1/2 AVE SE RUGBY ND 583682216",22000,2014-12-15,2014,"1",NA,NA
"407","38069",NA,"08067000","10",NA,NA,NA,NA,NA,NA,NA,NA,NA,"215  6TH ST SE RUGBY ND 583682221",NA,1997-10-07,1997,"1",NA,NA
"408","38069",NA,"08068000","10",NA,NA,NA,NA,NA,NA,NA,NA,NA,"515  2ND AVE SE RUGBY ND 583682239",89700,2018-10-10,2018,"1",NA,NA
"409","38069",NA,"08174000","10",NA,NA,NA,NA,NA,NA,NA,NA,NA,"207  3RD AVE NW RUGBY ND 583681128",NA,2014-12-15,2014,"1",NA,NA
"410","38069",NA,"08177000","10",NA,NA,NA,NA,NA,NA,NA,NA,NA,"314  2ND ST NW RUGBY ND 583681112",89500,2020-01-17,2020,"1",NA,NA
"411","38069",NA,"08231000","10",NA,NA,NA,NA,NA,NA,NA,NA,NA,"311  10TH ST SE RUGBY ND 583682525",NA,2012-11-30,2012,"1",NA,NA
"412","38069",NA,"08255000","10",NA,NA,NA,NA,NA,NA,NA,NA,NA,"1510  6TH AVE SE RUGBY ND 583682534",NA,2012-05-29,2012,"1",NA,NA
"413","38069",NA,"08257000","10",NA,NA,NA,NA,NA,NA,NA,NA,NA,"1502  6TH AVE SE RUGBY ND 583682534",NA,2015-03-09,2015,"1",NA,NA
"414","38069",NA,"08325040","10",NA,NA,NA,NA,NA,NA,NA,NA,NA,"1109  7TH AVE SE RUGBY ND 583682030",NA,2018-03-27,2018,"1",NA,NA
"415","38069",NA,"08427000","10",NA,NA,NA,NA,NA,NA,NA,NA,NA,"313  2ND ST SW RUGBY ND 583681401",NA,2013-04-15,2013,"1",NA,NA
"416","38069",NA,"08450000","10",NA,NA,NA,NA,NA,NA,NA,NA,NA,"306  3RD ST SW RUGBY ND 583681414",NA,2014-08-04,2014,"1",NA,NA
"417","38069",NA,"08636000","10",NA,NA,NA,NA,NA,NA,NA,NA,NA,"711  2ND ST SE RUGBY ND 583682001",139000,2018-07-25,2018,"1",NA,NA
"418","38069",NA,"08747000","10",NA,NA,NA,NA,NA,NA,NA,NA,NA,"303  8TH AVE SE RUGBY ND 583682028",NA,2017-01-09,2017,"1",NA,NA
"419","38069",NA,"08818000","10",NA,NA,NA,NA,NA,NA,NA,NA,NA,"110  10TH ST SW RUGBY ND 583682410",NA,2015-06-26,2015,"1",NA,NA
"420","38069",NA,"08827000","10",NA,NA,NA,NA,NA,NA,NA,NA,NA,"911 S MAIN AVE  RUGBY ND 583682119",NA,2019-10-14,2019,"1",NA,NA
"421","38069",NA,"08981000","10",NA,NA,NA,NA,NA,NA,NA,NA,NA,"202  8TH AVE SW RUGBY ND 583681427",131500,2020-02-24,2020,"6",NA,NA
"422","38069",NA,"09009000","10",NA,NA,NA,NA,NA,NA,NA,NA,NA,"716  3RD AVE SE RUGBY ND 583682236",NA,2010-06-29,2010,"1",NA,NA
"423","38069",NA,"09052000","10",NA,NA,NA,NA,NA,NA,NA,NA,NA,"502  2ND ST SW RUGBY ND 583681406",NA,2013-08-16,2013,"1",NA,NA
"424","38069",NA,"09083000","10",NA,NA,NA,NA,NA,NA,NA,NA,NA,"601  2ND ST SW RUGBY ND 583681407",41225,2006-09-15,2006,"1",NA,NA
"425","38069",NA,"09214000","10",NA,NA,NA,NA,NA,NA,NA,NA,NA,"101  9TH ST SE RUGBY ND 583682206",90435.4,2012-09-24,2012,"1",NA,NA
"426","38069",NA,"09251000","10",NA,NA,NA,NA,NA,NA,NA,NA,NA,"107  2ND AVE SW RUGBY ND 583681139",60000,2012-11-08,2012,"1",NA,NA
"427","38069",NA,"09378000","10",NA,NA,NA,NA,NA,NA,NA,NA,NA,"217  4TH ST SE RUGBY ND 583681819",17500,2007-05-18,2007,"1",NA,NA
"428","38069",NA,"09526000","10",NA,NA,NA,NA,NA,NA,NA,NA,NA,"515  1ST ST NW RUGBY ND 583681004",72750,2006-02-16,2006,"1",NA,NA
"429","38069",NA,"09663000","10",NA,NA,NA,NA,NA,NA,NA,NA,NA,"320  8TH AVE SW RUGBY ND 583681524",NA,2017-12-18,2017,"1",NA,NA
"430","38069",NA,"09666000","10",NA,NA,NA,NA,NA,NA,NA,NA,NA,"824  4TH ST SW RUGBY ND 583681516",162843.75,2012-09-13,2012,"6",NA,NA
"431","38069",NA,"09685000","10",NA,NA,NA,NA,NA,NA,NA,NA,NA,"312  1ST ST NW RUGBY ND 583681106",35000,2018-08-15,2018,"1",NA,NA
"432","38069",NA,"09777000","10",NA,NA,NA,NA,NA,NA,NA,NA,NA,"30  COUNTRY RD  RUGBY ND 583682508",1e+05,2007-06-22,2007,"1",NA,NA
"433","38069",NA,"09940150","10",NA,NA,NA,NA,NA,NA,NA,NA,NA,"903  4TH ST SE RUGBY ND 583682026",NA,2012-10-31,2012,"1",NA,NA
"434","38069",NA,"09961000","10",NA,NA,NA,NA,NA,NA,NA,NA,NA,"501  4TH ST SW RUGBY ND 583681512",NA,2011-09-16,2011,"1",NA,NA
"435","38069",NA,"03931001","10",8,348480,NA,NA,NA,NA,NA,NA,NA,"2980  54TH ST NE RUGBY ND 583688239",NA,2011-09-03,2011,"1",NA,NA
"436","38069",NA,"06185000","10",NA,NA,NA,NA,NA,NA,NA,NA,NA,"217  2ND AVE NE SELZ ND 583417308",NA,2014-07-16,2014,"1",NA,NA
"437","38069",NA,"06231000","10",NA,NA,NA,NA,NA,NA,NA,NA,NA,"27  GIRARD ST  SELZ ND 583417316",NA,2011-05-06,2011,"1",NA,NA
"438","38069",NA,"06607000","10",40,1742400,NA,NA,NA,NA,NA,NA,NA,"305  2ND ST E ANAMOOSE ND 587104013",NA,2010-11-01,2010,"1",NA,NA
"439","38069",NA,"08042001","10",NA,NA,NA,NA,NA,NA,NA,NA,NA,"907  5TH AVE SW RUGBY ND 583681615",148000,2018-10-08,2018,"1",NA,NA
"440","38069",NA,"08044000","10",NA,NA,NA,NA,NA,NA,NA,NA,NA,"913  5TH AVE SW RUGBY ND 583681615",213000,2019-10-01,2019,"1",NA,NA
"441","38069",NA,"08189000","10",NA,NA,NA,NA,NA,NA,NA,NA,NA,"314  1ST ST NW RUGBY ND 583681106",NA,2010-05-11,2010,"1",NA,NA
"442","38069",NA,"08191000","10",NA,NA,NA,NA,NA,NA,NA,NA,NA,"316  2ND ST NW RUGBY ND 583681111",30000,2011-12-19,2011,"1",NA,NA
"443","38069",NA,"08201000","10",NA,NA,NA,NA,NA,NA,NA,NA,NA,"212  9TH ST SE RUGBY ND 583682209",73000,2008-09-15,2008,"1",NA,NA
"444","38069",NA,"08260010","10",NA,NA,NA,NA,NA,NA,NA,NA,NA,"1517  6TH AVE SE RUGBY ND 583682542",175000,2018-08-03,2018,"1",NA,NA
"445","38069",NA,"08260015","10",NA,NA,NA,NA,NA,NA,NA,NA,NA,"1515  6TH AVE SE RUGBY ND 583682542",NA,2014-07-24,2014,"1",NA,NA
"446","38069",NA,"08323090","10",NA,NA,NA,NA,NA,NA,NA,NA,NA,"1110  6TH AVE SE RUGBY ND 583682506",NA,2017-08-01,2017,"3",NA,NA
"447","38069",NA,"08457000","10",NA,NA,NA,NA,NA,NA,NA,NA,NA,"309  3RD ST SW RUGBY ND 583681413",79900,2019-06-25,2019,"1",NA,NA
"448","38069",NA,"08460000","10",NA,NA,NA,NA,NA,NA,NA,NA,NA,"313  3RD ST SW RUGBY ND 583681413",133000,2017-10-23,2017,"1",NA,NA
"449","38069",NA,"08474000","10",NA,NA,NA,NA,NA,NA,NA,NA,NA,"314  4TH AVE SW RUGBY ND 583681530",NA,2012-02-29,2012,"1",NA,NA
"450","38069",NA,"08476000","10",NA,NA,NA,NA,NA,NA,NA,NA,NA,"320  4TH ST SW RUGBY ND 583681509",79000,2015-11-10,2015,"1",NA,NA
"451","38069",NA,"10555000","10",NA,NA,NA,NA,NA,NA,NA,NA,NA,"1204  LEISURE LN  RUGBY ND 583682555",NA,2016-12-20,2016,"1",NA,NA
"452","38069",NA,"10561000","10",NA,NA,NA,NA,NA,NA,NA,NA,NA,"1205  3RD AVE SE RUGBY ND 583682502",NA,2013-11-27,2013,"1",NA,NA
"453","38069",NA,"10567000","10",NA,NA,NA,NA,NA,NA,NA,NA,NA,"1210  UNIQUE DR  RUGBY ND 583682518",141250,2018-10-30,2018,"6",NA,NA
"454","38069",NA,"10633000","10",NA,NA,NA,NA,NA,NA,NA,NA,NA,"119  6TH ST SW RUGBY ND 583682107",NA,2012-03-28,2012,"1",NA,NA
"455","38069",NA,"10674000","10",NA,NA,NA,NA,NA,NA,NA,NA,NA,"409 S MAIN AVE  RUGBY ND 583682121",147282.5,2013-06-26,2013,"1",NA,NA
"456","38069",NA,"10675000","10",NA,NA,NA,NA,NA,NA,NA,NA,NA,"104  4TH ST SE RUGBY ND 583681818",74875,2009-10-16,2009,"1",NA,NA
"457","38069",NA,"10675001","10",NA,NA,NA,NA,NA,NA,NA,NA,NA,"108  4TH ST SE RUGBY ND 583681818",NA,2011-12-29,2011,"1",NA,NA
"458","38069",NA,"10755000","10",NA,NA,NA,NA,NA,NA,NA,NA,NA,"123  2ND ST NE RUGBY ND 583681211",NA,2011-06-03,2011,"1",NA,NA
"459","38069",NA,"10794000","10",NA,NA,NA,NA,NA,NA,NA,NA,NA,"115 N MAIN AVE  RUGBY ND 583681218",NA,2018-12-10,2018,"1",NA,NA
"460","38069",NA,"10797000","10",NA,NA,NA,NA,NA,NA,NA,NA,NA,"124  1ST ST NW RUGBY ND 583681102",114172.5,2019-11-06,2019,"1",NA,NA
"461","38069",NA,"10819000","10",NA,NA,NA,NA,NA,NA,NA,NA,NA,"139  1ST ST NE RUGBY ND 583681201",65000,2014-10-31,2014,"1",NA,NA
"462","38069",NA,"33050000","10",NA,NA,NA,NA,NA,NA,NA,NA,NA,"205 S MAIN ST  BALTA ND 58313",35000,2018-06-07,2018,"1",NA,NA
"463","38069",NA,"33100000","10",NA,NA,NA,NA,NA,NA,NA,NA,NA,"201  LUBLIN ST S BALTA ND 583134607",NA,2016-07-07,2016,"1",NA,NA
"464","38069",NA,"33106000","10",NA,NA,NA,NA,NA,NA,NA,NA,NA,"201  3RD AVE NE BALTA ND 583134615",53000,2015-08-25,2015,"1",NA,NA
"465","38069",NA,"38118000","10",NA,NA,NA,NA,NA,NA,NA,NA,NA,"MAIN ST  BARTON ND 58384",NA,2018-11-26,2018,"1",NA,NA
"466","38069",NA,"53023000","10",NA,NA,NA,NA,NA,NA,NA,NA,NA,"203  MAIN ST W WOLFORD ND 583854012",39000,2012-12-05,2012,"7",NA,NA
"467","38069",NA,"00325004","10",0.19,8276,NA,NA,NA,NA,NA,NA,NA,"WOLFORD ND 58385",NA,2017-11-16,2017,"1",NA,NA
"468","38069",NA,"00674001","10",5.09,221720,NA,NA,NA,NA,NA,NA,NA,"3520  77TH ST NE ROLETTE ND 583669203",58557,2019-10-01,2019,"1",NA,NA
"469","38069",NA,"02738005","10",0.5,21780,NA,NA,NA,NA,NA,NA,NA,"6348  HIGHWAY 3  S RUGBY ND 583687804",95100,2017-10-05,2017,"1",NA,NA
"470","38069",NA,"02778001","10",NA,NA,NA,NA,NA,NA,NA,NA,NA,"6291  HIGHWAY 3  S RUGBY ND 583687805",NA,2010-07-07,2010,"1",NA,NA
"471","38069",NA,"02857102","10",NA,NA,NA,NA,NA,NA,NA,NA,NA,"6586  30TH AVE NE RUGBY ND 583688401",238453.75,2019-11-21,2019,"6",NA,NA
"472","38069",NA,"03337001","10",35.53,1547687,NA,NA,NA,NA,NA,NA,NA,"5711  28TH AVE NE RUGBY ND 583688335",NA,2018-04-19,2018,"1",NA,NA
"473","38069",NA,"08759000","10",NA,NA,NA,NA,NA,NA,NA,NA,NA,"405  8TH AVE SE RUGBY ND 583682052",NA,2015-10-02,2015,"1",NA,NA
"474","38069",NA,"08841000","10",NA,NA,NA,NA,NA,NA,NA,NA,NA,"131  10TH ST SE RUGBY ND 583682405",28000,2019-08-30,2019,"1",NA,NA
"475","38069",NA,"08988000","10",NA,NA,NA,NA,NA,NA,NA,NA,NA,"817  2ND ST SW RUGBY ND 583681411",185000,2016-06-30,2016,"1",NA,NA
"476","38069",NA,"08994000","10",NA,NA,NA,NA,NA,NA,NA,NA,NA,"816  3RD ST SW RUGBY ND 583681422",136808.75,2018-04-27,2018,"1",NA,NA
"477","38069",NA,"09019000","10",NA,NA,NA,NA,NA,NA,NA,NA,NA,"402  6TH ST SE RUGBY ND 583682314",164875,2011-09-08,2011,"1",NA,NA
"478","38069",NA,"09097000","10",NA,NA,NA,NA,NA,NA,NA,NA,NA,"705  2ND ST SW RUGBY ND 583681409",29000,2014-07-07,2014,"1",NA,NA
"479","38069",NA,"09146000","10",NA,NA,NA,NA,NA,NA,NA,NA,NA,"519  2 1/2 AVE SE RUGBY ND 583682215",NA,2015-08-19,2015,"1",NA,NA
"480","38069",NA,"09152000","10",NA,NA,NA,NA,NA,NA,NA,NA,NA,"302  5TH ST SE RUGBY ND 583682335",60000,2012-04-10,2012,"1",NA,NA
"481","38069",NA,"09168000","10",NA,NA,NA,NA,NA,NA,NA,NA,NA,"323  6TH ST SE RUGBY ND 583682311",74377.41,2016-09-28,2016,"1",NA,NA
"482","38069",NA,"09222000","10",NA,NA,NA,NA,NA,NA,NA,NA,NA,"719 S MAIN AVE  RUGBY ND 583682115",33500,2016-09-08,2016,"1",NA,NA
"483","38069",NA,"09223000","10",NA,NA,NA,NA,NA,NA,NA,NA,NA,"715 S MAIN AVE  RUGBY ND 583682115",NA,2011-12-09,2011,"1",NA,NA
"484","38069",NA,"09376000","10",NA,NA,NA,NA,NA,NA,NA,NA,NA,"203  4TH ST SE RUGBY ND 583681819",136562.5,2014-10-10,2014,"1",NA,NA
"485","38069",NA,"09522000","10",NA,NA,NA,NA,NA,NA,NA,NA,NA,"110  5TH AVE SW RUGBY ND 583681023",37500,2013-07-26,2013,"1",NA,NA
"486","38069",NA,"09524000","10",0.18,8018,NA,NA,NA,NA,NA,NA,NA,"114  5TH AVE SW RUGBY ND 583681023",100352,2017-07-12,2017,"1",NA,NA
"487","38069",NA,"09636000","10",NA,NA,NA,NA,NA,NA,NA,NA,NA,"527  4TH ST SW RUGBY ND 583681512",61700,2019-09-17,2019,"1",NA,NA
"488","38069",NA,"09641000","10",NA,NA,NA,NA,NA,NA,NA,NA,NA,"611  4TH ST SW RUGBY ND 583681514",NA,2012-10-19,2012,"1",NA,NA
"489","38069",NA,"09670000","10",NA,NA,NA,NA,NA,NA,NA,NA,NA,"815  3RD ST SW RUGBY ND 583681421",110000,2019-12-12,2019,"1",NA,NA
"490","38069",NA,"09713000","10",NA,NA,NA,NA,NA,NA,NA,NA,NA,"512  2ND AVE SE RUGBY ND 583682212",37500,2012-04-09,2012,"1",NA,NA
"491","38069",NA,"09735000","10",NA,NA,NA,NA,NA,NA,NA,NA,NA,"709 S MAIN AVE  RUGBY ND 583682115",NA,2011-05-16,2011,"1",NA,NA
"492","38069",NA,"09744000","10",NA,NA,NA,NA,NA,NA,NA,NA,NA,"415  6TH ST SE RUGBY ND 583682313",52560.4,2019-04-05,2019,"1",NA,NA
"493","38069",NA,"09788000","10",NA,NA,NA,NA,NA,NA,NA,NA,NA,"39  COUNTRY RD  RUGBY ND 583682507",70000,2007-12-17,2007,"1",NA,NA
"494","38069",NA,"09846000","10",NA,NA,NA,NA,NA,NA,NA,NA,NA,"626  6TH ST SE RUGBY ND 583682318",169312.5,2009-09-16,2009,"1",NA,NA
"495","38069",NA,"09951000","10",NA,NA,NA,NA,NA,NA,NA,NA,NA,"307  4TH ST SW RUGBY ND 583681508",85000,2018-06-20,2018,"1",NA,NA
"496","38069",NA,"09982000","10",NA,NA,NA,NA,NA,NA,NA,NA,NA,"143  10TH ST SW RUGBY ND 583682409",NA,2011-08-11,2011,"1",NA,NA
"497","38069",NA,"09994000","10",NA,NA,NA,NA,NA,NA,NA,NA,NA,"111  10TH ST SW RUGBY ND 583682409",78375,2008-04-09,2008,"1",NA,NA
"498","38069",NA,"10004000","10",NA,NA,NA,NA,NA,NA,NA,NA,NA,"1100  2ND AVE SW RUGBY ND 583682402",137500,2010-12-17,2010,"1",NA,NA
"499","38069",NA,"10006000","10",NA,NA,NA,NA,NA,NA,NA,NA,NA,"208  12TH ST SW RUGBY ND 583682418",41006,2006-09-15,2006,"1",NA,NA
"500","38069",NA,"10030000","10",NA,NA,NA,NA,NA,NA,NA,NA,NA,"108  10TH ST SE RUGBY ND 583682406",NA,2019-01-03,2019,"1",NA,NA
"501","38069",NA,"10033000","10",NA,NA,NA,NA,NA,NA,NA,NA,NA,"132  10TH ST SE RUGBY ND 583682406",300065,2016-11-17,2016,"1",NA,NA
"502","38069",NA,"10095000","10",NA,NA,NA,NA,NA,NA,NA,NA,NA,"505  5TH AVE SE RUGBY ND 583682309",157000,2019-05-29,2019,"1",NA,NA
"503","38069",NA,"10125000","10",NA,NA,NA,NA,NA,NA,NA,NA,NA,"602  3RD ST SE RUGBY ND 583681912",45500,2006-08-30,2006,"1",NA,NA
"504","38069",NA,"10132000","10",NA,NA,NA,NA,NA,NA,NA,NA,NA,"219  6TH AVE SE RUGBY ND 583681930",74578.98,2019-10-25,2019,"1",NA,NA
"505","38069",NA,"10138000","10",NA,NA,NA,NA,NA,NA,NA,NA,NA,"613  2ND ST SE RUGBY ND 583681905",NA,2013-01-23,2013,"1",NA,NA
"506","38069",NA,"10318000","10",NA,NA,NA,NA,NA,NA,NA,NA,NA,"414  2ND ST SE RUGBY ND 583681902",82500,2010-06-01,2010,"1",NA,NA
"507","38069",NA,"10328000","10",NA,NA,NA,NA,NA,NA,NA,NA,NA,"407  3RD ST SE RUGBY ND 583681907",22387.5,2009-03-19,2009,"1",NA,NA
"508","38069",NA,"10334000","10",NA,NA,NA,NA,NA,NA,NA,NA,NA,"414  3RD ST SE RUGBY ND 583681908",79660,2018-10-18,2018,"1",NA,NA
"509","38069",NA,"10348000","10",NA,NA,NA,NA,NA,NA,NA,NA,NA,"320  3RD ST SE RUGBY ND 583681816",110078.89,2015-12-10,2015,"1",NA,NA
"510","38069",NA,"10383000","10",NA,NA,NA,NA,NA,NA,NA,NA,NA,"424  4TH ST SE RUGBY ND 583681914",NA,2013-07-08,2013,"1",NA,NA
"511","38069",NA,"10385000","10",NA,NA,NA,NA,NA,NA,NA,NA,NA,"416  4TH ST SE RUGBY ND 583681914",32000,2019-11-15,2019,"1",NA,NA
"512","38069",NA,"10399000","10",NA,NA,NA,NA,NA,NA,NA,NA,NA,"412  4TH AVE SE RUGBY ND 583682306",55500,2019-10-25,2019,"1",NA,NA
"513","38069",NA,"10415000","10",NA,NA,NA,NA,NA,NA,NA,NA,NA,"339  5TH ST SE RUGBY ND 583682334",NA,2011-11-28,2011,"1",NA,NA
"514","38069",NA,"10422000","10",NA,NA,NA,NA,NA,NA,NA,NA,NA,"418  3RD AVE SE RUGBY ND 583682224",1e+05,2009-01-30,2009,"1",NA,NA
"515","38069",NA,"10437000","10",NA,NA,NA,NA,NA,NA,NA,NA,NA,"304  1ST ST NE RUGBY ND 583681206",19000,2014-08-25,2014,"1",NA,NA
"516","38069",NA,"10503000","10",NA,NA,NA,NA,NA,NA,NA,NA,NA,"205  TERRITORIAL DR  RUGBY ND 583682513",NA,2011-01-26,2011,"1",NA,NA
"517","38069",NA,"10509000","10",NA,NA,NA,NA,NA,NA,NA,NA,NA,"1101  3RD AVE SE RUGBY ND 583682501",127500,2005-11-28,2005,"3",NA,NA
"518","38069",NA,"10547000","10",NA,NA,NA,NA,NA,NA,NA,NA,NA,"1108  LEISURE LN  RUGBY ND 583682539",133900,2018-04-19,2018,"1",NA,NA
"519","38069",NA,"01003001","10",4.59,199940,NA,NA,NA,NA,NA,NA,NA,"1840  78TH ST NE WILLOW CITY ND 583849600",210375,2012-10-12,2012,"1",NA,NA
"520","38069",NA,"06234000","10",NA,NA,NA,NA,NA,NA,NA,NA,NA,"202  2ND AVE NW SELZ ND 583417309",NA,2019-08-15,2019,"1",NA,NA
"521","38069",NA,"06439001","10",10.71,466528,NA,NA,NA,NA,NA,NA,NA,"3380  28TH AVE NE HARVEY ND 58341",227061.25,2016-07-29,2016,"1",NA,NA
"522","38069",NA,"08043000","10",NA,NA,NA,NA,NA,NA,NA,NA,NA,"909  5TH AVE SW RUGBY ND 583681615",75000,2007-10-12,2007,"1",NA,NA
"523","38069",NA,"08049001","10",NA,NA,NA,NA,NA,NA,NA,NA,NA,"916  5TH AVE SW RUGBY ND 583681616",170000,2018-12-20,2018,"1",NA,NA
"524","38069",NA,"08069000","10",NA,NA,NA,NA,NA,NA,NA,NA,NA,"511  2ND AVE SE RUGBY ND 583682239",64460.22,2017-06-29,2017,"1",NA,NA
"525","38069",NA,"08072000","10",NA,NA,NA,NA,NA,NA,NA,NA,NA,"208  6TH ST SE RUGBY ND 583682222",NA,2015-12-02,2015,"1",NA,NA
"526","38069",NA,"08214000","10",NA,NA,NA,NA,NA,NA,NA,NA,NA,"901  3RD AVE SE RUGBY ND 583682204",NA,2013-09-06,2013,"1",NA,NA
"527","38069",NA,"08238000","10",NA,NA,NA,NA,NA,NA,NA,NA,NA,"321  10TH ST SE RUGBY ND 583682525",47520.5,2008-05-21,2008,"1",NA,NA
"528","38069",NA,"08260060","10",NA,NA,NA,NA,NA,NA,NA,NA,NA,"1417  6TH AVE SE RUGBY ND 583682543",229100,2018-05-22,2018,"1",NA,NA
"529","38069",NA,"08324070","10",NA,NA,NA,NA,NA,NA,NA,NA,NA,"1111  6TH AVE SE RUGBY ND 583682511",NA,2017-08-07,2017,"3",NA,NA
"530","38069",NA,"08472000","10",NA,NA,NA,NA,NA,NA,NA,NA,NA,"320  4TH ST SW RUGBY ND 583681509",79000,2015-11-10,2015,"1",NA,NA
"531","38069",NA,"08578000","10",NA,NA,NA,NA,NA,NA,NA,NA,NA,"113  5TH AVE SW RUGBY ND 583681024",NA,2017-09-25,2017,"1",NA,NA
"532","38069",NA,"08746000","10",NA,NA,NA,NA,NA,NA,NA,NA,NA,"303  8TH AVE SE RUGBY ND 583682029",156250,2016-02-01,2016,"1",NA,NA
"533","38069",NA,"08803000","10",NA,NA,NA,NA,NA,NA,NA,NA,NA,"142  10TH ST SW RUGBY ND 583682410",NA,2012-06-28,2012,"1",NA,NA
"534","38069",NA,"09023000","10",NA,NA,NA,NA,NA,NA,NA,NA,NA,"426  6TH ST SE RUGBY ND 583682314",183080,2019-06-06,2019,"1",NA,NA
"535","38069",NA,"09063000","10",NA,NA,NA,NA,NA,NA,NA,NA,NA,"612  2ND ST SW RUGBY ND 583681408",21715,2006-02-14,2006,"1",NA,NA
"536","38069",NA,"09086000","10",NA,NA,NA,NA,NA,NA,NA,NA,NA,"607  2ND ST SW RUGBY ND 583681407",NA,2017-09-13,2017,"1",NA,NA
"537","38069",NA,"09106000","10",NA,NA,NA,NA,NA,NA,NA,NA,NA,"701  3RD ST SW RUGBY ND 583681419",31875,2016-01-06,2016,"1",NA,NA
"538","38069",NA,"09132000","10",NA,NA,NA,NA,NA,NA,NA,NA,NA,"518  1ST ST NW RUGBY ND 583681005",17000,2019-01-11,2019,"1",NA,NA
"539","38069",NA,"09148000","10",NA,NA,NA,NA,NA,NA,NA,NA,NA,"259  6TH ST SE RUGBY ND 583682240",NA,2017-09-22,2017,"1",NA,NA
"540","38069",NA,"09349000","10",NA,NA,NA,NA,NA,NA,NA,NA,NA,"215  3RD ST SW RUGBY ND 583681711",20000,2015-02-27,2015,"1",NA,NA
"541","38069",NA,"09571000","10",NA,NA,NA,NA,NA,NA,NA,NA,NA,"217  1ST ST NE RUGBY ND 583681203",190000,2016-09-01,2016,"1",NA,NA
"542","38069",NA,"09661000","10",NA,NA,NA,NA,NA,NA,NA,NA,NA,"314  8TH AVE SW RUGBY ND 583681524",71367.61,2012-06-01,2012,"1",NA,NA
"543","38069",NA,"09720000","10",NA,NA,NA,NA,NA,NA,NA,NA,NA,"501 S MAIN AVE  RUGBY ND 583682123",NA,2016-06-21,2016,"1",NA,NA
"544","38069",NA,"09771000","10",NA,NA,NA,NA,NA,NA,NA,NA,NA,"20  COUNTRY RD  RUGBY ND 583682508",128500,2019-08-22,2019,"1",NA,NA
"545","38069",NA,"09782000","10",NA,NA,NA,NA,NA,NA,NA,NA,NA,"35  COUNTRY RD  RUGBY ND 583682507",126162.13,2008-07-25,2008,"1",NA,NA
"546","38069",NA,"09842000","10",NA,NA,NA,NA,NA,NA,NA,NA,NA,"514  6TH ST SE RUGBY ND 583682316",NA,2017-10-02,2017,"1",NA,NA
"547","38069",NA,"09847000","10",NA,NA,NA,NA,NA,NA,NA,NA,NA,"628  6TH ST SE RUGBY ND 583682318",96500,2010-10-11,2010,"1",NA,NA
"548","38069",NA,"09888000","10",NA,NA,NA,NA,NA,NA,NA,NA,NA,"211  15TH ST SW RUGBY ND 583682423",130000,2008-06-28,2008,"1",NA,NA
"549","38069",NA,"09903000","10",NA,NA,NA,NA,NA,NA,NA,NA,NA,"1213  2ND AVE SW RUGBY ND 583682403",224083.65,2015-10-07,2015,"1",NA,NA
"550","38069",NA,"09996000","10",NA,NA,NA,NA,NA,NA,NA,NA,NA,"116  11TH ST SW RUGBY ND 583682414",NA,2018-01-24,2018,"1",NA,NA
"551","38069",NA,"02365001","10",15.01,653836,NA,NA,NA,NA,NA,NA,NA,"5361  67TH ST NE LEEDS ND 583469000",33000,2015-10-29,2015,"1",NA,NA
"552","38069",NA,"02730006","10",5,217800,NA,NA,NA,NA,NA,NA,NA,"6449  HIGHWAY 3  S RUGBY ND 583687802",250000,2010-03-15,2010,"1",NA,NA
"553","38069",NA,"02738001","10",17.68,770141,NA,NA,NA,NA,NA,NA,NA,"6310  HIGHWAY 3  S RUGBY ND 583687804",NA,2014-04-24,2014,"1",NA,NA
"554","38069",NA,"02868001","10",18.8,818928,NA,NA,NA,NA,NA,NA,NA,"3461  HIGHWAY 2  E RUGBY ND 583687640",NA,2018-06-28,2018,"1",NA,NA
"555","38069",NA,"03412001","10",4.58,199505,NA,NA,NA,NA,NA,NA,NA,"5570  26TH AVE NE RUGBY ND 583688104",NA,2011-03-04,2011,"1",NA,NA
"556","38069",NA,"04006001","10",2.58,112385,NA,NA,NA,NA,NA,NA,NA,"5211  HIGHWAY 3  S RUGBY ND 583688342",NA,2017-01-02,2017,"1",NA,NA
"557","38069",NA,"10001000","10",NA,NA,NA,NA,NA,NA,NA,NA,NA,"145  11TH ST SW RUGBY ND 583682415",66250,2007-04-21,2007,"1",NA,NA
"558","38069",NA,"10028000","10",NA,NA,NA,NA,NA,NA,NA,NA,NA,"1003 S MAIN AVE  RUGBY ND 583682427",80100,2018-05-31,2018,"1",NA,NA
"559","38069",NA,"10098000","10",NA,NA,NA,NA,NA,NA,NA,NA,NA,"505  6TH ST SE RUGBY ND 583682315",71000,2018-10-25,2018,"1",NA,NA
"560","38069",NA,"10127000","10",NA,NA,NA,NA,NA,NA,NA,NA,NA,"612  2ND ST SE RUGBY ND 583681906",NA,2015-06-08,2015,"1",NA,NA
"561","38069",NA,"10130000","10",NA,NA,NA,NA,NA,NA,NA,NA,NA,"609  3RD ST SE RUGBY ND 583681911",77187.5,2005-11-25,2005,"1",NA,NA
"562","38069",NA,"10199000","10",NA,NA,NA,NA,NA,NA,NA,NA,NA,"315  3RD ST SE RUGBY ND 583681815",NA,2010-03-18,2010,"1",NA,NA
"563","38069",NA,"10342000","10",NA,NA,NA,NA,NA,NA,NA,NA,NA,"403  4TH ST SE RUGBY ND 583681913",11870,2018-08-13,2018,"1",NA,NA
"564","38069",NA,"10350000","10",NA,NA,NA,NA,NA,NA,NA,NA,NA,"314  3RD ST SE RUGBY ND 583681816",20000,2019-05-10,2019,"1",NA,NA
"565","38069",NA,"10409000","10",NA,NA,NA,NA,NA,NA,NA,NA,NA,"313  5TH ST SE RUGBY ND 583682334",NA,2016-12-23,2016,"1",NA,NA
"566","38069",NA,"10439000","10",NA,NA,NA,NA,NA,NA,NA,NA,NA,"310  1ST ST NE RUGBY ND 583681206",174900,2019-07-11,2019,"1",NA,NA
"567","38069",NA,"10452000","10",NA,NA,NA,NA,NA,NA,NA,NA,NA,"616  5TH AVE SW RUGBY ND 583681610",65193.75,2006-07-21,2006,"1",NA,NA
"568","38069",NA,"10454000","10",NA,NA,NA,NA,NA,NA,NA,NA,NA,"708  5TH AVE SW RUGBY ND 583681612",NA,2019-01-02,2019,"1",NA,NA
"569","38069",NA,"10455000","10",NA,NA,NA,NA,NA,NA,NA,NA,NA,"724  5TH AVE SW RUGBY ND 583681612",191332.26,2015-07-09,2015,"1",NA,NA
"570","38069",NA,"10459000","10",NA,NA,NA,NA,NA,NA,NA,NA,NA,"708  4TH AVE SW RUGBY ND 583681604",121875,2013-06-05,2013,"1",NA,NA
"571","38069",NA,"10468000","10",NA,NA,NA,NA,NA,NA,NA,NA,NA,"404  7TH ST SW RUGBY ND 583681621",90000,2019-07-16,2019,"1",NA,NA
"572","38069",NA,"10471000","10",NA,NA,NA,NA,NA,NA,NA,NA,NA,"304  7TH ST SW RUGBY ND 583681619",33750,2006-03-06,2006,"1",NA,NA
"573","38069",NA,"10527000","10",NA,NA,NA,NA,NA,NA,NA,NA,NA,"35  COUNTRY RD  RUGBY ND 583682507",120249.59,2007-05-02,2007,"1",NA,NA
"574","38069",NA,"10538000","10",NA,NA,NA,NA,NA,NA,NA,NA,NA,"206  SUNSET LN  RUGBY ND 583682510",252000,2013-09-10,2013,"1",NA,NA
"575","38069",NA,"10556000","10",NA,NA,NA,NA,NA,NA,NA,NA,NA,"1202  LEISURE LN  RUGBY ND 583682555",127000,2009-02-18,2009,"1",NA,NA
"576","38069",NA,"10557000","10",NA,NA,NA,NA,NA,NA,NA,NA,NA,"1216  UNIQUE DR  RUGBY ND 583682518",145000,2018-09-14,2018,"1",NA,NA
"577","38069",NA,"10569000","10",NA,NA,NA,NA,NA,NA,NA,NA,NA,"1206  UNIQUE DR  RUGBY ND 583682518",NA,2015-04-27,2015,"1",NA,NA
"578","38069",NA,"10690000","10",NA,NA,NA,NA,NA,NA,NA,NA,NA,"209  4TH ST SW RUGBY ND 583681715",85000,2014-10-01,2014,"1",NA,NA
"579","38069",NA,"10737000","10",NA,NA,NA,NA,NA,NA,NA,NA,NA,"308  3RD AVE NW RUGBY ND 583681131",80812.5,2010-04-12,2010,"1",NA,NA
"580","38069",NA,"10754000","10",NA,NA,NA,NA,NA,NA,NA,NA,NA,"132  3RD ST NE RUGBY ND 583681215",193800,2018-11-13,2018,"1",NA,NA
"581","38069",NA,"10770000","10",NA,NA,NA,NA,NA,NA,NA,NA,NA,"214  2ND AVE NW RUGBY ND 583681116",NA,2012-01-31,2012,"1",NA,NA
"582","38069",NA,"10789000","10",NA,NA,NA,NA,NA,NA,NA,NA,NA,"212  1ST ST NW RUGBY ND 583681104",70000,2016-11-04,2016,"1",NA,NA
"583","38069",NA,"33027000","10",NA,NA,NA,NA,NA,NA,NA,NA,NA,"204 N MAIN ST  BALTA ND 58313",12000,2018-05-09,2018,"1",NA,NA
"584","38069",NA,"38124000","10",NA,NA,NA,NA,NA,NA,NA,NA,NA,"551  MAIN ST  BARTON ND 58384",NA,2014-05-22,2014,"1",NA,NA
"585","38069",NA,"53019000","10",NA,NA,NA,NA,NA,NA,NA,NA,NA,"201  OAKLAND ST N WOLFORD ND 58385",NA,2016-11-15,2016,"1",NA,NA
"586","38069",NA,"53100000","10",NA,NA,NA,NA,NA,NA,NA,NA,NA,"102  HONG ST  WOLFORD ND 58385",21250,2007-09-19,2007,"6",NA,NA
