"","geoid_cnty","geoid_blk","p_id_iris_frmtd","property_indicator","acres","land_square_footage","bldg_code","building_square_feet","living_square_feet","year_built","effective_year_built","bedrooms","baths_appraised","property_address","sale_price","sale_date","sale_year","transaction_type","property_centroid_latitude","property_centroid_longitude"
"1","38021",NA,"00130000","10",10.4,453024,NA,NA,NA,NA,NA,NA,NA,"11054  97TH ST SE OAKES ND 584749423",225100,2018-10-23,2018,"1",NA,NA
"2","38021",NA,"00538003","10",3.32,144619,NA,NA,NA,NA,NA,NA,NA,"10007  101ST ST SE OAKES ND 584749158",NA,2015-12-23,2015,"1",NA,NA
"3","38021",NA,"00914002","10",0.95,41382,NA,NA,NA,NA,NA,NA,NA,"8198  HIGHWAY 11   ELLENDALE ND 584369658",NA,2017-12-29,2017,"1",NA,NA
"4","38021",NA,"01023000","10",NA,NA,NA,NA,NA,NA,NA,NA,NA,"91 W LAKE DR  ELLENDALE ND 584369659",106428,2017-10-23,2017,"1",NA,NA
"5","38021",NA,"01034000","10",NA,NA,NA,NA,NA,NA,NA,NA,NA,"67 W LAKE DR  ELLENDALE ND 584369659",122402,2017-09-28,2017,"1",NA,NA
"6","38021",NA,"01513003","10",9.27,403801,NA,NA,NA,NA,NA,NA,NA,"10808  94TH ST SE OAKES ND 584749441",135000,2019-12-26,2019,"1",NA,NA
"7","38021",NA,"07894000","10",NA,NA,NA,NA,NA,NA,NA,NA,NA,"220  1ST ST S ELLENDALE ND 58436",NA,2018-01-31,2018,"1",NA,NA
"8","38021",NA,"07915000","10",NA,NA,NA,NA,NA,NA,NA,NA,NA,"59 S 2ND ST  OAKES ND 58474",NA,2015-08-21,2015,"1",NA,NA
"9","38021",NA,"07959000","10",NA,NA,NA,NA,NA,NA,NA,NA,NA,"321  2ND ST S ELLENDALE ND 584367123",78850,2015-10-27,2015,"1",NA,NA
"10","38021",NA,"07967000","10",NA,NA,NA,NA,NA,NA,NA,NA,NA,"309  1ST ST S ELLENDALE ND 584367107",18218.75,2016-09-16,2016,"7",NA,NA
"11","38021",NA,"07986000","10",NA,NA,NA,NA,NA,NA,NA,NA,NA,"401  MAIN ST  ELLENDALE ND 58436",NA,2014-10-07,2014,"1",NA,NA
"12","38021",NA,"08032000","10",NA,NA,NA,NA,NA,NA,NA,NA,NA,"215  1ST AVE N ELLENDALE ND 58436",73000,2013-08-23,2013,"1",NA,NA
"13","38021",NA,"08035000","10",NA,NA,NA,NA,NA,NA,NA,NA,NA,"58  3RD ST N ELLENDALE ND 584367415",NA,2017-12-29,2017,"1",NA,NA
"14","38021",NA,"08040000","10",NA,NA,NA,NA,NA,NA,NA,NA,NA,"59  2ND ST N ELLENDALE ND 58436",33750,2017-02-10,2017,"7",NA,NA
"15","38021",NA,"08059000","10",NA,NA,NA,NA,NA,NA,NA,NA,NA,"55  3RD ST N ELLENDALE ND 584367406",NA,2018-01-15,2018,"1",NA,NA
"16","38021",NA,"08078000","10",NA,NA,NA,NA,NA,NA,NA,NA,NA,"201  3RD ST N ELLENDALE ND 584367245",5000,2012-10-17,2012,"1",NA,NA
"17","38021",NA,"08112000","10",NA,NA,NA,NA,NA,NA,NA,NA,NA,"ND",NA,2015-12-31,2015,"1",NA,NA
"18","38021",NA,"08135000","10",NA,NA,NA,NA,NA,NA,NA,NA,NA,"508  1ST ST N ELLENDALE ND 584367210",99000,2018-10-19,2018,"1",NA,NA
"19","38021",NA,"08136000","10",NA,NA,NA,NA,NA,NA,NA,NA,NA,"512  1ST ST N ELLENDALE ND 584367210",109375,2014-08-29,2014,"1",NA,NA
"20","38021",NA,"08161000","10",NA,NA,NA,NA,NA,NA,NA,NA,NA,"601  2ND ST S ELLENDALE ND 584367119",65000,2018-02-23,2018,"1",NA,NA
"21","38021",NA,"08176000","10",NA,NA,NA,NA,NA,NA,NA,NA,NA,"405  5TH AVE S ELLENDALE ND 584367154",127000,2019-08-12,2019,"1",NA,NA
"22","38021",NA,"08193000","10",NA,NA,NA,NA,NA,NA,NA,NA,NA,"400  4TH ST S ELLENDALE ND 584367139",35000,2013-12-27,2013,"1",NA,NA
"23","38021",NA,"08227000","10",NA,NA,NA,NA,NA,NA,NA,NA,NA,"212  4TH ST S ELLENDALE ND 584367152",NA,2017-05-11,2017,"1",NA,NA
"24","38021",NA,"08273000","10",NA,NA,NA,NA,NA,NA,NA,NA,NA,"105  8TH AVE N ELLENDALE ND 584367221",90100,2018-06-22,2018,"1",NA,NA
"25","38021",NA,"08274000","10",NA,NA,NA,NA,NA,NA,NA,NA,NA,"808  2ND ST N ELLENDALE ND 584367204",4500,2013-09-30,2013,"1",NA,NA
"26","38021",NA,"08283000","10",NA,NA,NA,NA,NA,NA,NA,NA,NA,"712  3RD ST N ELLENDALE ND 584367241",NA,2018-01-11,2018,"1",NA,NA
"27","38021",NA,"08300000","10",NA,NA,NA,NA,NA,NA,NA,NA,NA,"617  2ND ST N ELLENDALE ND 584367228",8000,2012-10-04,2012,"1",NA,NA
"28","38021",NA,"08310000","10",NA,NA,NA,NA,NA,NA,NA,NA,NA,"ND",18000,2017-04-28,2017,"1",NA,NA
"29","38021",NA,"08332000","10",NA,NA,NA,NA,NA,NA,NA,NA,NA,"319  8TH AVE N ELLENDALE ND 58436",145500,2013-12-31,2013,"1",NA,NA
"30","38021",NA,"08336000","10",NA,NA,NA,NA,NA,NA,NA,NA,NA,"701  3RD ST N ELLENDALE ND 584367250",45000,2012-02-28,2012,"1",NA,NA
"31","38021",NA,"08363000","10",NA,NA,NA,NA,NA,NA,NA,NA,NA,"121  5TH ST N ELLENDALE ND 584367317",19200,2006-10-27,2006,"1",NA,NA
"32","38021",NA,"08421000","10",NA,NA,NA,NA,NA,NA,NA,NA,NA,"400  7TH ST N ELLENDALE ND 584367323",68000,2012-12-11,2012,"1",NA,NA
"33","38021",NA,"08436000","10",NA,NA,NA,NA,NA,NA,NA,NA,NA,"109  7TH ST N ELLENDALE ND 584367324",199000,2012-11-01,2012,"1",NA,NA
"34","38021",NA,"08624000","10",NA,NA,NA,NA,NA,NA,NA,NA,NA,"926  1ST ST N ELLENDALE ND 584367213",123750,2016-06-06,2016,"1",NA,NA
"35","38021",NA,"08632000","10",NA,NA,NA,NA,NA,NA,NA,NA,NA,"75  PRAIRIEVIEW   ELLENDALE ND 584367401",76250,2017-07-28,2017,"1",NA,NA
"36","38021",NA,"10003000","10",NA,NA,NA,NA,NA,NA,NA,NA,NA,"215 N 5TH ST  OAKES ND 584741212",95000,2019-07-11,2019,"1",NA,NA
"37","38021",NA,"10011000","10",NA,NA,NA,NA,NA,NA,NA,NA,NA,"121 N 5TH ST  OAKES ND 584741210",NA,2018-04-19,2018,"1",NA,NA
"38","38021",NA,"10026000","10",NA,NA,NA,NA,NA,NA,NA,NA,NA,"119 N 6TH ST  OAKES ND 584741216",30000,2019-12-31,2019,"1",NA,NA
"39","38021",NA,"10036001","10",NA,NA,NA,NA,NA,NA,NA,NA,NA,"22 N 6TH ST  OAKES ND 584741215",65100,2018-11-14,2018,"1",NA,NA
"40","38021",NA,"10093000","10",NA,NA,NA,NA,NA,NA,NA,NA,NA,"109 S 7TH ST  OAKES ND 584741620",94696.25,2017-11-30,2017,"1",NA,NA
"41","38021",NA,"10121000","10",NA,NA,NA,NA,NA,NA,NA,NA,NA,"402  JUNIPER AVE  OAKES ND 584741628",55000,2006-09-28,2006,"1",NA,NA
"42","38021",NA,"10170000","10",NA,NA,NA,NA,NA,NA,NA,NA,NA,"421 S 5TH ST  OAKES ND 584741909",67000,2019-08-01,2019,"1",NA,NA
"43","38021",NA,"10174000","10",NA,NA,NA,NA,NA,NA,NA,NA,NA,"227  MAIN AVE  OAKES ND 584741149",32000,2015-01-31,2015,"1",NA,NA
"44","38021",NA,"10177000","10",NA,NA,NA,NA,NA,NA,NA,NA,NA,"1320  FIR AVE  OAKES ND 584741442",88000,2007-09-28,2007,"1",NA,NA
"45","38021",NA,"10183000","10",NA,NA,NA,NA,NA,NA,NA,NA,NA,"221 N 13TH ST  OAKES ND 584741417",150000,2013-04-05,2013,"1",NA,NA
"46","38021",NA,"10197000","10",NA,NA,NA,NA,NA,NA,NA,NA,NA,"1006  FIR AVE  OAKES ND 584741340",145000,2016-01-07,2016,"1",NA,NA
"47","38021",NA,"02211001","10",8.8,383328,NA,NA,NA,NA,NA,NA,NA,"ND",20000,2006-09-11,2006,"1",NA,NA
"48","38021",NA,"03595002","10",5.8,252648,NA,NA,NA,NA,NA,NA,NA,"11158  88TH ST SE OAKES ND 584749756",319000,2013-10-01,2013,"1",NA,NA
"49","38021",NA,"03600002","10",10.23,445619,NA,NA,NA,NA,NA,NA,NA,"721  OAK AVE  OAKES ND 58474",430000,2019-09-01,2019,"1",NA,NA
"50","38021",NA,"03732005","10",5,217800,NA,NA,NA,NA,NA,NA,NA,"8750  103RD AVE SE OAKES ND 584749345",260100,2018-05-23,2018,"1",NA,NA
"51","38021",NA,"03824001","10",7.9,344124,NA,NA,NA,NA,NA,NA,NA,"10481  84TH ST SE OAKES ND 584749321",NA,2018-10-01,2018,"1",NA,NA
"52","38021",NA,"06552001","10",30.85,1343826,NA,NA,NA,NA,NA,NA,NA,"7984  112TH AVE SE OAKES ND 584749745",95000,2012-08-29,2012,"1",NA,NA
"53","38021",NA,"06651650","10",6.2,270072,NA,NA,NA,NA,NA,NA,NA,"8348  112TH AVE SE OAKES ND 584749750",140000,2014-05-05,2014,"1",NA,NA
"54","38021",NA,"10208000","10",NA,NA,NA,NA,NA,NA,NA,NA,NA,"204 N 7TH ST  OAKES ND 584741332",110100,2015-04-17,2015,"1",NA,NA
"55","38021",NA,"10208001","10",NA,NA,NA,NA,NA,NA,NA,NA,NA,"208 N 7TH ST  OAKES ND 584741332",71500,2007-08-21,2007,"1",NA,NA
"56","38021",NA,"10211000","10",NA,NA,NA,NA,NA,NA,NA,NA,NA,"109 N 8TH ST  OAKES ND 584741335",NA,2016-09-27,2016,"1",NA,NA
"57","38021",NA,"10214000","10",NA,NA,NA,NA,NA,NA,NA,NA,NA,"104 N 7TH ST  OAKES ND 584741331",NA,2018-04-16,2018,"1",NA,NA
"58","38021",NA,"10230000","10",NA,NA,NA,NA,NA,NA,NA,NA,NA,"116 N 9TH ST  OAKES ND 584741304",65000,2006-07-19,2006,"1",NA,NA
"59","38021",NA,"10245001","10",NA,NA,NA,NA,NA,NA,NA,NA,NA,"1219  HICKORY AVE  OAKES ND 584741430",1e+05,2019-09-10,2019,"1",NA,NA
"60","38021",NA,"10246000","10",NA,NA,NA,NA,NA,NA,NA,NA,NA,"1213  HICKORY AVE  OAKES ND 584741430",1e+05,2014-02-07,2014,"1",NA,NA
"61","38021",NA,"10276001","10",NA,NA,NA,NA,NA,NA,NA,NA,NA,"15 N 10TH ST  OAKES ND 584741339",50000,2017-01-09,2017,"1",NA,NA
"62","38021",NA,"10281000","10",NA,NA,NA,NA,NA,NA,NA,NA,NA,"903  MAIN AVE  OAKES ND 584741343",74377.41,2017-10-06,2017,"1",NA,NA
"63","38021",NA,"10289001","10",NA,NA,NA,NA,NA,NA,NA,NA,NA,"804  HICKORY AVE  OAKES ND 584741327",150000,2017-01-26,2017,"1",NA,NA
"64","38021",NA,"10306000","10",NA,NA,NA,NA,NA,NA,NA,NA,NA,"924  MAIN AVE  OAKES ND 584741740",23000,2020-02-03,2020,"1",NA,NA
"65","38021",NA,"10320000","10",NA,NA,NA,NA,NA,NA,NA,NA,NA,"108 S 7TH ST  OAKES ND 584741722",71250,2015-12-14,2015,"1",NA,NA
"66","38021",NA,"10321000","10",NA,NA,NA,NA,NA,NA,NA,NA,NA,"104 S 7TH ST  OAKES ND 584741722",NA,2017-11-21,2017,"1",NA,NA
"67","38021",NA,"10323000","10",NA,NA,NA,NA,NA,NA,NA,NA,NA,"115 S 9TH ST  OAKES ND 584741728",175000,2013-03-14,2013,"1",NA,NA
"68","38021",NA,"10343001","10",NA,NA,NA,NA,NA,NA,NA,NA,NA,"216 S 8TH ST  OAKES ND 584741727",38475,2016-01-20,2016,"1",NA,NA
"69","38021",NA,"10346000","10",NA,NA,NA,NA,NA,NA,NA,NA,NA,"221 S 8TH ST  OAKES ND 584741726",49000,2007-10-02,2007,"1",NA,NA
"70","38021",NA,"10352000","10",NA,NA,NA,NA,NA,NA,NA,NA,NA,"315 S 8TH ST  OAKES ND 584742026",45000,2013-08-14,2013,"1",NA,NA
"71","38021",NA,"10382000","10",NA,NA,NA,NA,NA,NA,NA,NA,NA,"312 S 11TH ST  OAKES ND 584741804",122000,2012-02-09,2012,"1",NA,NA
"72","38021",NA,"10396000","10",NA,NA,NA,NA,NA,NA,NA,NA,NA,"214 S 12TH ST  OAKES ND 584741807",NA,2015-01-21,2015,"1",NA,NA
"73","38021",NA,"10411000","10",NA,NA,NA,NA,NA,NA,NA,NA,NA,"203 S 11TH ST  OAKES ND 584741711",37500,2006-04-21,2006,"1",NA,NA
"74","38021",NA,"10428001","10",NA,NA,NA,NA,NA,NA,NA,NA,NA,"407 S 9TH ST  OAKES ND 584742006",NA,2019-01-27,2019,"1",NA,NA
"75","38021",NA,"10482000","10",NA,NA,NA,NA,NA,NA,NA,NA,NA,"223  MAIN AVE  OAKES ND 584741149",3800,2019-07-22,2019,"1",NA,NA
"76","38021",NA,"10484001","10",NA,NA,NA,NA,NA,NA,NA,NA,NA,"521 N 7TH ST  OAKES ND 58474",1280000,2016-06-17,2016,"1",NA,NA
"77","38021",NA,"10488000","10",NA,NA,NA,NA,NA,NA,NA,NA,NA,"215 N 6TH ST  OAKES ND 584741218",NA,2014-08-15,2014,"1",NA,NA
"78","38021",NA,"10549000","10",NA,NA,NA,NA,NA,NA,NA,NA,NA,"316 S 2ND ST  OAKES ND 584741112",NA,2016-08-12,2016,"1",NA,NA
"79","38021",NA,"10585000","10",NA,NA,NA,NA,NA,NA,NA,NA,NA,"1503  MAIN AVE  OAKES ND 584741538",72500,2018-01-11,2018,"1",NA,NA
"80","38021",NA,"10598000","10",NA,NA,NA,NA,NA,NA,NA,NA,NA,"901  DOGWOOD AVE  OAKES ND 584741018",154375,2015-08-04,2015,"1",NA,NA
"81","38021",NA,"10605100","10",NA,NA,NA,NA,NA,NA,NA,NA,NA,"426 N 10TH ST  OAKES ND 584741011",148855.83,2018-09-05,2018,"1",NA,NA
"82","38021",NA,"10642010","10",NA,NA,NA,NA,NA,NA,NA,NA,NA,"717  BURLWOOD DR  OAKES ND 584742301",NA,2015-08-07,2015,"1",NA,NA
"83","38021",NA,"10704003","10",NA,NA,NA,NA,NA,NA,NA,NA,NA,"22 S 11TH ST  OAKES ND 584741802",159000,2018-05-01,2018,"1",NA,NA
"84","38021",NA,"10717030","10",9.63,419483,NA,NA,NA,NA,NA,NA,NA,"108 S 15TH ST  OAKES ND 584741829",46500,2019-08-29,2019,"1",NA,NA
"85","38021",NA,"10723001","10",NA,NA,NA,NA,NA,NA,NA,NA,NA,"103  MAIN AVE  OAKES ND 584741143",26600,2018-04-30,2018,"1",NA,NA
"86","38021",NA,"10748001","10",NA,NA,NA,NA,NA,NA,NA,NA,NA,"900  GLENWOOD DR  OAKES ND 584741317",120000,2016-01-18,2016,"1",NA,NA
"87","38021",NA,"11050000","10",NA,NA,NA,NA,NA,NA,NA,NA,NA,"ND",15100,2018-12-26,2018,"1",NA,NA
"88","38021",NA,"06641001","10",4,174240,NA,NA,NA,NA,NA,NA,NA,"10983  84TH ST SE OAKES ND 584749719",87270,2018-01-30,2018,"1",NA,NA
"89","38021",NA,"06822000","10",NA,NA,NA,NA,NA,NA,NA,NA,NA,"10774  81ST ST SE OAKES ND 584749727",26250,2015-06-04,2015,"1",NA,NA
"90","38021",NA,"06923001","10",10,435600,NA,NA,NA,NA,NA,NA,NA,"9860  81ST ST SE OAKES ND 58474",NA,2017-05-28,2017,"1",NA,NA
"91","38021",NA,"07037001","10",24.79,1079852,NA,NA,NA,NA,NA,NA,NA,"9519  80TH ST SE FULLERTON ND 584419719",60000,2012-12-19,2012,"1",NA,NA
"92","38021",NA,"07892000","10",NA,NA,NA,NA,NA,NA,NA,NA,NA,"217  1ST ST S ELLENDALE ND 58436",99000,2014-05-17,2014,"1",NA,NA
"93","38021",NA,"07903000","10",NA,NA,NA,NA,NA,NA,NA,NA,NA,"108  2ND AVE S ELLENDALE ND 584367195",16875,2018-03-02,2018,"7",NA,NA
"94","38021",NA,"07922000","10",NA,NA,NA,NA,NA,NA,NA,NA,NA,"312  2ND ST S ELLENDALE ND 584367122",144875,2015-09-28,2015,"1",NA,NA
"95","38021",NA,"07980001","10",NA,NA,NA,NA,NA,NA,NA,NA,NA,"420  1ST ST N ELLENDALE ND 58436",12000,2013-03-26,2013,"1",NA,NA
"96","38021",NA,"08065000","10",NA,NA,NA,NA,NA,NA,NA,NA,NA,"305  1ST AVE N ELLENDALE ND 584367269",32500,2014-08-21,2014,"1",NA,NA
"97","38021",NA,"08088000","10",NA,NA,NA,NA,NA,NA,NA,NA,NA,"301  3RD ST N ELLENDALE ND 584367246",18000,2014-09-12,2014,"1",NA,NA
"98","38021",NA,"08089000","10",NA,NA,NA,NA,NA,NA,NA,NA,NA,"305  3RD ST N ELLENDALE ND 584367246",30000,2019-04-18,2019,"1",NA,NA
"99","38021",NA,"08100000","10",NA,NA,NA,NA,NA,NA,NA,NA,NA,"301  5TH AVE N ELLENDALE ND 584367267",40000,2007-05-29,2007,"1",NA,NA
"100","38021",NA,"08114000","10",NA,NA,NA,NA,NA,NA,NA,NA,NA,"301  3RD ST S ELLENDALE ND 584367129",650000,2006-04-10,2006,"1",NA,NA
"101","38021",NA,"08140000","10",NA,NA,NA,NA,NA,NA,NA,NA,NA,"521  MAIN ST  ELLENDALE ND 584367162",150000,2006-01-27,2006,"1",NA,NA
"102","38021",NA,"08153000","10",NA,NA,NA,NA,NA,NA,NA,NA,NA,"524  MAIN ST  ELLENDALE ND 58436",NA,2018-05-30,2018,"1",NA,NA
"103","38021",NA,"08162000","10",NA,NA,NA,NA,NA,NA,NA,NA,NA,"504  1ST ST S ELLENDALE ND 584367190",NA,2018-02-21,2018,"1",NA,NA
"104","38021",NA,"08181000","10",NA,NA,NA,NA,NA,NA,NA,NA,NA,"505  5TH ST S ELLENDALE ND 58436",137500,2014-09-15,2014,"1",NA,NA
"105","38021",NA,"08209000","10",NA,NA,NA,NA,NA,NA,NA,NA,NA,"309  4TH AVE S ELLENDALE ND 58436",8500,2012-07-11,2012,"1",NA,NA
"106","38021",NA,"08224000","10",NA,NA,NA,NA,NA,NA,NA,NA,NA,"209  4TH ST S ELLENDALE ND 584367134",8890000,2006-05-05,2006,"1",NA,NA
"107","38021",NA,"08263000","10",NA,NA,NA,NA,NA,NA,NA,NA,NA,"621  1ST ST N ELLENDALE ND 58436",NA,2018-03-15,2018,"1",NA,NA
"108","38021",NA,"08311000","10",NA,NA,NA,NA,NA,NA,NA,NA,NA,"522  4TH ST N ELLENDALE ND 584367255",NA,2019-06-14,2019,"1",NA,NA
"109","38021",NA,"08362000","10",NA,NA,NA,NA,NA,NA,NA,NA,NA,"113  5TH ST N ELLENDALE ND 584367317",NA,2015-09-25,2015,"1",NA,NA
"110","38021",NA,"08375000","10",NA,NA,NA,NA,NA,NA,NA,NA,NA,"512  3RD AVE N ELLENDALE ND 584367310",50000,2016-05-09,2016,"1",NA,NA
"111","38021",NA,"08403000","10",NA,NA,NA,NA,NA,NA,NA,NA,NA,"107  7TH ST N ELLENDALE ND 584367324",83500,2019-01-04,2019,"1",NA,NA
"112","38021",NA,"08454000","10",NA,NA,NA,NA,NA,NA,NA,NA,NA,"816  1ST ST N ELLENDALE ND 584367298",69625,2017-12-15,2017,"1",NA,NA
"113","38021",NA,"08463000","10",NA,NA,NA,NA,NA,NA,NA,NA,NA,"54  6TH ST N ELLENDALE ND 584367411",40000,2013-09-19,2013,"1",NA,NA
"114","38021",NA,"08628000","10",NA,NA,NA,NA,NA,NA,NA,NA,NA,"91  PRAIRIEVIEW   ELLENDALE ND 584367401",130100,2015-05-22,2015,"1",NA,NA
"115","38021",NA,"00621240","10",2.17,94525,NA,NA,NA,NA,NA,NA,NA,"9030  HIGHWAY 11   ELLENDALE ND 584369510",75000,2012-11-15,2012,"1",NA,NA
"116","38021",NA,"00773000","10",154.61,6734812,NA,NA,NA,NA,NA,NA,NA,"8641  HIGHWAY 11   ELLENDALE ND 584369505",NA,2019-12-16,2019,"1",NA,NA
"117","38021",NA,"00778001","10",10,435600,NA,NA,NA,NA,NA,NA,NA,"8726  HIGHWAY 11   ELLENDALE ND 584369506",417000,2019-03-04,2019,"1",NA,NA
"118","38021",NA,"00783017","10",1.94,84506,NA,NA,NA,NA,NA,NA,NA,"8834  MERCHANTS GRV   ND",5000,2006-08-30,2006,"1",NA,NA
"119","38021",NA,"00786001","10",12.73,554519,NA,NA,NA,NA,NA,NA,NA,"9856  HIGHWAY 281   ELLENDALE ND 584369612",31250,2016-02-01,2016,"1",NA,NA
"120","38021",NA,"01025001","10",NA,NA,NA,NA,NA,NA,NA,NA,NA,"89 W LAKE DR  ELLENDALE ND 58436",106428,2017-10-23,2017,"1",NA,NA
"121","38021",NA,"01041000","10",NA,NA,NA,NA,NA,NA,NA,NA,NA,"51 W LAKE DR  ELLENDALE ND 584369659",64116.25,2018-07-27,2018,"1",NA,NA
"122","38021",NA,"01045000","10",NA,NA,NA,NA,NA,NA,NA,NA,NA,"43 W LAKE DR  ELLENDALE ND 584369659",106250,2017-07-12,2017,"1",NA,NA
"123","38021",NA,"01719000","10",NA,NA,NA,NA,NA,NA,NA,NA,NA,"403  FRONT ST  GUELPH ND 584744002",45000,2019-10-18,2019,"1",NA,NA
"124","38021",NA,"03907001","10",9.04,393782,NA,NA,NA,NA,NA,NA,NA,"9630  86TH ST SE FULLERTON ND 584419758",230000,2019-12-27,2019,"1",NA,NA
"125","38021",NA,"04005000","10",160,6969600,NA,NA,NA,NA,NA,NA,NA,"8495  91ST AVE SE MONANGO ND 58436",316000,2006-03-31,2006,"1",NA,NA
"126","38021",NA,"08661000","10",0.02,991,NA,NA,NA,NA,NA,NA,NA,"102  13TH AVE N ELLENDALE ND 584367232",168000,2018-08-03,2018,"1",NA,NA
"127","38021",NA,"08665000","10",NA,NA,NA,NA,NA,NA,NA,NA,NA,"105  13TH AVE N ELLENDALE ND 584367233",160000,2019-06-21,2019,"1",NA,NA
"128","38021",NA,"10020000","10",NA,NA,NA,NA,NA,NA,NA,NA,NA,"122 N 5TH ST  OAKES ND 584741211",96350,2018-11-09,2018,"1",NA,NA
"129","38021",NA,"10023000","10",NA,NA,NA,NA,NA,NA,NA,NA,NA,"104 N 5TH ST  OAKES ND 584741211",98600,2019-02-06,2019,"1",NA,NA
"130","38021",NA,"10025000","10",NA,NA,NA,NA,NA,NA,NA,NA,NA,"117  6TH ST N ELLENDALE ND 58436",21900,2006-09-13,2006,"1",NA,NA
"131","38021",NA,"10049001","10",NA,NA,NA,NA,NA,NA,NA,NA,NA,"23 N 6TH ST  OAKES ND 584741214",32500,2012-01-30,2012,"1",NA,NA
"132","38021",NA,"10174004","10",NA,NA,NA,NA,NA,NA,NA,NA,NA,"225  MAIN AVE  OAKES ND 584741149",17000,2012-04-13,2012,"1",NA,NA
"133","38021",NA,"10190000","10",NA,NA,NA,NA,NA,NA,NA,NA,NA,"1103  GRAPE AVE  OAKES ND 584741422",NA,2017-08-07,2017,"1",NA,NA
"134","38021",NA,"10209000","10",NA,NA,NA,NA,NA,NA,NA,NA,NA,"720  GRAPE AVE  OAKES ND 584741319",210000,2017-05-08,2017,"1",NA,NA
"135","38021",NA,"10216000","10",NA,NA,NA,NA,NA,NA,NA,NA,NA,"114 N 7TH ST  OAKES ND 584741331",20266.25,2015-08-07,2015,"1",NA,NA
"136","38021",NA,"10234000","10",NA,NA,NA,NA,NA,NA,NA,NA,NA,"105 N 11TH ST  OAKES ND 584741403",26000,2018-04-03,2018,"1",NA,NA
"137","38021",NA,"10257000","10",NA,NA,NA,NA,NA,NA,NA,NA,NA,"1222  HICKORY AVE  OAKES ND 584741414",130000,2016-02-23,2016,"1",NA,NA
"138","38021",NA,"10267000","10",NA,NA,NA,NA,NA,NA,NA,NA,NA,"1109  MAIN AVE  OAKES ND 584741440",107000,2019-05-01,2019,"1",NA,NA
"139","38021",NA,"10322001","10",NA,NA,NA,NA,NA,NA,NA,NA,NA,"109 S 9TH ST  OAKES ND 584741728",202500,2016-02-16,2016,"1",NA,NA
"140","38021",NA,"10335000","10",NA,NA,NA,NA,NA,NA,NA,NA,NA,"218 S 9TH ST  OAKES ND 584741743",NA,2015-08-18,2015,"1",NA,NA
"141","38021",NA,"10349001","10",NA,NA,NA,NA,NA,NA,NA,NA,NA,"710  JUNIPER AVE  OAKES ND 584741733",47500,2013-03-20,2013,"1",NA,NA
"142","38021",NA,"10414000","10",NA,NA,NA,NA,NA,NA,NA,NA,NA,"1009  KOLA AVE  OAKES ND 584741721",45000,2013-11-25,2013,"1",NA,NA
"143","38021",NA,"10427004","10",NA,NA,NA,NA,NA,NA,NA,NA,NA,"410 S 9TH ST  OAKES ND 584742007",84375,2015-03-17,2015,"1",NA,NA
"144","38021",NA,"10494000","10",NA,NA,NA,NA,NA,NA,NA,NA,NA,"213 N 7TH ST  OAKES ND 584741222",70000,2019-08-12,2019,"1",NA,NA
"145","38021",NA,"10539000","10",NA,NA,NA,NA,NA,NA,NA,NA,NA,"211  JUNIPER AVE  OAKES ND 584741135",26250,2014-09-12,2014,"1",NA,NA
"146","38021",NA,"10545000","10",NA,NA,NA,NA,NA,NA,NA,NA,NA,"ND",NA,2019-05-28,2019,"1",NA,NA
"147","38021",NA,"10554000","10",NA,NA,NA,NA,NA,NA,NA,NA,NA,"409 S 3RD ST  OAKES ND 584741123",NA,2006-03-03,2006,"1",NA,NA
"148","38021",NA,"10563005","10",NA,NA,NA,NA,NA,NA,NA,NA,NA,"224 N 5TH ST  OAKES ND 584741213",NA,2017-03-22,2017,"1",NA,NA
"149","38021",NA,"10582000","10",NA,NA,NA,NA,NA,NA,NA,NA,NA,"121 N 15TH ST  OAKES ND 584741510",235100,2018-12-20,2018,"1",NA,NA
"150","38021",NA,"10609001","10",NA,NA,NA,NA,NA,NA,NA,NA,NA,"425 N 10TH ST  OAKES ND 584741032",NA,2016-06-01,2016,"1",NA,NA
"151","38021",NA,"10614001","10",NA,NA,NA,NA,NA,NA,NA,NA,NA,"804  ELM AVE  OAKES ND 584741027",149000,2019-12-27,2019,"1",NA,NA
"152","38021",NA,"10656000","10",NA,NA,NA,NA,NA,NA,NA,NA,NA,"1215  FIR AVE  OAKES ND 584741455",184000,2019-08-16,2019,"1",NA,NA
"153","38021",NA,"10664000","10",NA,NA,NA,NA,NA,NA,NA,NA,NA,"315 N 14TH ST  OAKES ND 584741556",195000,2014-06-06,2014,"1",NA,NA
"154","38021",NA,"11428000","10",NA,NA,NA,NA,NA,NA,NA,NA,NA,"",NA,2020-01-07,2020,"1",NA,NA
"155","38021",NA,"00111001","10",15.51,675616,NA,NA,NA,NA,NA,NA,NA,"11177  97TH ST SE OAKES ND 584749422",136000,2018-07-13,2018,"1",NA,NA
"156","38021",NA,"00618002","10",2.25,98010,NA,NA,NA,NA,NA,NA,NA,"9698  90TH AVE SE ELLENDALE ND 584369546",143000,2015-08-27,2015,"1",NA,NA
"157","38021",NA,"00783007","10",3.87,168577,NA,NA,NA,NA,NA,NA,NA,"1410  1ST ST N ELLENDALE ND 584367286",102125,2017-10-20,2017,"1",NA,NA
"158","38021",NA,"00796002","10",20.42,889495,NA,NA,NA,NA,NA,NA,NA,"9803  87TH AVE SE ELLENDALE ND 584369665",146500,2006-01-31,2006,"1",NA,NA
"159","38021",NA,"01048000","10",NA,NA,NA,NA,NA,NA,NA,NA,NA,"35 W LAKE DR  ELLENDALE ND 58436",NA,2018-01-30,2018,"1",NA,NA
"160","38021",NA,"01063000","10",NA,NA,NA,NA,NA,NA,NA,NA,NA,"18 E LAKE DR  ELLENDALE ND 584369660",78000,2006-09-27,2006,"1",NA,NA
"161","38021",NA,"01098000","10",NA,NA,NA,NA,NA,NA,NA,NA,NA,"78 E LAKE DR  ELLENDALE ND 584369660",NA,2016-07-22,2016,"1",NA,NA
"162","38021",NA,"01662001","10",24.13,1051103,NA,NA,NA,NA,NA,NA,NA,"9487  107TH AVE SE OAKES ND 584749196",NA,2015-10-05,2015,"1",NA,NA
"163","38021",NA,"01726000","10",NA,NA,NA,NA,NA,NA,NA,NA,NA,"201  FRONT ST  OAKES ND 584744001",125000,2015-09-04,2015,"7",NA,NA
"164","38021",NA,"08056000","10",NA,NA,NA,NA,NA,NA,NA,NA,NA,"82  4TH ST N ELLENDALE ND 584367413",34500,2014-07-24,2014,"1",NA,NA
"165","38021",NA,"08121000","10",NA,NA,NA,NA,NA,NA,NA,NA,NA,"121  3RD ST S ELLENDALE ND 584367131",1e+05,2015-09-11,2015,"1",NA,NA
"166","38021",NA,"08148000","10",NA,NA,NA,NA,NA,NA,NA,NA,NA,"509  1ST ST S ELLENDALE ND 584367191",32000,2012-07-31,2012,"1",NA,NA
"167","38021",NA,"08154000","10",NA,NA,NA,NA,NA,NA,NA,NA,NA,"512  MAIN ST  ELLENDALE ND 584367161",11000,2007-01-17,2007,"1",NA,NA
"168","38021",NA,"08155000","10",NA,NA,NA,NA,NA,NA,NA,NA,NA,"500  MAIN ST  ELLENDALE ND 584367161",NA,2016-12-15,2016,"1",NA,NA
"169","38021",NA,"08163000","10",NA,NA,NA,NA,NA,NA,NA,NA,NA,"512  1ST ST S ELLENDALE ND 584367190",53651.21,2016-01-08,2016,"1",NA,NA
"170","38021",NA,"08219000","10",NA,NA,NA,NA,NA,NA,NA,NA,NA,"208  3RD ST S ELLENDALE ND 584367125",NA,2016-04-14,2016,"1",NA,NA
"171","38021",NA,"08235000","10",NA,NA,NA,NA,NA,NA,NA,NA,NA,"121  4TH ST S ELLENDALE ND 584367135",42631.25,2016-05-17,2016,"1",NA,NA
"172","38021",NA,"08247000","10",NA,NA,NA,NA,NA,NA,NA,NA,NA,"500  2ND ST N ELLENDALE ND 58436",NA,2016-07-25,2016,"1",NA,NA
"173","38021",NA,"08251000","10",NA,NA,NA,NA,NA,NA,NA,NA,NA,"513  1ST ST N ELLENDALE ND 58436",24900,2018-05-25,2018,"1",NA,NA
"174","38021",NA,"08265000","10",NA,NA,NA,NA,NA,NA,NA,NA,NA,"712  2ND ST N ELLENDALE ND 584367200",112148.75,2016-06-17,2016,"1",NA,NA
"175","38021",NA,"08266000","10",NA,NA,NA,NA,NA,NA,NA,NA,NA,"706  2ND ST N MONANGO ND 58436",NA,2017-04-17,2017,"1",NA,NA
"176","38021",NA,"08277000","10",NA,NA,NA,NA,NA,NA,NA,NA,NA,"801  1ST ST N ELLENDALE ND 584367278",NA,2020-01-21,2020,"1",NA,NA
"177","38021",NA,"08281000","10",NA,NA,NA,NA,NA,NA,NA,NA,NA,"801  2ND ST N ELLENDALE ND 58436",9500000,2006-07-12,2006,"1",NA,NA
"178","38021",NA,"08309000","10",NA,NA,NA,NA,NA,NA,NA,NA,NA,"517  2ND ST N ELLENDALE ND 584367227",18000,2017-04-28,2017,"1",NA,NA
"179","38021",NA,"08321000","10",NA,NA,NA,NA,NA,NA,NA,NA,NA,"517  3RD ST N ELLENDALE ND 584367248",28000,2013-08-09,2013,"1",NA,NA
"180","38021",NA,"08323000","10",NA,NA,NA,NA,NA,NA,NA,NA,NA,"311  7TH AVE N ELLENDALE ND 584367207",1e+05,2014-03-06,2014,"1",NA,NA
"181","38021",NA,"08366000","10",NA,NA,NA,NA,NA,NA,NA,NA,NA,"208  6TH ST N ELLENDALE ND 584367330",55000,2019-05-17,2019,"1",NA,NA
"182","38021",NA,"08376000","10",NA,NA,NA,NA,NA,NA,NA,NA,NA,"301  5TH ST N ELLENDALE ND 584367306",179498.21,2017-07-21,2017,"1",NA,NA
"183","38021",NA,"08394000","10",NA,NA,NA,NA,NA,NA,NA,NA,NA,"212  7TH ST N ELLENDALE ND 584367321",NA,2017-07-19,2017,"1",NA,NA
"184","38021",NA,"08395000","10",NA,NA,NA,NA,NA,NA,NA,NA,NA,"204  7TH ST N ELLENDALE ND 584367321",47000,2012-10-31,2012,"1",NA,NA
"185","38021",NA,"08483000","10",NA,NA,NA,NA,NA,NA,NA,NA,NA,"63  6TH ST N ELLENDALE ND 58436",NA,2015-12-28,2015,"1",NA,NA
"186","38021",NA,"08562000","10",NA,NA,NA,NA,NA,NA,NA,NA,NA,"323  4TH ST SW ELLENDALE ND 584367504",142500,2015-05-29,2015,"6",NA,NA
"187","38021",NA,"08572000","10",NA,NA,NA,NA,NA,NA,NA,NA,NA,"",61900,2007-04-24,2007,"1",NA,NA
"188","38021",NA,"08640004","10",NA,NA,NA,NA,NA,NA,NA,NA,NA,"415  16TH AVE N ELLENDALE ND 58436",NA,2019-12-17,2019,"1",NA,NA
"189","38021",NA,"10027000","10",NA,NA,NA,NA,NA,NA,NA,NA,NA,"123 N 6TH ST  OAKES ND 584741216",45225,2016-05-31,2016,"1",NA,NA
"190","38021",NA,"10090000","10",NA,NA,NA,NA,NA,NA,NA,NA,NA,"123 S 7TH ST  OAKES ND 584741620",50000,2015-05-14,2015,"1",NA,NA
"191","38021",NA,"10154000","10",NA,NA,NA,NA,NA,NA,NA,NA,NA,"309 S 6TH ST  OAKES ND 584741913",NA,2016-12-21,2016,"1",NA,NA
"192","38021",NA,"10156000","10",NA,NA,NA,NA,NA,NA,NA,NA,NA,"303 S 6TH ST  OAKES ND 584741913",NA,2018-03-16,2018,"1",NA,NA
"193","38021",NA,"10169000","10",NA,NA,NA,NA,NA,NA,NA,NA,NA,"417 S 5TH ST  OAKES ND 584741909",NA,2018-10-16,2018,"1",NA,NA
"194","38021",NA,"10196000","10",NA,NA,NA,NA,NA,NA,NA,NA,NA,"1003  GRAPE AVE  OAKES ND 584741420",249750,2015-08-28,2015,"1",NA,NA
"195","38021",NA,"10207000","10",NA,NA,NA,NA,NA,NA,NA,NA,NA,"209  8TH ST N ELLENDALE ND 58436",NA,2015-06-26,2015,"1",NA,NA
"196","38021",NA,"10207001","10",NA,NA,NA,NA,NA,NA,NA,NA,NA,"201 N 8TH ST  OAKES ND 584741301",97968.75,2015-06-22,2015,"1",NA,NA
"197","38021",NA,"10208002","10",NA,NA,NA,NA,NA,NA,NA,NA,NA,"220 N 7TH ST  OAKES ND 584741332",156000,2007-08-17,2007,"1",NA,NA
"198","38021",NA,"10237000","10",NA,NA,NA,NA,NA,NA,NA,NA,NA,"108 N 10TH ST  OAKES ND 584741300",34500,2014-02-14,2014,"1",NA,NA
"199","38021",NA,"10254000","10",NA,NA,NA,NA,NA,NA,NA,NA,NA,"1307  MAIN AVE  OAKES ND 584741435",102145.34,2016-11-23,2016,"1",NA,NA
"200","38021",NA,"10255000","10",NA,NA,NA,NA,NA,NA,NA,NA,NA,"1303  MAIN AVE  OAKES ND 584741435",40500,2015-07-21,2015,"1",NA,NA
"201","38021",NA,"10279000","10",NA,NA,NA,NA,NA,NA,NA,NA,NA,"913  MAIN AVE  OAKES ND 584741343",60000,2018-04-13,2018,"1",NA,NA
"202","38021",NA,"10285000","10",NA,NA,NA,NA,NA,NA,NA,NA,NA,"9 N 9TH ST  OAKES ND 584741337",81350,2016-01-28,2016,"1",NA,NA
"203","38021",NA,"10291000","10",NA,NA,NA,NA,NA,NA,NA,NA,NA,"17 N 8TH ST  OAKES ND 584741333",226100,2018-09-28,2018,"1",NA,NA
"204","38021",NA,"10294000","10",NA,NA,NA,NA,NA,NA,NA,NA,NA,"715  MAIN AVE  OAKES ND 584741341",255100,2018-09-26,2018,"1",NA,NA
"205","38021",NA,"10310000","10",NA,NA,NA,NA,NA,NA,NA,NA,NA,"214 S 9TH ST  OAKES ND 584741743",135000,2019-04-18,2019,"1",NA,NA
"206","38021",NA,"10333001","10",NA,NA,NA,NA,NA,NA,NA,NA,NA,"919  KOLA AVE  OAKES ND 584741720",223000,2019-04-05,2019,"6",NA,NA
"207","38021",NA,"10349002","10",NA,NA,NA,NA,NA,NA,NA,NA,NA,"704  JUNIPER AVE  OAKES ND 584741733",NA,2014-07-30,2014,"1",NA,NA
"208","38021",NA,"10360000","10",NA,NA,NA,NA,NA,NA,NA,NA,NA,"315 S 10TH ST  OAKES ND 584742010",119004.26,2016-07-29,2016,"1",NA,NA
"209","38021",NA,"10365000","10",NA,NA,NA,NA,NA,NA,NA,NA,NA,"310 S 9TH ST  OAKES ND 584742005",135744.74,2017-10-13,2017,"1",NA,NA
"210","38021",NA,"10384000","10",NA,NA,NA,NA,NA,NA,NA,NA,NA,"1118  LILAC AVE  OAKES ND 584741817",161700,2016-11-28,2016,"1",NA,NA
"211","38021",NA,"03710001","10",5,217800,NA,NA,NA,NA,NA,NA,NA,"8643  106TH AVE SE OAKES ND 584749317",320000,2020-01-22,2020,"1",NA,NA
"212","38021",NA,"07825000","10",NA,NA,NA,NA,NA,NA,NA,NA,NA,"205  1ST ST N ELLENDALE ND 584367296",NA,2016-11-23,2016,"1",NA,NA
"213","38021",NA,"07888000","10",NA,NA,NA,NA,NA,NA,NA,NA,NA,"201  1ST ST S ELLENDALE ND 584367113",61752.74,2015-05-28,2015,"1",NA,NA
"214","38021",NA,"07890000","10",NA,NA,NA,NA,NA,NA,NA,NA,NA,"209  1ST ST S ELLENDALE ND 58436",60000,2016-05-25,2016,"1",NA,NA
"215","38021",NA,"07927002","10",NA,NA,NA,NA,NA,NA,NA,NA,NA,"",NA,2016-05-04,2016,"1",NA,NA
"216","38021",NA,"07932000","10",NA,NA,NA,NA,NA,NA,NA,NA,NA,"201  3RD ST S ELLENDALE ND 584367130",NA,2017-01-18,2017,"1",NA,NA
"217","38021",NA,"07989000","10",NA,NA,NA,NA,NA,NA,NA,NA,NA,"443  MAIN ST  ELLENDALE ND 584367109",NA,2017-07-19,2017,"1",NA,NA
"218","38021",NA,"10397000","10",NA,NA,NA,NA,NA,NA,NA,NA,NA,"222 S 12TH ST  OAKES ND 584741807",NA,2014-11-18,2014,"1",NA,NA
"219","38021",NA,"10497000","10",NA,NA,NA,NA,NA,NA,NA,NA,NA,"218 N 6TH ST  OAKES ND 584741219",61250,2015-10-23,2015,"1",NA,NA
"220","38021",NA,"10502000","10",NA,NA,NA,NA,NA,NA,NA,NA,NA,"304 S 6TH ST  OAKES ND 584741914",118750,2016-04-26,2016,"1",NA,NA
"221","38021",NA,"10534000","10",NA,NA,NA,NA,NA,NA,NA,NA,NA,"103 S 3RD ST  OAKES ND 584741117",20000,2014-04-24,2014,"1",NA,NA
"222","38021",NA,"10563000","10",NA,NA,NA,NA,NA,NA,NA,NA,NA,"203 N 6TH ST  OAKES ND 584741218",130000,2019-05-08,2019,"1",NA,NA
"223","38021",NA,"10565001","10",NA,NA,NA,NA,NA,NA,NA,NA,NA,"215 S 7TH ST  OAKES ND 584741621",201563,2017-05-31,2017,"1",NA,NA
"224","38021",NA,"10566003","10",NA,NA,NA,NA,NA,NA,NA,NA,NA,"313 S 7TH ST  OAKES ND 584741919",33000,2014-07-21,2014,"1",NA,NA
"225","38021",NA,"10579000","10",NA,NA,NA,NA,NA,NA,NA,NA,NA,"104 N 14TH ST  OAKES ND 584741504",NA,2017-09-18,2017,"1",NA,NA
"226","38021",NA,"10580000","10",NA,NA,NA,NA,NA,NA,NA,NA,NA,"108 N 14TH ST  OAKES ND 584741504",NA,2020-02-13,2020,"1",NA,NA
"227","38021",NA,"10584002","10",NA,NA,NA,NA,NA,NA,NA,NA,NA,"109 N 15TH ST  OAKES ND 584741510",211375,2014-11-26,2014,"1",NA,NA
"228","38021",NA,"10590002","10",NA,NA,NA,NA,NA,NA,NA,NA,NA,"1503  HICKORY AVE  OAKES ND 584741534",308750,2016-05-17,2016,"1",NA,NA
"229","38021",NA,"10615000","10",NA,NA,NA,NA,NA,NA,NA,NA,NA,"806  ELM AVE  OAKES ND 584741027",NA,2016-07-13,2016,"1",NA,NA
"230","38021",NA,"10663000","10",NA,NA,NA,NA,NA,NA,NA,NA,NA,"1315  FIR AVE  OAKES ND 584741456",NA,2015-06-08,2015,"1",NA,NA
"231","38021",NA,"10681001","10",1.74,75794,NA,NA,NA,NA,NA,NA,NA,"406 S 12TH ST  OAKES ND 584741811",205000,2013-09-26,2013,"1",NA,NA
"232","38021",NA,"10681002","10",0.37,16117,NA,NA,NA,NA,NA,NA,NA,"410 S 12TH ST  OAKES ND 584741811",220000,2018-11-28,2018,"1",NA,NA
"233","38021",NA,"10704000","10",NA,NA,NA,NA,NA,NA,NA,NA,NA,"1112  MAIN AVE  OAKES ND 584741820",68000,2019-04-12,2019,"1",NA,NA
"234","38021",NA,"10719000","10",9.7,422531,NA,NA,NA,NA,NA,NA,NA,"10719  MAIN AVE  OAKES ND 58474",NA,2017-07-05,2017,"1",NA,NA
"235","38021",NA,"10743000","10",NA,NA,NA,NA,NA,NA,NA,NA,NA,"909  GLENWOOD DR  OAKES ND 584741317",145000,2018-06-08,2018,"1",NA,NA
"236","38021",NA,"10747000","10",NA,NA,NA,NA,NA,NA,NA,NA,NA,"905  GLENWOOD DR  OAKES ND 584741317",154100,2015-07-06,2015,"1",NA,NA
"237","38021",NA,"10753000","10",NA,NA,NA,NA,NA,NA,NA,NA,NA,"910 S 5TH ST  OAKES ND 584742110",84595,2018-01-24,2018,"1",NA,NA
"238","38021",NA,"11082000","10",NA,NA,NA,NA,NA,NA,NA,NA,NA,"",85100,2018-10-05,2018,"1",NA,NA
"239","38021",NA,"11168000","10",NA,NA,NA,NA,NA,NA,NA,NA,NA,"27 N WASHBURN ST  FULLERTON ND 584414009",4000,2006-10-24,2006,"1",NA,NA
"240","38021",NA,"02340001","10",7.08,308405,NA,NA,NA,NA,NA,NA,NA,"7222  91ST ST SE ASHLEY ND 584139646",50000,2017-09-23,2017,"7",NA,NA
"241","38021",NA,"02357001","10",87.09,3793640,NA,NA,NA,NA,NA,NA,NA,"7625  92ND ST SE FORBES ND 584399325",264062.5,2018-04-20,2018,"1",NA,NA
"242","38021",NA,"03532004","10",0.92,40075,NA,NA,NA,NA,NA,NA,NA,"8592  HAPPY ACRES   OAKES ND 584749775",266250,2019-09-20,2019,"1",NA,NA
"243","38021",NA,"03569003","10",0.7,30492,NA,NA,NA,NA,NA,NA,NA,"905 N 7TH ST  OAKES ND 584742500",2e+05,2012-12-03,2012,"1",NA,NA
"244","38021",NA,"03569950","10",0.79,34412,NA,NA,NA,NA,NA,NA,NA,"911 N 7TH ST  OAKES ND 58474",30000,2013-05-17,2013,"1",NA,NA
"245","38021",NA,"03596004","10",0.9,39204,NA,NA,NA,NA,NA,NA,NA,"11148  88TH ST SE OAKES ND 584749756",NA,2014-02-18,2014,"1",NA,NA
"246","38021",NA,"03599007","10",10,435600,NA,NA,NA,NA,NA,NA,NA,"8827  111TH AVE SE OAKES ND 584749102",346430,2018-03-01,2018,"1",NA,NA
"247","38021",NA,"03644050","10",4.28,186437,NA,NA,NA,NA,NA,NA,NA,"8790  108TH AVE SE OAKES ND 584749352",60000,2014-04-17,2014,"1",NA,NA
"248","38021",NA,"07123000","10",80,3484800,NA,NA,NA,NA,NA,NA,NA,"ND",NA,2015-03-04,2015,"1",NA,NA
"249","38021",NA,"07583057","10",NA,NA,NA,NA,NA,NA,NA,NA,NA,"ND",NA,2014-10-30,2014,"1",NA,NA
"250","38021",NA,"00514000","10",160,6969600,NA,NA,NA,NA,NA,NA,NA,"9721  100TH ST SE  ND",384000,2006-06-29,2006,"1",NA,NA
"251","38021",NA,"00747009","10",1.23,53579,NA,NA,NA,NA,NA,NA,NA,"1017  1ST ST N ELLENDALE ND 58436",76290,2007-01-09,2007,"1",NA,NA
"252","38021",NA,"00783018","10",2.12,92347,NA,NA,NA,NA,NA,NA,NA,"ND",5000,2006-08-30,2006,"1",NA,NA
"253","38021",NA,"07814000","10",NA,NA,NA,NA,NA,NA,NA,NA,NA,"100  2ND ST N ELLENDALE ND 58436",NA,2019-09-09,2019,"1",NA,NA
"254","38021",NA,"07827000","10",NA,NA,NA,NA,NA,NA,NA,NA,NA,"213  1ST ST N ELLENDALE ND 58436",40000,2015-01-21,2015,"1",NA,NA
"255","38021",NA,"07926000","10",NA,NA,NA,NA,NA,NA,NA,NA,NA,"301  3RD ST S ELLENDALE ND 584367129",85618.75,2017-03-28,2017,"1",NA,NA
"256","38021",NA,"07934000","10",NA,NA,NA,NA,NA,NA,NA,NA,NA,"",1e+05,2015-09-11,2015,"1",NA,NA
"257","38021",NA,"07969000","10",NA,NA,NA,NA,NA,NA,NA,NA,NA,"321  1ST ST S ELLENDALE ND 584367107",54000,2019-11-18,2019,"1",NA,NA
"258","38021",NA,"07974000","10",NA,NA,NA,NA,NA,NA,NA,NA,NA,"401  1ST ST S ELLENDALE ND 584367106",160000,2014-08-25,2014,"1",NA,NA
"259","38021",NA,"07978000","10",NA,NA,NA,NA,NA,NA,NA,NA,NA,"417  1ST ST S ELLENDALE ND 584367106",33000,2006-08-01,2006,"1",NA,NA
"260","38021",NA,"07992000","10",NA,NA,NA,NA,NA,NA,NA,NA,NA,"308  1ST AVE N ELLENDALE ND 584367268",76630,2014-08-01,2014,"1",NA,NA
"261","38021",NA,"08023000","10",NA,NA,NA,NA,NA,NA,NA,NA,NA,"116  3RD ST N ELLENDALE ND 58436",30000,2012-02-01,2012,"1",NA,NA
"262","38021",NA,"08026000","10",NA,NA,NA,NA,NA,NA,NA,NA,NA,"108  3RD ST N ELLENDALE ND 584367235",42000,2018-06-29,2018,"1",NA,NA
"263","38021",NA,"08038000","10",NA,NA,NA,NA,NA,NA,NA,NA,NA,"51  2ND ST N ELLENDALE ND 58436",NA,2019-09-03,2019,"1",NA,NA
"264","38021",NA,"08050000","10",NA,NA,NA,NA,NA,NA,NA,NA,NA,"221  RR AVE N ELLENDALE ND 58436",50000,2017-12-20,2017,"1",NA,NA
"265","38021",NA,"08066001","10",NA,NA,NA,NA,NA,NA,NA,NA,NA,"309  2ND AVE N ELLENDALE ND 58436",NA,2017-05-05,2017,"1",NA,NA
"266","38021",NA,"08080000","10",NA,NA,NA,NA,NA,NA,NA,NA,NA,"209  3RD ST N ELLENDALE ND 584367245",NA,2018-10-30,2018,"1",NA,NA
"267","38021",NA,"08115000","10",NA,NA,NA,NA,NA,NA,NA,NA,NA,"214  3RD AVE S ELLENDALE ND 584367185",NA,2016-05-04,2016,"1",NA,NA
"268","38021",NA,"08116000","10",NA,NA,NA,NA,NA,NA,NA,NA,NA,"217  3RD ST S ELLENDALE ND 584367130",36000,2012-04-18,2012,"1",NA,NA
"269","38021",NA,"08150000","10",NA,NA,NA,NA,NA,NA,NA,NA,NA,"517  1ST ST S ELLENDALE ND 58436",NA,2016-08-23,2016,"1",NA,NA
"270","38021",NA,"08178000","10",NA,NA,NA,NA,NA,NA,NA,NA,NA,"520  4TH ST S ELLENDALE ND 584367168",149000,2014-05-27,2014,"1",NA,NA
"271","38021",NA,"08190000","10",NA,NA,NA,NA,NA,NA,NA,NA,NA,"421  4TH ST S ELLENDALE ND 584367132",750000,2006-12-19,2006,"1",NA,NA
"272","38021",NA,"08217000","10",NA,NA,NA,NA,NA,NA,NA,NA,NA,"200  3RD ST S ELLENDALE ND 584367125",NA,2017-09-22,2017,"1",NA,NA
"273","38021",NA,"08272000","10",NA,NA,NA,NA,NA,NA,NA,NA,NA,"717  1ST ST N ELLENDALE ND 584367218",42000,2013-03-18,2013,"1",NA,NA
"274","38021",NA,"08298000","10",NA,NA,NA,NA,NA,NA,NA,NA,NA,"609  2ND ST N ELLENDALE ND 584367228",36500,2007-05-15,2007,"1",NA,NA
"275","38021",NA,"08340000","10",NA,NA,NA,NA,NA,NA,NA,NA,NA,"810  4TH ST N ELLENDALE ND 584367203",172293.75,2014-10-10,2014,"1",NA,NA
"276","38021",NA,"08418000","10",NA,NA,NA,NA,NA,NA,NA,NA,NA,"420  7TH ST N ELLENDALE ND 58436",33000,2013-08-29,2013,"1",NA,NA
"277","38021",NA,"08431000","10",NA,NA,NA,NA,NA,NA,NA,NA,NA,"313  6TH ST N ELLENDALE ND 584367336",NA,2017-02-24,2017,"1",NA,NA
"278","38021",NA,"08441000","10",NA,NA,NA,NA,NA,NA,NA,NA,NA,"209  7TH ST N ELLENDALE ND 58436",16000,2012-11-16,2012,"1",NA,NA
"279","38021",NA,"08495000","10",NA,NA,NA,NA,NA,NA,NA,NA,NA,"707  1ST AVE N ELLENDALE ND 584367305",NA,2014-06-05,2014,"1",NA,NA
"280","38021",NA,"08499000","10",NA,NA,NA,NA,NA,NA,NA,NA,NA,"608  1ST AVE N ELLENDALE ND 584367302",58000,2013-07-26,2013,"1",NA,NA
"281","38021",NA,"08502000","10",NA,NA,NA,NA,NA,NA,NA,NA,NA,"516  1ST AVE N ELLENDALE ND 584367300",73000,2018-11-06,2018,"1",NA,NA
"282","38021",NA,"08530001","10",NA,NA,NA,NA,NA,NA,NA,NA,NA,"200  2ND AVE SW ELLENDALE ND 584367500",14500,2012-03-15,2012,"1",NA,NA
"283","38021",NA,"10010000","10",NA,NA,NA,NA,NA,NA,NA,NA,NA,"411  GRAPE AVE  OAKES ND 584741229",10500,2013-06-20,2013,"1",NA,NA
"284","38021",NA,"10160000","10",NA,NA,NA,NA,NA,NA,NA,NA,NA,"417 S 6TH ST  OAKES ND 584741915",1e+05,2019-04-26,2019,"1",NA,NA
"285","38021",NA,"10193000","10",NA,NA,NA,NA,NA,NA,NA,NA,NA,"217 N 11TH ST  OAKES ND 584741405",74500,2013-04-17,2013,"1",NA,NA
"286","38021",NA,"10197001","10",NA,NA,NA,NA,NA,NA,NA,NA,NA,"1006  FIR AVE  OAKES ND 584741340",145000,2016-01-07,2016,"1",NA,NA
"287","38021",NA,"10222000","10",NA,NA,NA,NA,NA,NA,NA,NA,NA,"110 N 8TH ST  OAKES ND 584741336",30000,2006-01-09,2006,"1",NA,NA
"288","38021",NA,"10226001","10",NA,NA,NA,NA,NA,NA,NA,NA,NA,"115 N 10TH ST  OAKES ND 584741350",21000,2014-03-31,2014,"1",NA,NA
"289","38021",NA,"10237001","10",NA,NA,NA,NA,NA,NA,NA,NA,NA,"112 N 10TH ST  OAKES ND 584741346",127000,2013-04-01,2013,"1",NA,NA
"290","38021",NA,"10258000","10",NA,NA,NA,NA,NA,NA,NA,NA,NA,"9 N 13TH ST  OAKES ND 584741413",162627.5,2015-07-28,2015,"1",NA,NA
"291","38021",NA,"10270000","10",NA,NA,NA,NA,NA,NA,NA,NA,NA,"21 N 11TH ST  OAKES ND 584741437",38650,2006-10-20,2006,"1",NA,NA
"292","38021",NA,"10271000","10",NA,NA,NA,NA,NA,NA,NA,NA,NA,"15 N 11TH ST  OAKES ND 584741437",68000,2007-07-25,2007,"1",NA,NA
"293","38021",NA,"10299000","10",NA,NA,NA,NA,NA,NA,NA,NA,NA,"24 N 7TH ST  OAKES ND 584741330",16000,2012-11-01,2012,"1",NA,NA
"294","38021",NA,"10325000","10",NA,NA,NA,NA,NA,NA,NA,NA,NA,"104 S 8TH ST  OAKES ND 584741725",170881.25,2015-05-08,2015,"1",NA,NA
"295","38021",NA,"10338000","10",NA,NA,NA,NA,NA,NA,NA,NA,NA,"206 S 9TH ST  OAKES ND 584741743",44100,2017-01-06,2017,"1",NA,NA
"296","38021",NA,"10339000","10",NA,NA,NA,NA,NA,NA,NA,NA,NA,"904  JUNIPER AVE  OAKES ND 584741717",NA,2019-11-05,2019,"1",NA,NA
"297","38021",NA,"10379001","10",NA,NA,NA,NA,NA,NA,NA,NA,NA,"311 S 12TH ST  OAKES ND 584741808",68700,2018-02-05,2018,"1",NA,NA
"298","38021",NA,"10427000","10",NA,NA,NA,NA,NA,NA,NA,NA,NA,"922  LILAC AVE  OAKES ND 584742020",70000,2007-02-03,2007,"1",NA,NA
"299","38021",NA,"10428002","10",NA,NA,NA,NA,NA,NA,NA,NA,NA,"419 S 9TH ST  OAKES ND 584742006",112500,2019-04-07,2019,"1",NA,NA
"300","38021",NA,"10500000","10",NA,NA,NA,NA,NA,NA,NA,NA,NA,"222 S 6TH ST  OAKES ND 584741618",6000,2013-09-18,2013,"1",NA,NA
"301","38021",NA,"10535000","10",NA,NA,NA,NA,NA,NA,NA,NA,NA,"214  IVY AVE  OAKES ND 584741132",23000,2007-06-26,2007,"1",NA,NA
"302","38021",NA,"10566006","10",NA,NA,NA,NA,NA,NA,NA,NA,NA,"301 S 7TH ST  OAKES ND 584741919",NA,2016-08-30,2016,"1",NA,NA
"303","38021",NA,"10567006","10",NA,NA,NA,NA,NA,NA,NA,NA,NA,"ELLENDALE ND 58436",82100,2018-09-21,2018,"1",NA,NA
"304","38021",NA,"10596000","10",NA,NA,NA,NA,NA,NA,NA,NA,NA,"805  DOGWOOD AVE  OAKES ND 584741017",220000,2018-05-07,2018,"1",NA,NA
"305","38021",NA,"10662000","10",NA,NA,NA,NA,NA,NA,NA,NA,NA,"306 N 13TH ST  OAKES ND 584741447",134000,2007-05-07,2007,"1",NA,NA
"306","38021",NA,"10708000","10",NA,NA,NA,NA,NA,NA,NA,NA,NA,"210  MAIN AVE  OAKES ND 584741150",74350,2018-05-29,2018,"1",NA,NA
"307","38021",NA,"10709000","10",NA,NA,NA,NA,NA,NA,NA,NA,NA,"202  MAIN AVE  OAKES ND 584741150",58100,2018-05-18,2018,"1",NA,NA
"308","38021",NA,"10717020","10",0.34,14810,NA,NA,NA,NA,NA,NA,NA,"104 S 15TH ST  OAKES ND 584741829",84900,2020-02-14,2020,"1",NA,NA
"309","38021",NA,"10745000","10",NA,NA,NA,NA,NA,NA,NA,NA,NA,"923  FIR AVE  OAKES ND 584741314",135000,2013-09-30,2013,"1",NA,NA
"310","38021",NA,"10746000","10",NA,NA,NA,NA,NA,NA,NA,NA,NA,"907  GLENWOOD DR  OAKES ND 584741317",159438.75,2014-08-14,2014,"1",NA,NA
"311","38021",NA,"10748002","10",NA,NA,NA,NA,NA,NA,NA,NA,NA,"819  FIR AVE  OAKES ND 584741312",124568.75,2017-01-27,2017,"1",NA,NA
"312","38021",NA,"11200000","10",NA,NA,NA,NA,NA,NA,NA,NA,NA,"200 N MONROE ST  FULLERTON ND 584414001",NA,2014-04-19,2014,"1",NA,NA
"313","38021",NA,"11291000","10",NA,NA,NA,NA,NA,NA,NA,NA,NA,"111  CENTER ST  LUDDEN ND 584744102",20000,2018-09-01,2018,"1",NA,NA
"314","38021",NA,"11404000","10",NA,NA,NA,NA,NA,NA,NA,NA,NA,"205  1ST AVE  MONANGO ND 584364002",NA,2018-04-26,2018,"1",NA,NA
"315","38021",NA,"10001000","10",NA,NA,NA,NA,NA,NA,NA,NA,NA,"205 N 5TH ST  OAKES ND 584741212",NA,2017-04-27,2017,"1",NA,NA
"316","38021",NA,"10005000","10",NA,NA,NA,NA,NA,NA,NA,NA,NA,"410  FIR AVE  OAKES ND 584741224",140000,2012-02-20,2012,"1",NA,NA
"317","38021",NA,"10031000","10",NA,NA,NA,NA,NA,NA,NA,NA,NA,"120 N 6TH ST  OAKES ND 584741217",NA,2018-02-12,2018,"1",NA,NA
"318","38021",NA,"10127000","10",NA,NA,NA,NA,NA,NA,NA,NA,NA,"205 S 6TH ST  OAKES ND 584741617",89285,2014-10-08,2014,"1",NA,NA
"319","38021",NA,"10151000","10",NA,NA,NA,NA,NA,NA,NA,NA,NA,"505  LILAC AVE  OAKES ND 584741927",141250,2017-05-05,2017,"1",NA,NA
"320","38021",NA,"10153000","10",NA,NA,NA,NA,NA,NA,NA,NA,NA,"315 S 6TH ST  OAKES ND 584741913",NA,2017-01-11,2017,"1",NA,NA
"321","38021",NA,"10194000","10",NA,NA,NA,NA,NA,NA,NA,NA,NA,"215 N 11TH ST  OAKES ND 584741405",125000,2017-01-25,2017,"7",NA,NA
"322","38021",NA,"10195001","10",NA,NA,NA,NA,NA,NA,NA,NA,NA,"1021  GRAPE AVE  OAKES ND 584741420",120000,2013-03-22,2013,"1",NA,NA
"323","38021",NA,"10226000","10",NA,NA,NA,NA,NA,NA,NA,NA,NA,"121 N 10TH ST  OAKES ND 584741350",50000,2019-09-03,2019,"1",NA,NA
"324","38021",NA,"10229000","10",NA,NA,NA,NA,NA,NA,NA,NA,NA,"903  HICKORY AVE  OAKES ND 584741328",114795,2015-06-24,2015,"1",NA,NA
"325","38021",NA,"10251000","10",NA,NA,NA,NA,NA,NA,NA,NA,NA,"116 N 13TH ST  OAKES ND 584741416",90843.75,2015-08-28,2015,"1",NA,NA
"326","38021",NA,"10342000","10",NA,NA,NA,NA,NA,NA,NA,NA,NA,"817  KOLA AVE  OAKES ND 584741737",130000,2015-03-26,2015,"1",NA,NA
"327","38021",NA,"10344001","10",NA,NA,NA,NA,NA,NA,NA,NA,NA,"203 S 8TH ST  OAKES ND 584741726",NA,2014-09-23,2014,"1",NA,NA
"328","38021",NA,"10358300","10",NA,NA,NA,NA,NA,NA,NA,NA,NA,"325 S 9TH ST  OAKES ND 584742000",17000,2013-08-29,2013,"1",NA,NA
"329","38021",NA,"10359001","10",NA,NA,NA,NA,NA,NA,NA,NA,NA,"309 S 10TH ST  OAKES ND 584742010",125000,2013-09-26,2013,"1",NA,NA
"330","38021",NA,"10365001","10",NA,NA,NA,NA,NA,NA,NA,NA,NA,"906  KOLA AVE  OAKES ND 584742014",NA,2014-02-14,2014,"1",NA,NA
"331","38021",NA,"10394000","10",NA,NA,NA,NA,NA,NA,NA,NA,NA,"204 S 12TH ST  OAKES ND 584741807",NA,2018-07-23,2018,"1",NA,NA
"332","38021",NA,"10427001","10",NA,NA,NA,NA,NA,NA,NA,NA,NA,"914  LILAC AVE  OAKES ND 584742020",155000,2018-09-24,2018,"1",NA,NA
"333","38021",NA,"10445000","10",NA,NA,NA,NA,NA,NA,NA,NA,NA,"715 S 5TH ST  OAKES ND 584742105",39000,2007-09-11,2007,"1",NA,NA
"334","38021",NA,"10451000","10",NA,NA,NA,NA,NA,NA,NA,NA,NA,"ND",NA,2017-05-31,2017,"1",NA,NA
"335","38021",NA,"10475001","10",NA,NA,NA,NA,NA,NA,NA,NA,NA,"503 S 6TH ST  OAKES ND 584741917",89062.5,2016-07-29,2016,"1",NA,NA
"336","38021",NA,"10477000","10",NA,NA,NA,NA,NA,NA,NA,NA,NA,"510 S 6TH ST  OAKES ND 584741918",NA,2019-06-27,2019,"1",NA,NA
"337","38021",NA,"10507000","10",NA,NA,NA,NA,NA,NA,NA,NA,NA,"22  MAIN AVE  OAKES ND 584741142",NA,2017-10-12,2017,"1",NA,NA
"338","38021",NA,"10528000","10",NA,NA,NA,NA,NA,NA,NA,NA,NA,"17 S 2ND ST  OAKES ND 584741107",115793.75,2014-09-26,2014,"1",NA,NA
"339","38021",NA,"10544000","10",NA,NA,NA,NA,NA,NA,NA,NA,NA,"203  KOLA AVE  OAKES ND 584741137",NA,2017-06-06,2017,"1",NA,NA
"340","38021",NA,"10548000","10",NA,NA,NA,NA,NA,NA,NA,NA,NA,"204  KOLA AVE  OAKES ND 584741138",75000,2014-02-07,2014,"1",NA,NA
"341","38021",NA,"10552000","10",NA,NA,NA,NA,NA,NA,NA,NA,NA,"405 S 3RD ST  OAKES ND 584741123",NA,2006-01-11,2006,"1",NA,NA
"342","38021",NA,"10564003","10",NA,NA,NA,NA,NA,NA,NA,NA,NA,"202 N 6TH ST  OAKES ND 584741219",NA,2017-04-21,2017,"1",NA,NA
"343","38021",NA,"10566001","10",NA,NA,NA,NA,NA,NA,NA,NA,NA,"314 S 6TH ST  OAKES ND 584741914",89835,2017-08-25,2017,"1",NA,NA
"344","38021",NA,"10567004","10",NA,NA,NA,NA,NA,NA,NA,NA,NA,"421 S 7TH ST  OAKES ND 584741920",64000,2019-12-06,2019,"1",NA,NA
"345","38021",NA,"10586000","10",NA,NA,NA,NA,NA,NA,NA,NA,NA,"1515  MAIN AVE  OAKES ND 584741538",128000,2018-09-28,2018,"1",NA,NA
"346","38021",NA,"10623120","10",NA,NA,NA,NA,NA,NA,NA,NA,NA,"1286  EVERGREEN AVE  OAKES ND 584742303",NA,2016-01-12,2016,"1",NA,NA
"347","38021",NA,"10642040","10",0.04,1719,NA,NA,NA,NA,NA,NA,NA,"820  ASPEN DR  OAKES ND 584742311",256000,2012-05-17,2012,"1",NA,NA
"348","38021",NA,"10642060","10",NA,NA,NA,NA,NA,NA,NA,NA,NA,"8643  106TH AVE SE OAKES ND 584749317",26983,2013-08-26,2013,"1",NA,NA
"349","38021",NA,"10707001","10",NA,NA,NA,NA,NA,NA,NA,NA,NA,"226  MAIN AVE  OAKES ND 584741150",54000,2007-09-27,2007,"1",NA,NA
"350","38021",NA,"10721000","10",NA,NA,NA,NA,NA,NA,NA,NA,NA,"1504  MAIN AVE  OAKES ND 584741539",37500,2015-10-12,2015,"1",NA,NA
"351","38021",NA,"00505001","10",12.25,533610,NA,NA,NA,NA,NA,NA,NA,"9608  98TH ST SE ELLENDALE ND 584369667",138750,2015-10-01,2015,"1",NA,NA
"352","38021",NA,"00991001","10",10.26,446926,NA,NA,NA,NA,NA,NA,NA,"7866  100TH ST SE FORBES ND 584399309",17500,2006-03-17,2006,"1",NA,NA
"353","38021",NA,"01091000","10",NA,NA,NA,NA,NA,NA,NA,NA,NA,"70 E LAKE DR  ELLENDALE ND 58436",210000,2019-09-20,2019,"1",NA,NA
"354","38021",NA,"01096000","10",NA,NA,NA,NA,NA,NA,NA,NA,NA,"74 E LAKE DR  ELLENDALE ND 58436",NA,2015-11-18,2015,"1",NA,NA
"355","38021",NA,"01616001","10",21.92,954835,NA,NA,NA,NA,NA,NA,NA,"9281  107TH AVE SE OAKES ND 584749411",NA,2017-02-06,2017,"1",NA,NA
"356","38021",NA,"03600027","10",0.34,14810,NA,NA,NA,NA,NA,NA,NA,"1004  ZEE LN  OAKES ND 584742207",NA,2017-04-28,2017,"1",NA,NA
"357","38021",NA,"07245001","10",4.26,185566,NA,NA,NA,NA,NA,NA,NA,"8234  96TH AVE SE MONANGO ND 58436",145000,2013-05-21,2013,"1",NA,NA
"358","38021",NA,"07826000","10",NA,NA,NA,NA,NA,NA,NA,NA,NA,"209  1ST ST N ELLENDALE ND 584367296",NA,2018-11-20,2018,"1",NA,NA
"359","38021",NA,"07891000","10",NA,NA,NA,NA,NA,NA,NA,NA,NA,"213  1ST ST S ELLENDALE ND 58436",60000,2016-05-25,2016,"1",NA,NA
"360","38021",NA,"07893000","10",NA,NA,NA,NA,NA,NA,NA,NA,NA,"72  3RD AVE S ELLENDALE ND 58436",99000,2014-05-17,2014,"1",NA,NA
"361","38021",NA,"07895000","10",NA,NA,NA,NA,NA,NA,NA,NA,NA,"216  1ST ST S ELLENDALE ND 58436",35625,2017-02-10,2017,"1",NA,NA
"362","38021",NA,"07925000","10",NA,NA,NA,NA,NA,NA,NA,NA,NA,"300  2ND ST S ELLENDALE ND 584367122",99000,2017-02-14,2017,"1",NA,NA
"363","38021",NA,"07944000","10",NA,NA,NA,NA,NA,NA,NA,NA,NA,"420  1ST ST S ELLENDALE ND 584367171",48000,2007-01-26,2007,"1",NA,NA
"364","38021",NA,"07945000","10",NA,NA,NA,NA,NA,NA,NA,NA,NA,"416  1ST ST S ELLENDALE ND 584367171",25000,2016-05-27,2016,"1",NA,NA
"365","38021",NA,"07951000","10",NA,NA,NA,NA,NA,NA,NA,NA,NA,"ND",23000,2007-06-01,2007,"1",NA,NA
"366","38021",NA,"07976000","10",NA,NA,NA,NA,NA,NA,NA,NA,NA,"409  1ST ST S ELLENDALE ND 584367106",NA,2018-05-02,2018,"1",NA,NA
"367","38021",NA,"07977000","10",NA,NA,NA,NA,NA,NA,NA,NA,NA,"417  1ST ST S ELLENDALE ND 584367106",33000,2006-08-01,2006,"1",NA,NA
"368","38021",NA,"08015000","10",NA,NA,NA,NA,NA,NA,NA,NA,NA,"212  3RD ST N LAMOURE ND 58458",20500,2007-05-03,2007,"1",NA,NA
"369","38021",NA,"08025000","10",NA,NA,NA,NA,NA,NA,NA,NA,NA,"108  3RD ST N ELLENDALE ND 584367235",24000,2015-07-17,2015,"1",NA,NA
"370","38021",NA,"08036000","10",NA,NA,NA,NA,NA,NA,NA,NA,NA,"54  3RD ST N FORBES ND 58439",1375000,2006-06-20,2006,"1",NA,NA
"371","38021",NA,"08069000","10",NA,NA,NA,NA,NA,NA,NA,NA,NA,"100  4TH ST N ELLENDALE ND 584367502",33287.5,2018-02-15,2018,"1",NA,NA
"372","38021",NA,"08084000","10",NA,NA,NA,NA,NA,NA,NA,NA,NA,"323  4TH AVE N ELLENDALE ND 584367265",146902,2017-10-23,2017,"1",NA,NA
"373","38021",NA,"08090000","10",NA,NA,NA,NA,NA,NA,NA,NA,NA,"309  3RD ST N ELLENDALE ND 584367246",5000,2019-05-24,2019,"1",NA,NA
"374","38021",NA,"08093000","10",NA,NA,NA,NA,NA,NA,NA,NA,NA,"307  5TH AVE N ELLENDALE ND 584367267",80625,2018-09-17,2018,"1",NA,NA
"375","38021",NA,"08159000","10",NA,NA,NA,NA,NA,NA,NA,NA,NA,"607  2ND ST S ELLENDALE ND 584367119",NA,2016-09-23,2016,"1",NA,NA
"376","38021",NA,"08198000","10",NA,NA,NA,NA,NA,NA,NA,NA,NA,"420  5TH AVE S ELLENDALE ND 584367153",68000,2013-04-10,2013,"1",NA,NA
"377","38021",NA,"08202000","10",NA,NA,NA,NA,NA,NA,NA,NA,NA,"301  3RD AVE S ELLENDALE ND 584367169",NA,2018-04-16,2018,"1",NA,NA
"378","38021",NA,"08291000","10",NA,NA,NA,NA,NA,NA,NA,NA,NA,"717  2ND ST N ELLENDALE ND 584367201",42212.5,2015-04-22,2015,"1",NA,NA
"379","38021",NA,"08305000","10",NA,NA,NA,NA,NA,NA,NA,NA,NA,"508  3RD ST N ELLENDALE ND 584367239",134900,2019-01-31,2019,"1",NA,NA
"380","38021",NA,"08435000","10",NA,NA,NA,NA,NA,NA,NA,NA,NA,"113  7TH ST N ELLENDALE ND 58436",NA,2017-03-15,2017,"1",NA,NA
"381","38021",NA,"08571000","10",NA,NA,NA,NA,NA,NA,NA,NA,NA,"225  2ND AVE SW ELLENDALE ND 584367501",61900,2007-04-24,2007,"1",NA,NA
"382","38021",NA,"08611000","10",0.06,2614,NA,NA,NA,NA,NA,NA,NA,"ND",75000,2014-04-25,2014,"1",NA,NA
"383","38021",NA,"08637000","10",NA,NA,NA,NA,NA,NA,NA,NA,NA,"84  PRAIRIEVIEW   ELLENDALE ND 584367401",130500,2017-11-09,2017,"1",NA,NA
"384","38021",NA,"08640000","10",NA,NA,NA,NA,NA,NA,NA,NA,NA,"408  16TH AVE N ELLENDALE ND 584367701",NA,2017-06-05,2017,"1",NA,NA
"385","38021",NA,"08071000","10",NA,NA,NA,NA,NA,NA,NA,NA,NA,"105  3RD ST N ELLENDALE ND 584367244",NA,2019-09-17,2019,"1",NA,NA
"386","38021",NA,"08077000","10",NA,NA,NA,NA,NA,NA,NA,NA,NA,"324  2ND AVE N ELLENDALE ND 58436",45000,2007-06-13,2007,"1",NA,NA
"387","38021",NA,"08120000","10",NA,NA,NA,NA,NA,NA,NA,NA,NA,"201  3RD ST S ELLENDALE ND 584367130",NA,2017-01-18,2017,"1",NA,NA
"388","38021",NA,"08199000","10",NA,NA,NA,NA,NA,NA,NA,NA,NA,"405  5TH ST S ELLENDALE ND 584367167",NA,2014-06-12,2014,"1",NA,NA
"389","38021",NA,"08205000","10",NA,NA,NA,NA,NA,NA,NA,NA,NA,"316  3RD ST S ELLENDALE ND 584367126",75000,2015-08-21,2015,"1",NA,NA
"390","38021",NA,"08221000","10",NA,NA,NA,NA,NA,NA,NA,NA,NA,"304  3RD AVE S ELLENDALE ND 584367100",NA,2016-08-01,2016,"1",NA,NA
"391","38021",NA,"08223000","10",NA,NA,NA,NA,NA,NA,NA,NA,NA,"209  4TH ST S ELLENDALE ND 584367134",61500,2012-10-24,2012,"1",NA,NA
"392","38021",NA,"08244000","10",NA,NA,NA,NA,NA,NA,NA,NA,NA,"516  2ND ST N ELLENDALE ND 584367225",90000,2006-02-15,2006,"1",NA,NA
"393","38021",NA,"08248000","10",NA,NA,NA,NA,NA,NA,NA,NA,NA,"104  5TH AVE N ELLENDALE ND 584367211",70000,2017-05-02,2017,"1",NA,NA
"394","38021",NA,"08252000","10",NA,NA,NA,NA,NA,NA,NA,NA,NA,"517  1ST ST N ELLENDALE ND 58436",19000,2013-10-25,2013,"1",NA,NA
"395","38021",NA,"08335000","10",NA,NA,NA,NA,NA,NA,NA,NA,NA,"308  7TH AVE N ELLENDALE ND 584367206",4750,2013-11-27,2013,"1",NA,NA
"396","38021",NA,"08337000","10",NA,NA,NA,NA,NA,NA,NA,NA,NA,"703  3RD ST N ELLENDALE ND 584367250",20000,2015-06-12,2015,"1",NA,NA
"397","38021",NA,"08341000","10",NA,NA,NA,NA,NA,NA,NA,NA,NA,"320  8TH AVE N ELLENDALE ND 584367275",155000,2018-06-26,2018,"1",NA,NA
"398","38021",NA,"08406000","10",NA,NA,NA,NA,NA,NA,NA,NA,NA,"601  2ND AVE N ELLENDALE ND 584367309",60000,2007-05-31,2007,"1",NA,NA
"399","38021",NA,"08429000","10",NA,NA,NA,NA,NA,NA,NA,NA,NA,"301  6TH ST N ELLENDALE ND 584367336",32100,2015-12-10,2015,"1",NA,NA
"400","38021",NA,"08462000","10",NA,NA,NA,NA,NA,NA,NA,NA,NA,"58  6TH ST N ELLENDALE ND 584367411",NA,2020-01-07,2020,"1",NA,NA
"401","38021",NA,"08535000","10",NA,NA,NA,NA,NA,NA,NA,NA,NA,"304  3RD AVE SW ELLENDALE ND 584367512",NA,2018-09-14,2018,"1",NA,NA
"402","38021",NA,"08542000","10",NA,NA,NA,NA,NA,NA,NA,NA,NA,"423  3RD AVE SW ELLENDALE ND 584367503",63750,2017-03-09,2017,"1",NA,NA
"403","38021",NA,"08640006","10",NA,NA,NA,NA,NA,NA,NA,NA,NA,"",NA,2019-12-17,2019,"1",NA,NA
"404","38021",NA,"08666000","10",NA,NA,NA,NA,NA,NA,NA,NA,NA,"101  13TH AVE N ELLENDALE ND 584367233",99900,2018-01-26,2018,"1",NA,NA
"405","38021",NA,"10018001","10",NA,NA,NA,NA,NA,NA,NA,NA,NA,"401  HICKORY AVE  OAKES ND 584741234",NA,2017-09-15,2017,"1",NA,NA
"406","38021",NA,"10139003","10",NA,NA,NA,NA,NA,NA,NA,NA,NA,"301 S 5TH ST  OAKES ND 584741907",50000,2012-11-01,2012,"1",NA,NA
"407","38021",NA,"10141000","10",NA,NA,NA,NA,NA,NA,NA,NA,NA,"311 S 5TH ST  OAKES ND 584741907",165000,2012-07-02,2012,"1",NA,NA
"408","38021",NA,"10146000","10",NA,NA,NA,NA,NA,NA,NA,NA,NA,"401  LILAC AVE  OAKES ND 584741925",33000,2007-05-15,2007,"1",NA,NA
"409","38021",NA,"10161001","10",NA,NA,NA,NA,NA,NA,NA,NA,NA,"407 S 6TH ST  OAKES ND 584741915",95000,2014-05-28,2014,"1",NA,NA
"410","38021",NA,"10188000","10",NA,NA,NA,NA,NA,NA,NA,NA,NA,"223 N 12TH ST  OAKES ND 584741411",170453.75,2017-07-05,2017,"1",NA,NA
"411","38021",NA,"10224000","10",NA,NA,NA,NA,NA,NA,NA,NA,NA,"120 N 8TH ST  OAKES ND 584741336",74000,2019-09-27,2019,"1",NA,NA
"412","38021",NA,"10246001","10",NA,NA,NA,NA,NA,NA,NA,NA,NA,"110 N 12TH ST  OAKES ND 584741410",154000,2018-05-24,2018,"1",NA,NA
"413","38021",NA,"10250001","10",NA,NA,NA,NA,NA,NA,NA,NA,NA,"108 N 13TH ST  OAKES ND 584741416",93119.98,2019-09-27,2019,"1",NA,NA
"414","38021",NA,"10259000","10",NA,NA,NA,NA,NA,NA,NA,NA,NA,"1213  MAIN AVE  OAKES ND 584741434",NA,2018-09-12,2018,"1",NA,NA
"415","38021",NA,"10262000","10",NA,NA,NA,NA,NA,NA,NA,NA,NA,"16 N 12TH ST  OAKES ND 584741408",84460,2012-11-28,2012,"1",NA,NA
"416","38021",NA,"10273000","10",NA,NA,NA,NA,NA,NA,NA,NA,NA,"1011  MAIN AVE  OAKES ND 584741439",NA,2015-06-24,2015,"1",NA,NA
"417","38021",NA,"10276000","10",NA,NA,NA,NA,NA,NA,NA,NA,NA,"21 N 10TH ST  OAKES ND 584741339",152146.25,2017-08-18,2017,"1",NA,NA
"418","38021",NA,"10348000","10",NA,NA,NA,NA,NA,NA,NA,NA,NA,"214 S 7TH ST  OAKES ND 584741723",NA,2018-03-09,2018,"1",NA,NA
"419","38021",NA,"10383000","10",NA,NA,NA,NA,NA,NA,NA,NA,NA,"1104  KOLA AVE  OAKES ND 584741813",170000,2018-03-30,2018,"1",NA,NA
"420","38021",NA,"10385000","10",NA,NA,NA,NA,NA,NA,NA,NA,NA,"413 S 12TH ST  OAKES ND 584741810",120500,2006-04-07,2006,"1",NA,NA
"421","38021",NA,"10506000","10",NA,NA,NA,NA,NA,NA,NA,NA,NA,"28  MAIN AVE  OAKES ND 584741142",97500,2019-09-27,2019,"1",NA,NA
"422","38021",NA,"10555000","10",NA,NA,NA,NA,NA,NA,NA,NA,NA,"217  MAPLE AVE  OAKES ND 584741145",35000,2018-03-21,2018,"1",NA,NA
"423","38021",NA,"00741005","10",4.99,217364,NA,NA,NA,NA,NA,NA,NA,"9626  HIGHWAY 281   ELLENDALE ND 584369702",152500,2012-12-26,2012,"1",NA,NA
"424","38021",NA,"00823020","10",2,87120,NA,NA,NA,NA,NA,NA,NA,"8906  99TH ST SE ELLENDALE ND 584369662",45000,2012-08-20,2012,"1",NA,NA
"425","38021",NA,"01092000","10",NA,NA,NA,NA,NA,NA,NA,NA,NA,"71 E LAKE DR  ELLENDALE ND 58436",210000,2019-09-20,2019,"1",NA,NA
"426","38021",NA,"01094000","10",NA,NA,NA,NA,NA,NA,NA,NA,NA,"72 E LAKE DR  ELLENDALE ND 584369660",210000,2019-09-20,2019,"1",NA,NA
"427","38021",NA,"01506002","10",10,435600,NA,NA,NA,NA,NA,NA,NA,"11021  95TH ST SE OAKES ND 584749466",250000,2017-02-04,2017,"1",NA,NA
"428","38021",NA,"01650001","10",10,435600,NA,NA,NA,NA,NA,NA,NA,"10646  93RD ST SE OAKES ND 584749446",160000,2013-06-28,2013,"1",NA,NA
"429","38021",NA,"01928001","10",4.25,185130,NA,NA,NA,NA,NA,NA,NA,"9525  92ND ST SE FULLERTON ND 584419778",3500,2014-03-20,2014,"1",NA,NA
"430","38021",NA,"03532005","10",0.91,39640,NA,NA,NA,NA,NA,NA,NA,"8596  HAPPY ACRES   OAKES ND 584749775",118000,2006-03-22,2006,"1",NA,NA
"431","38021",NA,"03600025","10",0.93,40511,NA,NA,NA,NA,NA,NA,NA,"1022  ZEE LN  OAKES ND 584742207",8000,2013-12-02,2013,"1",NA,NA
"432","38021",NA,"03604018","10",0.54,23522,NA,NA,NA,NA,NA,NA,NA,"909 S 5TH ST  OAKES ND 584742109",90000,2006-07-14,2006,"1",NA,NA
"433","38021",NA,"03767050","10",3.46,150718,NA,NA,NA,NA,NA,NA,NA,"10356  88TH ST SE OAKES ND 584749457",NA,2017-02-07,2017,"1",NA,NA
"434","38021",NA,"03779001","10",4,174240,NA,NA,NA,NA,NA,NA,NA,"8933  104TH AVE SE OAKES ND 584749454",195806.25,2017-10-27,2017,"1",NA,NA
"435","38021",NA,"07583043","10",NA,NA,NA,NA,NA,NA,NA,NA,NA,"ND",NA,2014-10-30,2014,"1",NA,NA
"436","38021",NA,"07583060","10",NA,NA,NA,NA,NA,NA,NA,NA,NA,"ND",NA,2014-10-30,2014,"1",NA,NA
"437","38021",NA,"07828000","10",NA,NA,NA,NA,NA,NA,NA,NA,NA,"217  1ST ST N ELLENDALE ND 58436",7180,2012-07-12,2012,"1",NA,NA
"438","38021",NA,"07830000","10",NA,NA,NA,NA,NA,NA,NA,NA,NA,"75  3RD AVE N ELLENDALE ND 584367115",130000,2019-09-30,2019,"1",NA,NA
"439","38021",NA,"07928001","10",NA,NA,NA,NA,NA,NA,NA,NA,NA,"ND",36000,2012-04-18,2012,"1",NA,NA
"440","38021",NA,"07953000","10",NA,NA,NA,NA,NA,NA,NA,NA,NA,"312  1ST ST S ELLENDALE ND 584367165",40000,2014-10-31,2014,"1",NA,NA
"441","38021",NA,"07956000","10",NA,NA,NA,NA,NA,NA,NA,NA,NA,"305  2ND ST S ELLENDALE ND 584367123",31125,2018-02-16,2018,"7",NA,NA
"442","38021",NA,"07971000","10",NA,NA,NA,NA,NA,NA,NA,NA,NA,"336  MAIN ST  ELLENDALE ND 58436",NA,2016-07-12,2016,"1",NA,NA
"443","38021",NA,"08028000","10",NA,NA,NA,NA,NA,NA,NA,NA,NA,"101  2ND ST N ELLENDALE ND 584367202",37500,2017-09-15,2017,"6",NA,NA
"444","38021",NA,"08044000","10",NA,NA,NA,NA,NA,NA,NA,NA,NA,"75  2ND ST N ELLENDALE ND 584367419",16000,2014-02-28,2014,"1",NA,NA
"445","38021",NA,"10566005","10",NA,NA,NA,NA,NA,NA,NA,NA,NA,"309 S 7TH ST  OAKES ND 584741919",NA,2016-09-28,2016,"1",NA,NA
"446","38021",NA,"10609000","10",NA,NA,NA,NA,NA,NA,NA,NA,NA,"427 N 10TH ST  OAKES ND 584741032",208000,2016-06-28,2016,"1",NA,NA
"447","38021",NA,"10610000","10",NA,NA,NA,NA,NA,NA,NA,NA,NA,"426 N 9TH ST  OAKES ND 584741009",158000,2007-08-17,2007,"1",NA,NA
"448","38021",NA,"10612000","10",NA,NA,NA,NA,NA,NA,NA,NA,NA,"714  ELM AVE  OAKES ND 584741025",195937.5,2017-09-01,2017,"1",NA,NA
"449","38021",NA,"10700001","10",NA,NA,NA,NA,NA,NA,NA,NA,NA,"211 S 9TH ST  OAKES ND 584741742",121482.8,2016-10-04,2016,"1",NA,NA
"450","38021",NA,"10717025","10",0.34,14810,NA,NA,NA,NA,NA,NA,NA,"106 S 15TH ST  OAKES ND 584741829",152500,2018-05-31,2018,"1",NA,NA
"451","38021",NA,"10720000","10",NA,NA,NA,NA,NA,NA,NA,NA,NA,"1516  MAIN AVE  OAKES ND 584741539",166000,2007-10-04,2007,"1",NA,NA
"452","38021",NA,"10724001","10",NA,NA,NA,NA,NA,NA,NA,NA,NA,"33  MAIN AVE  OAKES ND 584741141",NA,2016-12-01,2016,"1",NA,NA
"453","38021",NA,"10744000","10",NA,NA,NA,NA,NA,NA,NA,NA,NA,"908  GLENWOOD DR  OAKES ND 584741317",129913.27,2017-08-02,2017,"1",NA,NA
"454","38021",NA,"11049000","10",NA,NA,NA,NA,NA,NA,NA,NA,NA,"ND",15000,2018-12-26,2018,"1",NA,NA
"455","38021",NA,"11377000","10",NA,NA,NA,NA,NA,NA,NA,NA,NA,"209  MAIN AVE  MONANGO ND 584364001",132000,2014-01-07,2014,"1",NA,NA
"456","38021",NA,"00472001","10",12.62,549727,NA,NA,NA,NA,NA,NA,NA,"9990  HIGHWAY 11   OAKES ND 584749171",215000,2017-01-13,2017,"1",NA,NA
"457","38021",NA,"00747010","10",1.94,84506,NA,NA,NA,NA,NA,NA,NA,"9683  HIGHWAY 281   ELLENDALE ND 584369702",95000,2016-10-27,2016,"1",NA,NA
"458","38021",NA,"00772000","10",138.24,6021734,NA,NA,NA,NA,NA,NA,NA,"8667  HIGHWAY 11   ELLENDALE ND 584369505",NA,2019-12-16,2019,"1",NA,NA
"459","38021",NA,"00783019","10",1.94,84506,NA,NA,NA,NA,NA,NA,NA,"8832  MERCHANTS GRV   ND",5000,2006-08-30,2006,"1",NA,NA
"460","38021",NA,"08098000","10",NA,NA,NA,NA,NA,NA,NA,NA,NA,"409  3RD ST N ELLENDALE ND 584367247",2350000,2006-05-25,2006,"1",NA,NA
"461","38021",NA,"08160000","10",NA,NA,NA,NA,NA,NA,NA,NA,NA,"605  2ND ST S ELLENDALE ND 584367119",62500,2013-10-30,2013,"1",NA,NA
"462","38021",NA,"08177000","10",NA,NA,NA,NA,NA,NA,NA,NA,NA,"512  4TH ST S ELLENDALE ND 58436",149900,2019-06-28,2019,"1",NA,NA
"463","38021",NA,"08195000","10",NA,NA,NA,NA,NA,NA,NA,NA,NA,"416  4TH ST S ELLENDALE ND 584367139",110000,2012-11-15,2012,"1",NA,NA
"464","38021",NA,"08206000","10",NA,NA,NA,NA,NA,NA,NA,NA,NA,"320  3RD ST S ELLENDALE ND 584367126",107800,2016-08-22,2016,"1",NA,NA
"465","38021",NA,"08253000","10",NA,NA,NA,NA,NA,NA,NA,NA,NA,"521  1ST ST N ELLENDALE ND 584367220",67500,2016-10-21,2016,"1",NA,NA
"466","38021",NA,"08255000","10",NA,NA,NA,NA,NA,NA,NA,NA,NA,"616  2ND ST N ELLENDALE ND 584367226",42288,2018-09-17,2018,"1",NA,NA
"467","38021",NA,"08257000","10",NA,NA,NA,NA,NA,NA,NA,NA,NA,"608  2ND ST N ELLENDALE ND 584367226",82000,2012-05-29,2012,"1",NA,NA
"468","38021",NA,"08264000","10",NA,NA,NA,NA,NA,NA,NA,NA,NA,"119  8TH AVE N ELLENDALE ND 584367221",136144.58,2016-09-30,2016,"1",NA,NA
"469","38021",NA,"08278000","10",NA,NA,NA,NA,NA,NA,NA,NA,NA,"805  1ST ST N ELLENDALE ND 58436",37000,2012-09-29,2012,"1",NA,NA
"470","38021",NA,"08292000","10",NA,NA,NA,NA,NA,NA,NA,NA,NA,"721  2ND ST N ELLENDALE ND 584367201",30000,2019-10-01,2019,"1",NA,NA
"471","38021",NA,"08301000","10",NA,NA,NA,NA,NA,NA,NA,NA,NA,"621  2ND ST N ELLENDALE ND 584367228",11000,2019-12-10,2019,"1",NA,NA
"472","38021",NA,"08319000","10",NA,NA,NA,NA,NA,NA,NA,NA,NA,"509  3RD ST N ELLENDALE ND 584367248",60000,2013-04-17,2013,"1",NA,NA
"473","38021",NA,"08398000","10",NA,NA,NA,NA,NA,NA,NA,NA,NA,"209  6TH ST N ELLENDALE ND 584367335",NA,2017-03-15,2017,"1",NA,NA
"474","38021",NA,"08424000","10",NA,NA,NA,NA,NA,NA,NA,NA,NA,"417  6TH ST N ELLENDALE ND 584367337",NA,2015-06-01,2015,"1",NA,NA
"475","38021",NA,"08427000","10",NA,NA,NA,NA,NA,NA,NA,NA,NA,"312  7TH ST N ELLENDALE ND 584367322",56250,2017-04-21,2017,"1",NA,NA
"476","38021",NA,"08484000","10",NA,NA,NA,NA,NA,NA,NA,NA,NA,"59  6TH ST N ELLENDALE ND 584367405",10000,2013-06-04,2013,"1",NA,NA
"477","38021",NA,"08541000","10",NA,NA,NA,NA,NA,NA,NA,NA,NA,"401  2ND AVE SW ELLENDALE ND 584367507",28500,2018-04-20,2018,"1",NA,NA
"478","38021",NA,"08573000","10",NA,NA,NA,NA,NA,NA,NA,NA,NA,"",61900,2007-04-24,2007,"1",NA,NA
"479","38021",NA,"08636000","10",NA,NA,NA,NA,NA,NA,NA,NA,NA,"88  PRAIRIEVIEW   ELLENDALE ND 584367401",88500,2007-09-27,2007,"1",NA,NA
"480","38021",NA,"08663000","10",NA,NA,NA,NA,NA,NA,NA,NA,NA,"112  13TH AVE N ELLENDALE ND 58436",NA,2018-02-28,2018,"1",NA,NA
"481","38021",NA,"10002000","10",NA,NA,NA,NA,NA,NA,NA,NA,NA,"209 N 5TH ST  OAKES ND 584741212",55000,2020-01-30,2020,"1",NA,NA
"482","38021",NA,"10016000","10",NA,NA,NA,NA,NA,NA,NA,NA,NA,"409  HICKORY AVE  OAKES ND 584741234",NA,2014-10-03,2014,"1",NA,NA
"483","38021",NA,"10117000","10",NA,NA,NA,NA,NA,NA,NA,NA,NA,"215 S 5TH ST  OAKES ND 584741611",30000,2012-07-27,2012,"1",NA,NA
"484","38021",NA,"10120000","10",NA,NA,NA,NA,NA,NA,NA,NA,NA,"403  KOLA AVE  OAKES ND 584741633",40000,2006-04-06,2006,"1",NA,NA
"485","38021",NA,"10124000","10",NA,NA,NA,NA,NA,NA,NA,NA,NA,"222 S 5TH ST  OAKES ND 584741612",133500,2019-08-08,2019,"1",NA,NA
"486","38021",NA,"10157000","10",NA,NA,NA,NA,NA,NA,NA,NA,NA,"404 S 5TH ST  OAKES ND 584741910",66000,2013-10-31,2013,"1",NA,NA
"487","38021",NA,"10177002","10",NA,NA,NA,NA,NA,NA,NA,NA,NA,"221 N 14TH ST  OAKES ND 584741505",99500,2007-06-05,2007,"1",NA,NA
"488","38021",NA,"10191001","10",NA,NA,NA,NA,NA,NA,NA,NA,NA,"222 N 11TH ST  OAKES ND 584741406",95000,2018-03-23,2018,"1",NA,NA
"489","38021",NA,"10196001","10",NA,NA,NA,NA,NA,NA,NA,NA,NA,"208 N 10TH ST  OAKES ND 584741347",50000,2006-10-15,2006,"1",NA,NA
"490","38021",NA,"10217000","10",NA,NA,NA,NA,NA,NA,NA,NA,NA,"118 N 7TH ST  OAKES ND 584741331",42500,2015-06-05,2015,"1",NA,NA
"491","38021",NA,"10232000","10",NA,NA,NA,NA,NA,NA,NA,NA,NA,"113 N 11TH ST  OAKES ND 584741403",80000,2014-06-06,2014,"1",NA,NA
"492","38021",NA,"10238000","10",NA,NA,NA,NA,NA,NA,NA,NA,NA,"122 N 10TH ST  OAKES ND 584741346",90312.5,2016-03-03,2016,"1",NA,NA
"493","38021",NA,"10309000","10",NA,NA,NA,NA,NA,NA,NA,NA,NA,"14 S 9TH ST  OAKES ND 584741745",68500,2007-01-26,2007,"1",NA,NA
"494","38021",NA,"10313001","10",NA,NA,NA,NA,NA,NA,NA,NA,NA,"19 S 10TH ST  OAKES ND 584741703",45000,2013-09-24,2013,"1",NA,NA
"495","38021",NA,"10315001","10",NA,NA,NA,NA,NA,NA,NA,NA,NA,"111 S 8TH ST  OAKES ND 584741724",47000,2013-11-07,2013,"1",NA,NA
"496","38021",NA,"10360001","10",NA,NA,NA,NA,NA,NA,NA,NA,NA,"321 S 10TH ST  OAKES ND 584742010",135000,2014-07-21,2014,"1",NA,NA
"497","38021",NA,"10416000","10",NA,NA,NA,NA,NA,NA,NA,NA,NA,"210 S 10TH ST  OAKES ND 584741708",114900,2016-01-07,2016,"1",NA,NA
"498","38021",NA,"10461000","10",NA,NA,NA,NA,NA,NA,NA,NA,NA,"404  PINE AVE  OAKES ND 584742136",NA,2016-06-02,2016,"1",NA,NA
"499","38021",NA,"10473001","10",NA,NA,NA,NA,NA,NA,NA,NA,NA,"516 S 5TH ST  OAKES ND 584741912",10500,2006-11-14,2006,"1",NA,NA
"500","38021",NA,"10489000","10",NA,NA,NA,NA,NA,NA,NA,NA,NA,"211  6TH ST N ELLENDALE ND 58436",13000,2013-09-16,2013,"1",NA,NA
"501","38021",NA,"10491000","10",NA,NA,NA,NA,NA,NA,NA,NA,NA,"503  GRAPE AVE  OAKES ND 584741230",89741.53,2015-05-12,2015,"1",NA,NA
"502","38021",NA,"10496000","10",NA,NA,NA,NA,NA,NA,NA,NA,NA,"210 N 6TH ST  OAKES ND 584741219",128100,2018-12-06,2018,"1",NA,NA
"503","38021",NA,"10498000","10",NA,NA,NA,NA,NA,NA,NA,NA,NA,"224  6TH ST N ELLENDALE ND 58436",15500,2007-07-17,2007,"1",NA,NA
"504","38021",NA,"10533002","10",NA,NA,NA,NA,NA,NA,NA,NA,NA,"21 S 2ND ST  OAKES ND 584741107",9000,2012-03-09,2012,"1",NA,NA
"505","38021",NA,"03600003","10",0.51,22216,NA,NA,NA,NA,NA,NA,NA,"1016 S 7TH ST  OAKES ND 584742128",NA,2005-02-16,2005,"1",NA,NA
"506","38021",NA,"03644003","10",1.78,77537,NA,NA,NA,NA,NA,NA,NA,"10823  88TH ST SE OAKES ND 584749402",389000,2019-03-01,2019,"1",NA,NA
"507","38021",NA,"03765001","10",9.64,419918,NA,NA,NA,NA,NA,NA,NA,"10407  89TH ST SE OAKES ND 58474",15000,2012-09-25,2012,"1",NA,NA
"508","38021",NA,"07829000","10",NA,NA,NA,NA,NA,NA,NA,NA,NA,"221  1ST ST N ELLENDALE ND 584367296",87820,2012-07-12,2012,"1",NA,NA
"509","38021",NA,"07921000","10",NA,NA,NA,NA,NA,NA,NA,NA,NA,"204  4TH AVE S ELLENDALE ND 584367148",78500,2015-11-16,2015,"1",NA,NA
"510","38021",NA,"08017000","10",NA,NA,NA,NA,NA,NA,NA,NA,NA,"200  3RD ST N ELLENDALE ND 584367236",65000,2019-11-26,2019,"1",NA,NA
"511","38021",NA,"08039000","10",NA,NA,NA,NA,NA,NA,NA,NA,NA,"55  2ND ST N ELLENDALE ND 584367419",30100,2018-12-27,2018,"1",NA,NA
"512","38021",NA,"08045000","10",NA,NA,NA,NA,NA,NA,NA,NA,NA,"205  1ST AVE N ELLENDALE ND 584367231",NA,2013-01-24,2013,"1",NA,NA
"513","38021",NA,"08058000","10",NA,NA,NA,NA,NA,NA,NA,NA,NA,"51  3RD ST N ELLENDALE ND 584367406",31250,2017-10-12,2017,"1",NA,NA
"514","38021",NA,"10558000","10",NA,NA,NA,NA,NA,NA,NA,NA,NA,"220  MAPLE AVE  OAKES ND 584741146",40000,2018-11-02,2018,"1",NA,NA
"515","38021",NA,"10564001","10",NA,NA,NA,NA,NA,NA,NA,NA,NA,"",136125,2014-10-23,2014,"1",NA,NA
"516","38021",NA,"10565000","10",NA,NA,NA,NA,NA,NA,NA,NA,NA,"201 S 7TH ST  OAKES ND 584741621",29000,2012-05-15,2012,"1",NA,NA
"517","38021",NA,"10567001","10",NA,NA,NA,NA,NA,NA,NA,NA,NA,"404 S 6TH ST  OAKES ND 584741916",81439,2019-06-17,2019,"1",NA,NA
"518","38021",NA,"10589000","10",NA,NA,NA,NA,NA,NA,NA,NA,NA,"1508  HICKORY AVE  OAKES ND 584741535",50000,2013-06-03,2013,"1",NA,NA
"519","38021",NA,"10642030","10",NA,NA,NA,NA,NA,NA,NA,NA,NA,"815  CHESTNUT LN  OAKES ND 584742318",230000,2012-08-21,2012,"1",NA,NA
"520","38021",NA,"10642080","10",NA,NA,NA,NA,NA,NA,NA,NA,NA,"719  ASPEN DR  OAKES ND 584742313",NA,2019-03-07,2019,"1",NA,NA
"521","38021",NA,"10700000","10",NA,NA,NA,NA,NA,NA,NA,NA,NA,"822  JUNIPER AVE  OAKES ND 584741735",NA,2014-11-26,2014,"1",NA,NA
"522","38021",NA,"10742000","10",NA,NA,NA,NA,NA,NA,NA,NA,NA,"1005  FIR AVE  OAKES ND 584741316",80000,2013-06-28,2013,"1",NA,NA
"523","38021",NA,"11209000","10",NA,NA,NA,NA,NA,NA,NA,NA,NA,"320 N MONROE ST  FULLERTON ND 584414003",NA,2019-12-27,2019,"1",NA,NA
"524","38021",NA,"11210001","10",NA,NA,NA,NA,NA,NA,NA,NA,NA,"332 N MONROE ST  FULLERTON ND 584414003",31500,2014-05-02,2014,"1",NA,NA
"525","38021",NA,"11218001","10",NA,NA,NA,NA,NA,NA,NA,NA,NA,"241 N MONROE ST  FULLERTON ND 584414002",74375,2014-10-17,2014,"1",NA,NA
"526","38021",NA,"11406000","10",NA,NA,NA,NA,NA,NA,NA,NA,NA,"ELLENDALE ND 58436",NA,2018-05-03,2018,"1",NA,NA
"527","38021",NA,"11420000","10",NA,NA,NA,NA,NA,NA,NA,NA,NA,"313  2ND AVE  MONANGO ND 584364008",NA,2017-10-20,2017,"1",NA,NA
"528","38021",NA,"00119000","10",149.7,6520932,NA,NA,NA,NA,NA,NA,NA,"9679  HIGHWAY 1   OAKES ND 584749437",420000,2014-04-07,2014,"1",NA,NA
"529","38021",NA,"00783001","10",5,217800,NA,NA,NA,NA,NA,NA,NA,"1704  1ST ST N ELLENDALE ND 584367700",NA,2017-09-01,2017,"1",NA,NA
"530","38021",NA,"00870025","10",20.83,907355,NA,NA,NA,NA,NA,NA,NA,"10123  90TH AVE SE ELLENDALE ND 584369626",246000,2019-07-19,2019,"1",NA,NA
"531","38021",NA,"01065000","10",NA,NA,NA,NA,NA,NA,NA,NA,NA,"20 E LAKE DR  ELLENDALE ND 58436",78000,2006-09-27,2006,"1",NA,NA
"532","38021",NA,"01100000","10",NA,NA,NA,NA,NA,NA,NA,NA,NA,"84 E LAKE DR  ELLENDALE ND 58436",NA,2017-01-27,2017,"1",NA,NA
"533","38021",NA,"01411500","10",6.83,297515,NA,NA,NA,NA,NA,NA,NA,"9080  HWY 1  S OAKES ND 58474",7000,2018-10-19,2018,"1",NA,NA
"534","38021",NA,"01413002","10",7.19,313196,NA,NA,NA,NA,NA,NA,NA,"9017  HIGHWAY 1   OAKES ND 584749111",NA,2015-03-18,2015,"1",NA,NA
"535","38021",NA,"01506003","10",7.15,311454,NA,NA,NA,NA,NA,NA,NA,"11007  95TH ST SE OAKES ND 584749466",77100,2018-10-23,2018,"1",NA,NA
"536","38021",NA,"01730000","10",NA,NA,NA,NA,NA,NA,NA,NA,NA,"",72500,2006-09-29,2006,"1",NA,NA
"537","38021",NA,"02054001","10",29.43,1281971,NA,NA,NA,NA,NA,NA,NA,"8548  91ST ST SE ELLENDALE ND 584369771",259860,2018-05-24,2018,"1",NA,NA
"538","38021",NA,"07583061","10",NA,NA,NA,NA,NA,NA,NA,NA,NA,"ND",NA,2014-10-30,2014,"1",NA,NA
"539","38021",NA,"07935000","10",NA,NA,NA,NA,NA,NA,NA,NA,NA,"",1e+05,2015-09-11,2015,"1",NA,NA
"540","38021",NA,"07979000","10",NA,NA,NA,NA,NA,NA,NA,NA,NA,"70  5TH AVE S ELLENDALE ND 58436",115000,2014-05-23,2014,"1",NA,NA
"541","38021",NA,"07985000","10",NA,NA,NA,NA,NA,NA,NA,NA,NA,"400  1ST ST N ELLENDALE ND 584367288",4500000,2006-04-26,2006,"1",NA,NA
"542","38021",NA,"08010000","10",NA,NA,NA,NA,NA,NA,NA,NA,NA,"400  3RD ST N ELLENDALE ND 584367238",61500,2017-04-14,2017,"1",NA,NA
"543","38021",NA,"08019000","10",NA,NA,NA,NA,NA,NA,NA,NA,NA,"213  2ND ST N ELLENDALE ND 584367205",180000,2018-06-29,2018,"1",NA,NA
"544","38021",NA,"08021000","10",NA,NA,NA,NA,NA,NA,NA,NA,NA,"221  2ND ST N BERLIN ND 58415",13000,2006-11-03,2006,"1",NA,NA
"545","38021",NA,"08041000","10",NA,NA,NA,NA,NA,NA,NA,NA,NA,"63  2ND ST N ELLENDALE ND 58436",NA,2004-07-01,2004,"1",NA,NA
"546","38021",NA,"08042000","10",NA,NA,NA,NA,NA,NA,NA,NA,NA,"67  2ND ST N ELLENDALE ND 58436",26350,2016-12-30,2016,"1",NA,NA
"547","38021",NA,"08074000","10",NA,NA,NA,NA,NA,NA,NA,NA,NA,"308 N 3RD ST  HECLA ND 58436",142000,2020-01-08,2020,"6",NA,NA
"548","38021",NA,"08128000","10",NA,NA,NA,NA,NA,NA,NA,NA,NA,"64  6TH AVE N ELLENDALE ND 584367215",62500,2014-03-13,2014,"1",NA,NA
"549","38021",NA,"08165000","10",NA,NA,NA,NA,NA,NA,NA,NA,NA,"520  1ST ST S ELLENDALE ND 584367190",44225,2018-02-28,2018,"7",NA,NA
"550","38021",NA,"08168000","10",NA,NA,NA,NA,NA,NA,NA,NA,NA,"608  2ND ST S ELLENDALE ND 58436",67601.25,2014-10-10,2014,"1",NA,NA
"551","38021",NA,"08204000","10",NA,NA,NA,NA,NA,NA,NA,NA,NA,"308  3RD ST S ELLENDALE ND 584367126",68939,2014-08-06,2014,"1",NA,NA
"552","38021",NA,"08256000","10",NA,NA,NA,NA,NA,NA,NA,NA,NA,"612  2ND ST N ELLENDALE ND 584367226",38500,2015-06-19,2015,"1",NA,NA
"553","38021",NA,"08284000","10",NA,NA,NA,NA,NA,NA,NA,NA,NA,"712  3RD ST N ELLENDALE ND 584367241",NA,2018-01-11,2018,"1",NA,NA
"554","38021",NA,"08396000","10",NA,NA,NA,NA,NA,NA,NA,NA,NA,"610  2ND AVE N ELLENDALE ND 584367308",140000,2019-10-24,2019,"1",NA,NA
"555","38021",NA,"08401000","10",NA,NA,NA,NA,NA,NA,NA,NA,NA,"609  2ND AVE N ELLENDALE ND 584367309",65000,2019-08-28,2019,"1",NA,NA
"556","38021",NA,"08498000","10",NA,NA,NA,NA,NA,NA,NA,NA,NA,"109  7TH ST N ELLENDALE ND 584367324",199000,2012-11-01,2012,"1",NA,NA
"557","38021",NA,"08504000","10",NA,NA,NA,NA,NA,NA,NA,NA,NA,"101  5TH ST N ELLENDALE ND 584367317",1e+05,2019-04-26,2019,"1",NA,NA
"558","38021",NA,"08507000","10",NA,NA,NA,NA,NA,NA,NA,NA,NA,"304  1ST AVE S ELLENDALE ND 584367140",75000,2014-04-25,2014,"1",NA,NA
"559","38021",NA,"08526000","10",NA,NA,NA,NA,NA,NA,NA,NA,NA,"115  2ND ST SW ELLENDALE ND 584367529",145000,2013-05-22,2013,"1",NA,NA
"560","38021",NA,"08526001","10",NA,NA,NA,NA,NA,NA,NA,NA,NA,"209  2ND AVE SW ELLENDALE ND 584367501",120000,2013-05-24,2013,"1",NA,NA
"561","38021",NA,"08629000","10",NA,NA,NA,NA,NA,NA,NA,NA,NA,"85  PRAIRIEVIEW   ELLENDALE ND 584367401",1590000,2006-07-03,2006,"1",NA,NA
"562","38021",NA,"08639000","10",NA,NA,NA,NA,NA,NA,NA,NA,NA,"71  PRAIRIEVIEW   ELLENDALE ND 584367401",106875,2015-07-20,2015,"1",NA,NA
"563","38021",NA,"08662000","10",0.02,991,NA,NA,NA,NA,NA,NA,NA,"108  13TH AVE N ELLENDALE ND 584367232",133770,2015-11-30,2015,"1",NA,NA
"564","38021",NA,"10097000","10",NA,NA,NA,NA,NA,NA,NA,NA,NA,"116 S 6TH ST  OAKES ND 584741616",NA,2016-07-18,2016,"1",NA,NA
"565","38021",NA,"10125001","10",NA,NA,NA,NA,NA,NA,NA,NA,NA,"213 S 6TH ST  OAKES ND 584741617",61000,2006-09-27,2006,"1",NA,NA
"566","38021",NA,"10143000","10",NA,NA,NA,NA,NA,NA,NA,NA,NA,"321 S 5TH ST  OAKES ND 584741907",40000,2020-02-04,2020,"1",NA,NA
"567","38021",NA,"10150000","10",NA,NA,NA,NA,NA,NA,NA,NA,NA,"318 S 5TH ST  OAKES ND 584741908",40000,2020-01-23,2020,"1",NA,NA
"568","38021",NA,"10186000","10",NA,NA,NA,NA,NA,NA,NA,NA,NA,"214 N 12TH ST  OAKES ND 584741412",80000,2006-10-19,2006,"1",NA,NA
"569","38021",NA,"10205000","10",NA,NA,NA,NA,NA,NA,NA,NA,NA,"214 N 8TH ST  OAKES ND 584741302",35000,2013-08-15,2013,"1",NA,NA
"570","38021",NA,"10225000","10",NA,NA,NA,NA,NA,NA,NA,NA,NA,"124 N 8TH ST  OAKES ND 584741336",NA,2014-07-16,2014,"1",NA,NA
"571","38021",NA,"10228000","10",NA,NA,NA,NA,NA,NA,NA,NA,NA,"103 N 10TH ST  OAKES ND 584741307",76000,2014-07-23,2014,"1",NA,NA
"572","38021",NA,"10236000","10",NA,NA,NA,NA,NA,NA,NA,NA,NA,"1001  HICKORY AVE  OAKES ND 584741426",30000,2007-07-25,2007,"1",NA,NA
"573","38021",NA,"10256001","10",NA,NA,NA,NA,NA,NA,NA,NA,NA,"1310  HICKORY AVE  OAKES ND 584741433",30000,2013-11-25,2013,"1",NA,NA
"574","38021",NA,"10264000","10",NA,NA,NA,NA,NA,NA,NA,NA,NA,"1121  MAIN AVE  OAKES ND 584741440",36000,2014-05-27,2014,"1",NA,NA
"575","38021",NA,"10275000","10",NA,NA,NA,NA,NA,NA,NA,NA,NA,"16 N 10TH ST  OAKES ND 584741345",50000,2012-09-05,2012,"1",NA,NA
"576","38021",NA,"10293000","10",NA,NA,NA,NA,NA,NA,NA,NA,NA,"719  MAIN AVE  OAKES ND 584741341",60000,2014-03-07,2014,"1",NA,NA
"577","38021",NA,"03529002","10",11.13,484823,NA,NA,NA,NA,NA,NA,NA,"8589  HIGHWAY 1   OAKES ND 584749717",NA,2001-05-17,2001,"1",NA,NA
"578","38021",NA,"03600007","10",0.19,8276,NA,NA,NA,NA,NA,NA,NA,"ND",5500,2006-09-28,2006,"1",NA,NA
"579","38021",NA,"03600014","10",0.46,20038,NA,NA,NA,NA,NA,NA,NA,"1103  ZEE LN  OAKES ND 584742200",105900,2015-02-09,2015,"1",NA,NA
"580","38021",NA,"03615003","10",0.99,43124,NA,NA,NA,NA,NA,NA,NA,"8918  HIGHWAY 1   OAKES ND 584749112",186223.75,2015-02-13,2015,"1",NA,NA
"581","38021",NA,"03616011","10",1.6,69696,NA,NA,NA,NA,NA,NA,NA,"8970  HIGHWAY 1   OAKES ND 584749112",311625,2016-06-13,2016,"1",NA,NA
"582","38021",NA,"03616012","10",1.37,59677,NA,NA,NA,NA,NA,NA,NA,"8990  HIGHWAY 1   OAKES ND 584749112",550000,2013-05-03,2013,"1",NA,NA
"583","38021",NA,"03624001","10",2.31,100624,NA,NA,NA,NA,NA,NA,NA,"8996  112TH AVE SE OAKES ND 584749504",248562.5,2017-01-27,2017,"1",NA,NA
"584","38021",NA,"06562100","10",20.32,885139,NA,NA,NA,NA,NA,NA,NA,"8037  113TH AVE SE OAKES ND 584749741",80000,2012-04-16,2012,"1",NA,NA
"585","38021",NA,"06589001","10",12.67,551905,NA,NA,NA,NA,NA,NA,NA,"10920  81ST ST SE OAKES ND 584749766",71074,2015-08-28,2015,"1",NA,NA
"586","38021",NA,"06641003","10",9.61,418612,NA,NA,NA,NA,NA,NA,NA,"8363  HIGHWAY 1   OAKES ND 584749722",110000,2013-09-04,2013,"1",NA,NA
"587","38021",NA,"10296000","10",NA,NA,NA,NA,NA,NA,NA,NA,NA,"707  MAIN AVE  OAKES ND 584741341",185512.5,2017-08-26,2017,"1",NA,NA
"588","38021",NA,"10302000","10",NA,NA,NA,NA,NA,NA,NA,NA,NA,"1004  MAIN AVE  OAKES ND 584741741",NA,2017-12-06,2017,"1",NA,NA
"589","38021",NA,"10303000","10",NA,NA,NA,NA,NA,NA,NA,NA,NA,"14 S 10TH ST  OAKES ND 584741704",84100,2018-11-09,2018,"1",NA,NA
"590","38021",NA,"10313000","10",NA,NA,NA,NA,NA,NA,NA,NA,NA,"13 S 10TH ST  OAKES ND 584741703",18481,2013-11-25,2013,"1",NA,NA
"591","38021",NA,"10328001","10",NA,NA,NA,NA,NA,NA,NA,NA,NA,"921  JUNIPER AVE  OAKES ND 584741716",13500,2013-09-25,2013,"1",NA,NA
"592","38021",NA,"10345000","10",NA,NA,NA,NA,NA,NA,NA,NA,NA,"215 S 8TH ST  OAKES ND 584741726",177500,2014-07-02,2014,"1",NA,NA
"593","38021",NA,"10347000","10",NA,NA,NA,NA,NA,NA,NA,NA,NA,"222 S 7TH ST  OAKES ND 584741723",23500,2013-09-05,2013,"1",NA,NA
"594","38021",NA,"10362000","10",NA,NA,NA,NA,NA,NA,NA,NA,NA,"320 S 9TH ST  OAKES ND 584742005",60625,2016-09-23,2016,"1",NA,NA
"595","38021",NA,"10363000","10",NA,NA,NA,NA,NA,NA,NA,NA,NA,"316 S 9TH ST  OAKES ND 584742005",20000,2006-10-27,2006,"1",NA,NA
"596","38021",NA,"10404000","10",NA,NA,NA,NA,NA,NA,NA,NA,NA,"324 S 12TH ST  OAKES ND 584741809",NA,2016-09-19,2016,"1",NA,NA
"597","38021",NA,"10500001","10",NA,NA,NA,NA,NA,NA,NA,NA,NA,"216 S 6TH ST  OAKES ND 584741618",84500,2012-12-13,2012,"1",NA,NA
"598","38021",NA,"10524000","10",NA,NA,NA,NA,NA,NA,NA,NA,NA,"521  DOGWOOD AVE  OAKES ND 584741012",86000,2012-08-15,2012,"1",NA,NA
"599","38021",NA,"10529000","10",NA,NA,NA,NA,NA,NA,NA,NA,NA,"110  MAIN AVE  OAKES ND 584741144",45000,2014-04-29,2014,"1",NA,NA
"600","38021",NA,"10553000","10",NA,NA,NA,NA,NA,NA,NA,NA,NA,"407 S 3RD ST  OAKES ND 584741123",45000,2006-04-05,2006,"1",NA,NA
"601","38021",NA,"10640060","10",NA,NA,NA,NA,NA,NA,NA,NA,NA,"802  CHESTNUT CIR  OAKES ND 584742316",193500,2007-10-05,2007,"1",NA,NA
"602","38021",NA,"10640080","10",NA,NA,NA,NA,NA,NA,NA,NA,NA,"806  CHESTNUT CIR  OAKES ND 584742316",270000,2014-08-25,2014,"1",NA,NA
"603","38021",NA,"11223001","10",NA,NA,NA,NA,NA,NA,NA,NA,NA,"FULLERTON ND 58441",NA,2015-12-16,2015,"1",NA,NA
"604","38021",NA,"11303000","10",NA,NA,NA,NA,NA,NA,NA,NA,NA,"106  ILLINOIS ST  LUDDEN ND 584744103",105000,2012-09-07,2012,"1",NA,NA
