"","geoid_cnty","geoid_blk","p_id_iris_frmtd","property_indicator","acres","land_square_footage","bldg_code","building_square_feet","living_square_feet","year_built","effective_year_built","bedrooms","baths_appraised","property_address","sale_price","sale_date","sale_year","transaction_type","property_centroid_latitude","property_centroid_longitude"
"1","17069",NA,"07-29-042-06-000","10",17.6,766656,NA,NA,NA,NA,NA,NA,NA,"IL",176000,2011-01-28,2011,"1",NA,NA
"2","17069",NA,"04-10-022-06-000","10",2,87120,NA,NA,NA,NA,NA,NA,NA,"IL",10000,2005-04-20,2005,"1",NA,NA
"3","17069",NA,"07-29-077-07-000","10",10.96,477418,NA,NA,NA,NA,NA,NA,NA,"IL",50000,2011-01-31,2011,"1",NA,NA
"4","17069",NA,"06-82-076-09-000","10",NA,NA,NA,NA,NA,NA,NA,NA,NA,"IL",23000,2005-04-20,2005,"1",NA,NA
"5","17069",NA,"06-81-172-07-000","10",0.2,8712,NA,NA,NA,NA,NA,NA,NA,"IL",10500,2012-03-26,2012,"1",NA,NA
"6","17069",NA,"06-82-059-09-000","10",NA,NA,NA,NA,NA,NA,NA,NA,NA,"IL",45000,2012-03-20,2012,"1",NA,NA
"7","17069",NA,"06-82-058-05-000","10",NA,NA,NA,NA,NA,NA,NA,NA,NA,"IL",4200,2005-04-14,2005,"1",NA,NA
"8","17069",NA,"06-82-065-01-000","10",NA,NA,NA,NA,NA,NA,NA,NA,NA,"IL",18000,2012-03-15,2012,"1",NA,NA
"9","17069",NA,"07-29-126-01-000","10",3,130680,NA,NA,NA,NA,NA,NA,NA,"IL",28500,2005-04-25,2005,"1",NA,NA
"10","17069",NA,"06-82-029-08-000","10",NA,NA,NA,NA,NA,NA,NA,NA,NA,"298 E MARKET ST  ELIZABETHTOWN IL 629314428",30000,2012-03-22,2012,"1",NA,NA
"11","17069",NA,"07-29-158-07-000","10",1,43560,NA,NA,NA,NA,NA,NA,NA,"401 E HILL   CAVE IN ROCK IL 629192108",11000,2012-03-12,2012,"1",NA,NA
