"","geoid_cnty","geoid_blk","p_id_iris_frmtd","property_indicator","acres","land_square_footage","bldg_code","building_square_feet","living_square_feet","year_built","effective_year_built","bedrooms","baths_appraised","property_address","sale_price","sale_date","sale_year","transaction_type","property_centroid_latitude","property_centroid_longitude"
"1","02185","021850002002214","R-007-171-32","10",0.28,12000,NA,NA,NA,NA,NA,NA,NA,"1101  IMAGRUAK ST   AK",NA,2019-11-18,2019,"1",70.484953,-157.417379
"2","02185","021850001001087","R-001-411-27","10",0.1,4538,NA,NA,NA,NA,NA,NA,NA,"7077  UULA ST   AK",330353.1,2019-08-16,2019,"1",71.301801,-156.733515
"3","02185","021850002003467","R-009-271-29","10",0.22,9600,NA,NA,NA,NA,NA,NA,NA,"4122  TAALAK ST   AK",NA,2019-12-17,2019,"1",70.221832,-150.999421
"4","02185","021850002003410","R-043-171-10","10",0.34,15000,NA,NA,NA,NA,NA,NA,NA,"406  CONTACT RD   AK",135000,2019-12-23,2019,"1",68.144241,-151.731452
"5","02185","021850001001063","R-001-131-37","10",0.14,6000,NA,NA,NA,NA,NA,NA,NA,"4440 N STAR ST   AK",210438,2019-12-26,2019,"1",71.297699,-156.762337
"6","02185","021850001001076","R-001-481-19","10",0.21,9100,NA,NA,NA,NA,NA,NA,NA,"7314  LAURA MADISON ST   AK",280300,2019-09-21,2019,"1",71.302461,-156.738535
