"","geoid_cnty","geoid_blk","p_id_iris_frmtd","property_indicator","acres","land_square_footage","bldg_code","building_square_feet","living_square_feet","year_built","effective_year_built","bedrooms","baths_appraised","property_address","sale_price","sale_date","sale_year","transaction_type","property_centroid_latitude","property_centroid_longitude"
"1","38031",NA,"2898000","10",0.09,3777,NA,NA,NA,NA,NA,NA,NA,"857  1ST ST N CARRINGTON ND 584211201",NA,2012-08-01,2012,"1",NA,NA
"2","38031",NA,"3012000","10",NA,NA,NA,NA,NA,NA,NA,NA,NA,"950  3RD ST N CARRINGTON ND 584211213",132662.5,2014-09-17,2014,"1",NA,NA
"3","38031",NA,"3015000","10",NA,NA,NA,NA,NA,NA,NA,NA,NA,"923  2ND ST N CARRINGTON ND 584211207",55000,2016-09-08,2016,"1",NA,NA
"4","38031",NA,"3030000","10",NA,NA,NA,NA,NA,NA,NA,NA,NA,"385  10TH AVE N CARRINGTON ND 584211121",30000,2019-10-23,2019,"1",NA,NA
"5","38031",NA,"3032000","10",NA,NA,NA,NA,NA,NA,NA,NA,NA,"1021  3RD ST N CARRINGTON ND 584211105",118900,2006-03-10,2006,"1",NA,NA
"6","38031",NA,"3079000","10",NA,NA,NA,NA,NA,NA,NA,NA,NA,"1065  4TH ST S CARRINGTON ND 584211967",3e+05,2016-05-25,2016,"1",NA,NA
"7","38031",NA,"3105000","10",NA,NA,NA,NA,NA,NA,NA,NA,NA,"195  11TH AVE S CARRINGTON ND 584211937",NA,2009-11-09,2009,"1",NA,NA
"8","38031",NA,"3122000","10",NA,NA,NA,NA,NA,NA,NA,NA,NA,"ND",15000,2019-12-20,2019,"1",NA,NA
"9","38031",NA,"3123000","10",NA,NA,NA,NA,NA,NA,NA,NA,NA,"1150  4TH ST N CARRINGTON ND 584211112",60000,2016-07-07,2016,"7",NA,NA
"10","38031",NA,"3153000","10",NA,NA,NA,NA,NA,NA,NA,NA,NA,"1286  1ST ST S CARRINGTON ND 584211906",NA,2016-01-28,2016,"1",NA,NA
"11","38031",NA,"3158000","10",NA,NA,NA,NA,NA,NA,NA,NA,NA,"1285  2ND ST S CARRINGTON ND 584211910",NA,2005-07-20,2005,"1",NA,NA
"12","38031",NA,"3161000","10",NA,NA,NA,NA,NA,NA,NA,NA,NA,"1214  2ND ST S CARRINGTON ND 584211911",NA,2018-04-27,2018,"1",NA,NA
"13","38031",NA,"3238000","10",NA,NA,NA,NA,NA,NA,NA,NA,NA,"1407  3RD ST N CARRINGTON ND 584211024",155000,2016-10-12,2016,"1",NA,NA
"14","38031",NA,"3267000","10",NA,NA,NA,NA,NA,NA,NA,NA,NA,"1490  2ND ST S CARRINGTON ND 584211810",126500,2010-03-09,2010,"1",NA,NA
"15","38031",NA,"3282000","10",NA,NA,NA,NA,NA,NA,NA,NA,NA,"311  5TH AVE S CARRINGTON ND 58421",NA,2016-12-12,2016,"1",NA,NA
"16","38031",NA,"3300000","10",NA,NA,NA,NA,NA,NA,NA,NA,NA,"1550  2ND ST N CARRINGTON ND 584211533",54000,2006-07-13,2006,"1",NA,NA
"17","38031",NA,"3302000","10",NA,NA,NA,NA,NA,NA,NA,NA,NA,"115  15TH AVE N CARRINGTON ND 584211531",173750,2018-02-23,2018,"1",NA,NA
"18","38031",NA,"3331000","10",NA,NA,NA,NA,NA,NA,NA,NA,NA,"1246  5TH ST N CARRINGTON ND 584211117",NA,2013-10-06,2013,"1",NA,NA
"19","38031",NA,"3376000","10",NA,NA,NA,NA,NA,NA,NA,NA,NA,"693  4TH ST N CARRINGTON ND 584211627",125000,2017-05-15,2017,"1",NA,NA
"20","38031",NA,"3421000","10",NA,NA,NA,NA,NA,NA,NA,NA,NA,"ND",NA,2011-04-18,2011,"1",NA,NA
"21","38031",NA,"3461000","10",NA,NA,NA,NA,NA,NA,NA,NA,NA,"873  5TH ST N CARRINGTON ND 584211222",55500,2011-11-15,2011,"1",NA,NA
"22","38031",NA,"3467000","10",NA,NA,NA,NA,NA,NA,NA,NA,NA,"707  5TH ST N CARRINGTON ND 584211220",67827.56,2018-07-31,2018,"1",NA,NA
"23","38031",NA,"3511000","10",NA,NA,NA,NA,NA,NA,NA,NA,NA,"584  1ST ST S CARRINGTON ND 584212109",116000,2012-09-27,2012,"1",NA,NA
"24","38031",NA,"3513000","10",NA,NA,NA,NA,NA,NA,NA,NA,NA,"540  1ST ST S CARRINGTON ND 584212109",58500,2019-08-20,2019,"1",NA,NA
"25","38031",NA,"3566000","10",NA,NA,NA,NA,NA,NA,NA,NA,NA,"325  2ND ST N CARRINGTON ND 584211707",149625,2008-10-09,2008,"1",NA,NA
"26","38031",NA,"3580000","10",NA,NA,NA,NA,NA,NA,NA,NA,NA,"ND",NA,2014-12-10,2014,"1",NA,NA
"27","38031",NA,"3623000","10",NA,NA,NA,NA,NA,NA,NA,NA,NA,"170  1ST AVE N CARRINGTON ND 584211752",282000,2013-08-14,2013,"1",NA,NA
"28","38031",NA,"3668001","10",NA,NA,NA,NA,NA,NA,NA,NA,NA,"280  FAITH RD  CARRINGTON ND 584211408",225000,2011-11-07,2011,"1",NA,NA
"29","38031",NA,"3668002","10",NA,NA,NA,NA,NA,NA,NA,NA,NA,"240  FAITH RD  CARRINGTON ND 584211408",193625,2017-12-14,2017,"1",NA,NA
"30","38031",NA,"3684000","10",NA,NA,NA,NA,NA,NA,NA,NA,NA,"115  6TH ST N CARRINGTON ND 584211425",190800,2020-02-21,2020,"1",NA,NA
"31","38031",NA,"3704000","10",NA,NA,NA,NA,NA,NA,NA,NA,NA,"690  KLOCKE DR  CARRINGTON ND 584211440",291000,2014-06-27,2014,"1",NA,NA
"32","38031",NA,"3709000","10",NA,NA,NA,NA,NA,NA,NA,NA,NA,"705  KLOCKE DR  CARRINGTON ND 584211441",340000,2016-07-19,2016,"1",NA,NA
"33","38031",NA,"3725000","10",NA,NA,NA,NA,NA,NA,NA,NA,NA,"ND",186500,2019-03-04,2019,"1",NA,NA
"34","38031",NA,"3748000","10",NA,NA,NA,NA,NA,NA,NA,NA,NA,"357  JOAL DR  CARRINGTON ND 584212238",116000,2010-10-18,2010,"1",NA,NA
"35","38031",NA,"3765000","10",NA,NA,NA,NA,NA,NA,NA,NA,NA,"460  MCKENZIE AVE  CARRINGTON ND 584212210",195100,2018-09-05,2018,"1",NA,NA
"36","38031",NA,"3814000","10",NA,NA,NA,NA,NA,NA,NA,NA,NA,"457  4TH AVE S CARRINGTON ND 584212301",80000,2005-01-25,2005,"1",NA,NA
"37","38031",NA,"3817000","10",NA,NA,NA,NA,NA,NA,NA,NA,NA,"533  4TH AVE S CARRINGTON ND 584212302",135000,2012-11-15,2012,"1",NA,NA
"38","38031",NA,"3819000","10",NA,NA,NA,NA,NA,NA,NA,NA,NA,"6540  9TH ST NE CARRINGTON ND 584218619",280000,2019-08-21,2019,"1",NA,NA
"39","38031",NA,"3827000","10",NA,NA,NA,NA,NA,NA,NA,NA,NA,"570  4TH ST S CARRINGTON ND 584212305",43300,2009-03-06,2009,"1",NA,NA
"40","38031",NA,"3834000","10",NA,NA,NA,NA,NA,NA,NA,NA,NA,"575  5TH ST S CARRINGTON ND 584212308",104081,2015-06-12,2015,"1",NA,NA
"41","38031",NA,"3932000","10",NA,NA,NA,NA,NA,NA,NA,NA,NA,"247  STELLA ST  GLENFIELD ND 584439508",56250,2019-11-12,2019,"1",NA,NA
"42","38031",NA,"3979000","10",NA,NA,NA,NA,NA,NA,NA,NA,NA,"ND",NA,2018-02-19,2018,"1",NA,NA
"43","38031",NA,"3987000","10",NA,NA,NA,NA,NA,NA,NA,NA,NA,"ND",NA,2019-12-05,2019,"1",NA,NA
"44","38031",NA,"4064000","10",NA,NA,NA,NA,NA,NA,NA,NA,NA,"ND",NA,2018-09-20,2018,"1",NA,NA
"45","38031",NA,"4070000","10",NA,NA,NA,NA,NA,NA,NA,NA,NA,"175  DRUMMOND ST  MCHENRY ND 584646416",25000,2019-08-26,2019,"1",NA,NA
"46","38031","380319596002386","1567007","10",4.11,179032,NA,NA,NA,NA,NA,NA,NA,"435  HIGHWAY 281  NE CARRINGTON ND 584218795",30000,2005-07-08,2005,"1",47.476097,-99.119195
"47","38031","380319596002417","1590001","10",60.05,2615778,NA,NA,NA,NA,NA,NA,NA,"ND",NA,2016-10-03,2016,"1",47.459264,-99.028032
"48","38031","380319596002403","1757001","10",2.07,90169,NA,NA,NA,NA,NA,NA,NA,"6010  HIGHWAY 200   CARRINGTON ND 584218677",325100,2009-01-13,2009,"1",47.456866,-99.263573
"49","38031","380319596002404","1815001","10",14.72,641203,NA,NA,NA,NA,NA,NA,NA,"6285  MAIN ST E CARRINGTON ND 584218656",328317.5,2017-09-13,2017,"1",47.417072,-99.208638
"50","38031",NA,"2115410","10",1.8,78408,NA,NA,NA,NA,NA,NA,NA,"290  VIOLA ST  JUANITA ND 584435301",13500,2006-11-16,2006,"1",NA,NA
"51","38031",NA,"2115610","10",NA,NA,NA,NA,NA,NA,NA,NA,NA,"9 N SHORE RD  GRACE CITY ND 584459231",58500,2012-08-31,2012,"1",NA,NA
"52","38031",NA,"2115620","10",NA,NA,NA,NA,NA,NA,NA,NA,NA,"ND",12000,2016-02-15,2016,"1",NA,NA
"53","38031",NA,"2115630","10",NA,NA,NA,NA,NA,NA,NA,NA,NA,"ND",5000,2012-10-01,2012,"1",NA,NA
"54","38031","380319596002119","2115836","10",0.44,19166,NA,NA,NA,NA,NA,NA,NA,"ND",NA,2015-08-27,2015,"1",47.552199,-98.727748
"55","38031","380319596002012","2119003","10",5.21,226948,NA,NA,NA,NA,NA,NA,NA,"ND",72850,2018-03-29,2018,"1",47.579457,-98.756613
"56","38031","380319596002102","2336001","10",2.36,102802,NA,NA,NA,NA,NA,NA,NA,"7350  9TH ST NE CARRINGTON ND 584218765",76500,2006-07-24,2006,"1",47.54372,-98.978816
"57","38031",NA,"2547200","10",NA,NA,NA,NA,NA,NA,NA,NA,NA,"ND",240000,2019-07-31,2019,"1",NA,NA
"58","38031",NA,"2715000","10",NA,NA,NA,NA,NA,NA,NA,NA,NA,"6270  7TH ST NE CARRINGTON ND 584218643",32000,2018-10-25,2018,"1",NA,NA
"59","38031",NA,"2815000","10",NA,NA,NA,NA,NA,NA,NA,NA,NA,"687  4TH ST S CARRINGTON ND 584212132",133000,2020-02-11,2020,"1",NA,NA
"60","38031",NA,"2825000","10",NA,NA,NA,NA,NA,NA,NA,NA,NA,"744  2ND ST S CARRINGTON ND 584212121",72000,2012-04-23,2012,"1",NA,NA
"61","38031",NA,"2846000","10",NA,NA,NA,NA,NA,NA,NA,NA,NA,"795  1ST ST S CARRINGTON ND 584212112",144000,2019-05-09,2019,"1",NA,NA
"62","38031",NA,"4097000","10",NA,NA,NA,NA,NA,NA,NA,NA,NA,"ND",25000,2019-02-25,2019,"1",NA,NA
"63","38031",NA,"4107000","10",NA,NA,NA,NA,NA,NA,NA,NA,NA,"149  HURD AVE  MCHENRY ND 584646411",27000,2015-07-29,2015,"1",NA,NA
"64","38031",NA,"4109000","10",NA,NA,NA,NA,NA,NA,NA,NA,NA,"ND",NA,2016-02-26,2016,"1",NA,NA
"65","38031",NA,"4185000","10",NA,NA,NA,NA,NA,NA,NA,NA,NA,"ND",NA,2009-05-15,2009,"1",NA,NA
"66","38031","380319596002423","834002","10",3.51,152896,NA,NA,NA,NA,NA,NA,NA,"6211  1ST ST SE CARRINGTON ND 584218662",133900,2020-01-02,2020,"1",47.400006,-99.220912
"67","38031","380319596002098","2327002","10",6.46,281398,NA,NA,NA,NA,NA,NA,NA,"905  74TH AVE NE CARRINGTON ND 584218764",294600,2015-12-31,2015,"1",47.545071,-98.970112
"68","38031",NA,"2547220","10",NA,NA,NA,NA,NA,NA,NA,NA,NA,"ND",240000,2019-07-31,2019,"1",NA,NA
"69","38031","380319596002337","2643001","10",1.01,43996,NA,NA,NA,NA,NA,NA,NA,"6575  8TH ST NE CARRINGTON ND 584218609",3e+05,2017-10-18,2017,"1",47.530301,-99.144808
"70","38031","380319596002337","2643002","10",20.22,880783,NA,NA,NA,NA,NA,NA,NA,"6555  8TH ST NE CARRINGTON ND 584218609",184000,2008-02-18,2008,"1",47.531632,-99.147559
"71","38031",NA,"2760000","10",NA,NA,NA,NA,NA,NA,NA,NA,NA,"290  7TH AVE N CARRINGTON ND 584211652",194750,2015-09-12,2015,"1",NA,NA
"72","38031",NA,"2772000","10",NA,NA,NA,NA,NA,NA,NA,NA,NA,"610  2ND ST N CARRINGTON ND 584211615",NA,2018-08-16,2018,"1",NA,NA
"73","38031",NA,"2777000","10",NA,NA,NA,NA,NA,NA,NA,NA,NA,"688  1ST ST N CARRINGTON ND 584211607",NA,2017-09-09,2017,"1",NA,NA
"74","38031",NA,"2798000","10",NA,NA,NA,NA,NA,NA,NA,NA,NA,"684  2ND ST S CARRINGTON ND 584212119",60000,2019-08-09,2019,"1",NA,NA
"75","38031",NA,"2806000","10",NA,NA,NA,NA,NA,NA,NA,NA,NA,"310  7TH AVE S CARRINGTON ND 584212164",43500,2010-06-03,2010,"1",NA,NA
"76","38031",NA,"2844000","10",NA,NA,NA,NA,NA,NA,NA,NA,NA,"737  1ST ST S CARRINGTON ND 584212112",1e+05,2019-08-29,2019,"1",NA,NA
"77","38031",NA,"2849000","10",NA,NA,NA,NA,NA,NA,NA,NA,NA,"720  1ST ST N CARRINGTON ND 584211609",NA,2018-01-16,2018,"1",NA,NA
"78","38031",NA,"2858000","10",NA,NA,NA,NA,NA,NA,NA,NA,NA,"775  1ST ST N CARRINGTON ND 584211608",79000,2010-06-07,2010,"1",NA,NA
"79","38031",NA,"2894000","10",NA,NA,NA,NA,NA,NA,NA,NA,NA,"ND",143900,2017-04-07,2017,"1",NA,NA
"80","38031",NA,"2928000","10",NA,NA,NA,NA,NA,NA,NA,NA,NA,"ND",22600,2017-05-25,2017,"1",NA,NA
"81","38031",NA,"3043000","10",NA,NA,NA,NA,NA,NA,NA,NA,NA,"1055  2ND ST N CARRINGTON ND 584211101",83100,2014-10-22,2014,"1",NA,NA
"82","38031",NA,"3049000","10",NA,NA,NA,NA,NA,NA,NA,NA,NA,"1022  2ND ST N CARRINGTON ND 584211102",65000,2019-08-13,2019,"1",NA,NA
"83","38031",NA,"3248000","10",NA,NA,NA,NA,NA,NA,NA,NA,NA,"202  15TH AVE N CARRINGTON ND 584211002",270000,2016-04-04,2016,"1",NA,NA
"84","38031",NA,"3265000","10",NA,NA,NA,NA,NA,NA,NA,NA,NA,"1475  2ND ST S CARRINGTON ND 584211809",165000,2018-10-31,2018,"1",NA,NA
"85","38031",NA,"3307000","10",NA,NA,NA,NA,NA,NA,NA,NA,NA,"283  15TH AVE N CARRINGTON ND 584211001",75000,2005-10-11,2005,"1",NA,NA
"86","38031",NA,"3344000","10",NA,NA,NA,NA,NA,NA,NA,NA,NA,"460  11TH AVE N CARRINGTON ND 584211131",179604.26,2017-09-08,2017,"1",NA,NA
"87","38031",NA,"3403000","10",NA,NA,NA,NA,NA,NA,NA,NA,NA,"498  8TH ST N CARRINGTON ND 58421",NA,2017-07-26,2017,"1",NA,NA
"88","38031",NA,"3446000","10",NA,NA,NA,NA,NA,NA,NA,NA,NA,"509  6TH AVE S CARRINGTON ND 584212320",NA,2018-09-11,2018,"1",NA,NA
"89","38031",NA,"3514000","10",NA,NA,NA,NA,NA,NA,NA,NA,NA,"530  1ST ST S CARRINGTON ND 584212109",82000,2012-04-02,2012,"1",NA,NA
"90","38031",NA,"3530000","10",NA,NA,NA,NA,NA,NA,NA,NA,NA,"325  5TH AVE S CARRINGTON ND 584212142",205140.1,2011-03-05,2011,"1",NA,NA
"91","38031",NA,"3540000","10",NA,NA,NA,NA,NA,NA,NA,NA,NA,"415  4TH ST S CARRINGTON ND 584212130",NA,2017-11-21,2017,"1",NA,NA
"92","38031",NA,"3551000","10",NA,NA,NA,NA,NA,NA,NA,NA,NA,"ND",170000,2020-03-03,2020,"1",NA,NA
"93","38031",NA,"3586000","10",NA,NA,NA,NA,NA,NA,NA,NA,NA,"295  1ST ST N CARRINGTON ND 584211717",125000,2016-03-18,2016,"1",NA,NA
"94","38031",NA,"3594000","10",NA,NA,NA,NA,NA,NA,NA,NA,NA,"267  2ND ST N CARRINGTON ND 584211705",112063,2016-10-28,2016,"1",NA,NA
"95","38031",NA,"3611000","10",NA,NA,NA,NA,NA,NA,NA,NA,NA,"155  1ST AVE N CARRINGTON ND 584211733",95000,2014-07-31,2014,"1",NA,NA
"96","38031",NA,"3640000","10",NA,NA,NA,NA,NA,NA,NA,NA,NA,"305  MAIN ST  CARRINGTON ND 584211732",167500,2018-10-29,2018,"1",NA,NA
"97","38031",NA,"3654000","10",NA,NA,NA,NA,NA,NA,NA,NA,NA,"320  2ND ST S CARRINGTON ND 58421",46500,2018-09-20,2018,"1",NA,NA
"98","38031",NA,"3678000","10",0.5,21780,NA,NA,NA,NA,NA,NA,NA,"6723  HIGHWAY 200   CARRINGTON ND 584218701",1e+05,2018-07-19,2018,"1",NA,NA
"99","38031",NA,"3693000","10",NA,NA,NA,NA,NA,NA,NA,NA,NA,"118  6TH ST N CARRINGTON ND 584211426",173417,2011-03-25,2011,"1",NA,NA
"100","38031",NA,"3696000","10",NA,NA,NA,NA,NA,NA,NA,NA,NA,"390  2ND AVE N CARRINGTON ND 584211702",NA,2018-12-11,2018,"1",NA,NA
"101","38031",NA,"3706000","10",NA,NA,NA,NA,NA,NA,NA,NA,NA,"670  KLOCKE DR  CARRINGTON ND 584211440",475100,2014-06-24,2014,"1",NA,NA
"102","38031",NA,"3767000","10",NA,NA,NA,NA,NA,NA,NA,NA,NA,"420  MCKENZIE AVE  CARRINGTON ND 584212210",87000,2008-12-04,2008,"1",NA,NA
"103","38031",NA,"3780000","10",NA,NA,NA,NA,NA,NA,NA,NA,NA,"601  MCKENZIE AVE  CARRINGTON ND 584212223",296875,2017-10-05,2017,"1",NA,NA
"104","38031",NA,"3810000","10",NA,NA,NA,NA,NA,NA,NA,NA,NA,"ND",71000,2004-10-20,2004,"1",NA,NA
"105","38031",NA,"3816000","10",NA,NA,NA,NA,NA,NA,NA,NA,NA,"515  4TH AVE S CARRINGTON ND 584212302",52000,2009-07-09,2009,"1",NA,NA
"106","38031","380319596002177","1009001","10",7.5,326700,NA,NA,NA,NA,NA,NA,NA,"612  5TH AVE S CARRINGTON ND 58421",NA,2018-06-22,2018,"1",47.481258,-98.51968
"107","38031","380319596002386","1566001","10",38.2,1663992,NA,NA,NA,NA,NA,NA,NA,"455  HIGHWAY 281  NE CARRINGTON ND 584218795",NA,2008-10-09,2008,"1",47.478164,-99.122949
"108","38031","380319596002386","1566012","10",1.01,43996,NA,NA,NA,NA,NA,NA,NA,"251  CROSSROADS ESTATES DR  CARRINGTON ND 584218922",31000,2012-11-21,2012,"1",47.472757,-99.12211
"109","38031","380319596002386","1567006","10",2.47,107593,NA,NA,NA,NA,NA,NA,NA,"411  HIGHWAY 281  NE CARRINGTON ND 584218795",125000,2009-06-17,2009,"1",47.47231,-99.118317
"110","38031","380319596002386","1567008","10",4.48,195149,NA,NA,NA,NA,NA,NA,NA,"451  HIGHWAY 281  NE CARRINGTON ND 584218795",150000,2008-04-22,2008,"1",47.476976,-99.119385
"111","38031","380319596002414","1602004","10",1,43560,NA,NA,NA,NA,NA,NA,NA,"6875  HIGHWAY 200   CARRINGTON ND 584218702",82500,2011-09-21,2011,"1",47.457846,-99.089701
"112","38031","380319596001000","1618000","10",1.77,77153,NA,NA,NA,NA,NA,NA,NA,"ND",30000,2011-10-28,2011,"1",47.446987,-99.107496
"113","38031","380319596002152","1914001","10",3.87,168577,NA,NA,NA,NA,NA,NA,NA,"816  HIGHWAY 20  NE MCHENRY ND 584649340",141906,2016-07-05,2016,"1",47.532778,-98.563011
"114","38031",NA,"2115560","10",NA,NA,NA,NA,NA,NA,NA,NA,NA,"ND",NA,2013-01-02,2013,"1",NA,NA
"115","38031",NA,"3830000","10",NA,NA,NA,NA,NA,NA,NA,NA,NA,"500  4TH ST S CARRINGTON ND 584212305",135475,2014-11-24,2014,"1",NA,NA
"116","38031",NA,"3832000","10",NA,NA,NA,NA,NA,NA,NA,NA,NA,"521  5TH ST S CARRINGTON ND 584212308",71000,2007-05-15,2007,"1",NA,NA
"117","38031",NA,"3850000","10",NA,NA,NA,NA,NA,NA,NA,NA,NA,"680  6TH ST S CARRINGTON ND 584212334",78900,2007-03-14,2007,"1",NA,NA
"118","38031",NA,"3926000","10",NA,NA,NA,NA,NA,NA,NA,NA,NA,"251  GLENFIELD ST  GLENFIELD ND 584435008",NA,2010-09-10,2010,"1",NA,NA
"119","38031",NA,"3928000","10",NA,NA,NA,NA,NA,NA,NA,NA,NA,"219  CHURCH AVE  GLENFIELD ND 584439501",NA,2019-09-09,2019,"1",NA,NA
"120","38031",NA,"3934000","10",NA,NA,NA,NA,NA,NA,NA,NA,NA,"ND",11000,2008-12-01,2008,"1",NA,NA
"121","38031",NA,"3962000","10",NA,NA,NA,NA,NA,NA,NA,NA,NA,"ND",65000,2019-07-01,2019,"1",NA,NA
"122","38031",NA,"675490","10",NA,NA,NA,NA,NA,NA,NA,NA,NA,"285  SPRUCE ST  BORDULAC ND 584215104",30000,2019-01-17,2019,"1",NA,NA
"123","38031",NA,"2752000","10",NA,NA,NA,NA,NA,NA,NA,NA,NA,"650  4TH ST N CARRINGTON ND 584211666",5000,2009-02-05,2009,"1",NA,NA
"124","38031",NA,"2758000","10",NA,NA,NA,NA,NA,NA,NA,NA,NA,"665  3RD ST N CARRINGTON ND 584211622",NA,2018-11-20,2018,"1",NA,NA
"125","38031",NA,"2767000","10",NA,NA,NA,NA,NA,NA,NA,NA,NA,"675  2ND ST N CARRINGTON ND 584211614",30000,2007-11-05,2007,"1",NA,NA
"126","38031",NA,"2797000","10",NA,NA,NA,NA,NA,NA,NA,NA,NA,"172  7TH AVE S CARRINGTON ND 584212155",15100,2008-04-18,2008,"1",NA,NA
"127","38031",NA,"2819000","10",NA,NA,NA,NA,NA,NA,NA,NA,NA,"711  4TH ST S CARRINGTON ND 584212133",NA,2017-10-21,2017,"1",NA,NA
"128","38031",NA,"2881000","10",NA,NA,NA,NA,NA,NA,NA,NA,NA,"825  3RD ST N CARRINGTON ND 584211210",37000,2016-11-25,2016,"7",NA,NA
"129","38031",NA,"2897000","10",0.09,3773,NA,NA,NA,NA,NA,NA,NA,"847  1ST ST N CARRINGTON ND 584211201",NA,2019-01-16,2019,"1",NA,NA
"130","38031",NA,"2929000","10",NA,NA,NA,NA,NA,NA,NA,NA,NA,"825  2ND ST S CARRINGTON ND 584212025",25000,2011-06-09,2011,"1",NA,NA
"131","38031",NA,"2938000","10",NA,NA,NA,NA,NA,NA,NA,NA,NA,"857  3RD ST S CARRINGTON ND 584212009",261350,2014-08-25,2014,"1",NA,NA
"132","38031",NA,"3021000","10",NA,NA,NA,NA,NA,NA,NA,NA,NA,"944  4TH ST N CARRINGTON ND 584211219",33500,2008-07-29,2008,"1",NA,NA
"133","38031",NA,"3068000","10",NA,NA,NA,NA,NA,NA,NA,NA,NA,"ND",20000,2008-10-24,2008,"1",NA,NA
"134","38031",NA,"3114000","10",NA,NA,NA,NA,NA,NA,NA,NA,NA,"1146  3RD ST N CARRINGTON ND 584211108",18255,2008-01-29,2008,"1",NA,NA
"135","38031",NA,"3173000","10",NA,NA,NA,NA,NA,NA,NA,NA,NA,"1390  3RD ST S CARRINGTON ND 584211814",12500,2008-10-27,2008,"1",NA,NA
"136","38031",NA,"3174000","10",NA,NA,NA,NA,NA,NA,NA,NA,NA,"CARRINGTON ND 58421",42500,2013-08-23,2013,"1",NA,NA
"137","38031",NA,"3212000","10",NA,NA,NA,NA,NA,NA,NA,NA,NA,"1370  2ND ST N CARRINGTON ND 584211513",65500,2007-04-20,2007,"1",NA,NA
"138","38031",NA,"3246000","10",NA,NA,NA,NA,NA,NA,NA,NA,NA,"1435  2ND ST N CARRINGTON ND 584211014",NA,2018-02-01,2018,"1",NA,NA
"139","38031",NA,"3250000","10",NA,NA,NA,NA,NA,NA,NA,NA,NA,"ND",8000,2008-10-29,2008,"1",NA,NA
"140","38031",NA,"3263000","10",NA,NA,NA,NA,NA,NA,NA,NA,NA,"195  14TH AVE S CARRINGTON ND 584211822",148000,2019-09-16,2019,"1",NA,NA
"141","38031",NA,"3301000","10",NA,NA,NA,NA,NA,NA,NA,NA,NA,"189  15TH AVE N CARRINGTON ND 584211531",NA,2018-02-13,2018,"1",NA,NA
"142","38031",NA,"3306000","10",NA,NA,NA,NA,NA,NA,NA,NA,NA,"1540  3RD ST N CARRINGTON ND 584211023",95000,2018-10-08,2018,"1",NA,NA
"143","38031",NA,"3345000","10",NA,NA,NA,NA,NA,NA,NA,NA,NA,"1046  5TH ST N CARRINGTON ND 584211113",NA,2019-01-10,2019,"1",NA,NA
"144","38031",NA,"3347000","10",NA,NA,NA,NA,NA,NA,NA,NA,NA,"489  10TH AVE N CARRINGTON ND 584211122",NA,2012-05-29,2012,"1",NA,NA
"145","38031",NA,"3387000","10",NA,NA,NA,NA,NA,NA,NA,NA,NA,"538  3RD ST N CARRINGTON ND 584211621",14000,2011-10-28,2011,"1",NA,NA
"146","38031",NA,"3432000","10",NA,NA,NA,NA,NA,NA,NA,NA,NA,"270  5TH AVE N CARRINGTON ND 584211635",133000,2013-05-29,2013,"1",NA,NA
"147","38031",NA,"3458000","10",NA,NA,NA,NA,NA,NA,NA,NA,NA,"831  TH ST N CARRINGTON ND 58421",116000,2018-05-07,2018,"1",NA,NA
"148","38031",NA,"3531000","10",NA,NA,NA,NA,NA,NA,NA,NA,NA,"503  4TH ST S CARRINGTON ND 584212131",98500,2008-02-13,2008,"1",NA,NA
"149","38031",NA,"3532000","10",NA,NA,NA,NA,NA,NA,NA,NA,NA,"515  JOAL DR  CARRINGTON ND 584212203",79900,2019-06-25,2019,"1",NA,NA
"150","38031",NA,"3657000","10",NA,NA,NA,NA,NA,NA,NA,NA,NA,"263  3RD AVE S CARRINGTON ND 584212219",129000,2019-08-12,2019,"1",NA,NA
"151","38031",NA,"3683000","10",NA,NA,NA,NA,NA,NA,NA,NA,NA,"120  7TH ST N CARRINGTON ND 584211424",117500,2011-05-02,2011,"1",NA,NA
"152","38031",NA,"3691000","10",NA,NA,NA,NA,NA,NA,NA,NA,NA,"125  5TH ST N CARRINGTON ND 584211427",210000,2016-07-19,2016,"1",NA,NA
"153","38031",NA,"3723000","10",NA,NA,NA,NA,NA,NA,NA,NA,NA,"32  2ND ST S CARRINGTON ND 584212231",350000,2019-12-12,2019,"1",NA,NA
"154","38031",NA,"3871000","10",NA,NA,NA,NA,NA,NA,NA,NA,NA,"700  4TH ST S CARRINGTON ND 584212307",76000,2010-10-08,2010,"1",NA,NA
"155","38031",NA,"3927000","10",NA,NA,NA,NA,NA,NA,NA,NA,NA,"ND",18100,2013-06-03,2013,"1",NA,NA
"156","38031",NA,"3937000","10",NA,NA,NA,NA,NA,NA,NA,NA,NA,"143  STELLA ST  GLENFIELD ND 584439506",98750,2017-11-09,2017,"1",NA,NA
"157","38031","380319596002700","1044002","10",6.92,301435,NA,NA,NA,NA,NA,NA,NA,"9262  3RD ST NE GLENFIELD ND 58443",NA,2018-05-07,2018,"1",47.451834,-98.573319
"158","38031","380319596002386","1567004","10",1.7,74052,NA,NA,NA,NA,NA,NA,NA,"407  HIGHWAY 281  NE CARRINGTON ND 584218795",NA,2017-04-03,2017,"1",47.473308,-99.119546
"159","38031",NA,"1602008","10",1,43560,NA,NA,NA,NA,NA,NA,NA,"6905  HIGHWAY 200   CARRINGTON ND 584218704",382500,2019-06-05,2019,"1",NA,NA
"160","38031",NA,"2115225","10",NA,NA,NA,NA,NA,NA,NA,NA,NA,"659  89TH AVE NE GLENFIELD ND 584439310",8000,2019-10-08,2019,"1",NA,NA
"161","38031",NA,"2115430","10",NA,NA,NA,NA,NA,NA,NA,NA,NA,"8225  HIGHWAY 9   KENSAL ND 584559700",NA,2017-05-02,2017,"1",NA,NA
"162","38031",NA,"2115505","10",NA,NA,NA,NA,NA,NA,NA,NA,NA,"ND",NA,2016-01-12,2016,"1",NA,NA
"163","38031",NA,"4046000","10",NA,NA,NA,NA,NA,NA,NA,NA,NA,"ND",25000,2018-11-06,2018,"1",NA,NA
"164","38031",NA,"4048000","10",NA,NA,NA,NA,NA,NA,NA,NA,NA,"219  JOHNSTON ST  MCHENRY ND 584646420",NA,2019-12-10,2019,"1",NA,NA
"165","38031",NA,"4060000","10",NA,NA,NA,NA,NA,NA,NA,NA,NA,"241  91ST AVE NE GLENFIELD ND 584439354",15000,2010-09-08,2010,"1",NA,NA
"166","38031",NA,"4062000","10",NA,NA,NA,NA,NA,NA,NA,NA,NA,"ND",NA,2018-09-20,2018,"1",NA,NA
"167","38031",NA,"4081000","10",NA,NA,NA,NA,NA,NA,NA,NA,NA,"ND",NA,2010-02-09,2010,"1",NA,NA
"168","38031",NA,"4085000","10",NA,NA,NA,NA,NA,NA,NA,NA,NA,"ND",NA,2010-09-16,2010,"1",NA,NA
"169","38031",NA,"2778000","10",NA,NA,NA,NA,NA,NA,NA,NA,NA,"656  1ST ST N CARRINGTON ND 584211607",91000,2018-06-05,2018,"1",NA,NA
"170","38031",NA,"2786000","10",NA,NA,NA,NA,NA,NA,NA,NA,NA,"664  MAIN ST  CARRINGTON ND 584212104",73250,2019-04-12,2019,"1",NA,NA
"171","38031",NA,"2802000","10",NA,NA,NA,NA,NA,NA,NA,NA,NA,"645  3RD ST S CARRINGTON ND 584212126",NA,2017-11-27,2017,"1",NA,NA
"172","38031",NA,"2838000","10",NA,NA,NA,NA,NA,NA,NA,NA,NA,"785  2ND ST S CARRINGTON ND 584212120",NA,2018-04-20,2018,"1",NA,NA
"173","38031",NA,"2875000","10",NA,NA,NA,NA,NA,NA,NA,NA,NA,"340  8TH AVE N CARRINGTON ND 584211234",33000,2008-06-30,2008,"1",NA,NA
"174","38031",NA,"2891000","10",NA,NA,NA,NA,NA,NA,NA,NA,NA,"830  2ND ST N CARRINGTON ND 584211206",NA,2010-06-24,2010,"1",NA,NA
"175","38031",NA,"2901000","10",0.09,3792,NA,NA,NA,NA,NA,NA,NA,"887  1ST ST N CARRINGTON ND 584211201",95000,2019-10-04,2019,"1",NA,NA
"176","38031",NA,"3004000","10",NA,NA,NA,NA,NA,NA,NA,NA,NA,"ND",NA,2017-11-17,2017,"1",NA,NA
"177","38031",NA,"3023000","10",NA,NA,NA,NA,NA,NA,NA,NA,NA,"311  9TH AVE N CARRINGTON ND 584211245",NA,2017-05-12,2017,"1",NA,NA
"178","38031",NA,"3040000","10",NA,NA,NA,NA,NA,NA,NA,NA,NA,"263  10TH AVE N CARRINGTON ND 584211120",26500,2005-05-25,2005,"1",NA,NA
"179","38031",NA,"3067000","10",NA,NA,NA,NA,NA,NA,NA,NA,NA,"1075  3RD ST S CARRINGTON ND 584211912",NA,2011-07-06,2011,"1",NA,NA
"180","38031",NA,"3070000","10",NA,NA,NA,NA,NA,NA,NA,NA,NA,"320  11TH AVE S CARRINGTON ND 584211942",175100,2018-08-24,2018,"1",NA,NA
"181","38031",NA,"3130000","10",NA,NA,NA,NA,NA,NA,NA,NA,NA,"1205  3RD ST N CARRINGTON ND 584211149",NA,2012-07-06,2012,"1",NA,NA
"182","38031",NA,"3162000","10",NA,NA,NA,NA,NA,NA,NA,NA,NA,"259  12TH AVE S CARRINGTON ND 584211949",55000,2006-04-10,2006,"1",NA,NA
"183","38031",NA,"3168001","10",NA,NA,NA,NA,NA,NA,NA,NA,NA,"5941  7TH ST NE CARRINGTON ND 584218803",155000,2008-10-29,2008,"1",NA,NA
"184","38031",NA,"3169000","10",NA,NA,NA,NA,NA,NA,NA,NA,NA,"393  12TH AVE S CARRINGTON ND 584211951",NA,2014-01-13,2014,"1",NA,NA
"185","38031",NA,"3175000","10",NA,NA,NA,NA,NA,NA,NA,NA,NA,"1336  3RD ST S CARRINGTON ND 584211814",148258.91,2018-01-16,2018,"1",NA,NA
"186","38031",NA,"3179000","10",NA,NA,NA,NA,NA,NA,NA,NA,NA,"380  14TH AVE S CARRINGTON ND 584211818",4000,2011-11-02,2011,"1",NA,NA
"187","38031",NA,"3190000","10",NA,NA,NA,NA,NA,NA,NA,NA,NA,"1350  1ST ST S CARRINGTON ND 584211804",50000,2013-08-22,2013,"1",NA,NA
"188","38031",NA,"3194000","10",NA,NA,NA,NA,NA,NA,NA,NA,NA,"1335  2ND ST S CARRINGTON ND 584211807",NA,2009-01-06,2009,"1",NA,NA
"189","38031",NA,"3200000","10",NA,NA,NA,NA,NA,NA,NA,NA,NA,"1355  1ST ST S CARRINGTON ND 584211803",10000,2019-10-28,2019,"1",NA,NA
"190","38031",NA,"3211000","10",NA,NA,NA,NA,NA,NA,NA,NA,NA,"160  14TH AVE N CARRINGTON ND 584211522",57350,2005-08-26,2005,"1",NA,NA
"191","38031",NA,"3239000","10",NA,NA,NA,NA,NA,NA,NA,NA,NA,"1425  3RD ST N CARRINGTON ND 584211024",NA,2019-08-17,2019,"1",NA,NA
"192","38031",NA,"3273000","10",NA,NA,NA,NA,NA,NA,NA,NA,NA,"1491  3RD ST S CARRINGTON ND 584211815",NA,2015-08-24,2015,"1",NA,NA
"193","38031",NA,"3335000","10",NA,NA,NA,NA,NA,NA,NA,NA,NA,"ND",39350,2017-08-10,2017,"1",NA,NA
"194","38031",NA,"3341000","10",NA,NA,NA,NA,NA,NA,NA,NA,NA,"1155  4TH ST N CARRINGTON ND 584211111",NA,2009-06-18,2009,"1",NA,NA
"195","38031",NA,"3343000","10",NA,NA,NA,NA,NA,NA,NA,NA,NA,"486  11TH AVE N CARRINGTON ND 584211131",NA,2016-11-03,2016,"1",NA,NA
"196","38031",NA,"3385000","10",NA,NA,NA,NA,NA,NA,NA,NA,NA,"6840  11TH ST NE CARRINGTON ND 584218785",NA,2018-09-14,2018,"1",NA,NA
"197","38031",NA,"3524000","10",NA,NA,NA,NA,NA,NA,NA,NA,NA,"275  5TH AVE S CARRINGTON ND 584212140",190000,2008-08-04,2008,"1",NA,NA
"198","38031",NA,"3544000","10",NA,NA,NA,NA,NA,NA,NA,NA,NA,"464  2ND ST S CARRINGTON ND 584212115",105000,2015-10-01,2015,"1",NA,NA
"199","38031",NA,"3560000","10",NA,NA,NA,NA,NA,NA,NA,NA,NA,"262  4TH AVE N CARRINGTON ND 584211735",140000,2010-11-29,2010,"1",NA,NA
"200","38031",NA,"3572000","10",NA,NA,NA,NA,NA,NA,NA,NA,NA,"305  1ST ST N CARRINGTON ND 584211719",135100,2018-11-14,2018,"1",NA,NA
"201","38031",NA,"3592000","10",NA,NA,NA,NA,NA,NA,NA,NA,NA,"211  2ND ST N CARRINGTON ND 584211705",45500.5,2006-11-21,2006,"1",NA,NA
"202","38031",NA,"3610000","10",NA,NA,NA,NA,NA,NA,NA,NA,NA,"175  1ST AVE N CARRINGTON ND 584211733",NA,2009-04-07,2009,"1",NA,NA
"203","38031",NA,"3667000","10",NA,NA,NA,NA,NA,NA,NA,NA,NA,"660  4TH AVE N CARRINGTON ND 584211438",14000,2008-03-25,2008,"1",NA,NA
"204","38031",NA,"3726000","10",NA,NA,NA,NA,NA,NA,NA,NA,NA,"ND",186500,2019-03-04,2019,"1",NA,NA
"205","38031",NA,"3736000","10",NA,NA,NA,NA,NA,NA,NA,NA,NA,"24  2ND ST S CARRINGTON ND 584212231",235000,2019-02-27,2019,"1",NA,NA
"206","38031",NA,"3750000","10",NA,NA,NA,NA,NA,NA,NA,NA,NA,"377  JOAL DR  CARRINGTON ND 584212238",85000,2010-08-09,2010,"1",NA,NA
"207","38031",NA,"3752000","10",NA,NA,NA,NA,NA,NA,NA,NA,NA,"9215  5TH ST NE MCHENRY ND 584649326",129000,2019-01-23,2019,"1",NA,NA
"208","38031",NA,"3755000","10",NA,NA,NA,NA,NA,NA,NA,NA,NA,"338  JOAL DR  CARRINGTON ND 584212239",115100,2018-07-27,2018,"1",NA,NA
"209","38031",NA,"3757000","10",NA,NA,NA,NA,NA,NA,NA,NA,NA,"360  JOAL DR  CARRINGTON ND 584212239",148000,2013-03-05,2013,"1",NA,NA
"210","38031",NA,"3828000","10",NA,NA,NA,NA,NA,NA,NA,NA,NA,"ND",28500,2011-10-20,2011,"1",NA,NA
"211","38031",NA,"3845000","10",NA,NA,NA,NA,NA,NA,NA,NA,NA,"555  6TH ST S CARRINGTON ND 584212316",95000,2015-12-18,2015,"1",NA,NA
"212","38031",NA,"3870000","10",NA,NA,NA,NA,NA,NA,NA,NA,NA,"710  4TH ST S CARRINGTON ND 584212307",143850,2014-05-12,2014,"1",NA,NA
"213","38031",NA,"3873000","10",0.69,30056,NA,NA,NA,NA,NA,NA,NA,"710  4TH AVE S CARRINGTON ND 584212337",116000,2019-10-03,2019,"1",NA,NA
"214","38031",NA,"3916250","10",0.33,14375,NA,NA,NA,NA,NA,NA,NA,"1941  MAIN ST  CARRINGTON ND 584218616",277000,2019-09-30,2019,"3",NA,NA
"215","38031",NA,"3916255","10",0.33,14375,NA,NA,NA,NA,NA,NA,NA,"1929  MAIN ST  CARRINGTON ND 584218616",259000,2019-05-20,2019,"3",NA,NA
"216","38031","380319596002435","1448001","10",12.88,561053,NA,NA,NA,NA,NA,NA,NA,"361  77TH AVE NE CARRINGTON ND 584218732",78850,2018-05-29,2018,"1",47.465845,-98.905927
"217","38031","380319596002317","1557004","10",9.99,435164,NA,NA,NA,NA,NA,NA,NA,"578  HIGHWAY 281  NE CARRINGTON ND 584218790",NA,2018-12-20,2018,"1",47.496169,-99.115678
"218","38031","380319596003000","1606013","10",0.69,30056,NA,NA,NA,NA,NA,NA,NA,"340  HIGHWAY 281  NE CARRINGTON ND 584218796",140775,2011-06-14,2011,"1",47.463598,-99.116389
"219","38031","380319596002077","2442001","10",12.5,544500,NA,NA,NA,NA,NA,NA,NA,"6925  10TH ST NE CARRINGTON ND 584218915",285000,2016-02-19,2016,"1",47.559416,-99.070437
"220","38031",NA,"3994000","10",NA,NA,NA,NA,NA,NA,NA,NA,NA,"ND",NA,2018-09-05,2018,"1",NA,NA
"221","38031",NA,"4071000","10",NA,NA,NA,NA,NA,NA,NA,NA,NA,"187  DRUMMOND ST  MCHENRY ND 58464",50000,2013-06-13,2013,"1",NA,NA
"222","38031",NA,"4095000","10",NA,NA,NA,NA,NA,NA,NA,NA,NA,"120  DRUMMUND ST  MCHENRY ND 584646423",88850,2012-07-02,2012,"1",NA,NA
"223","38031",NA,"4118000","10",0.49,21344,NA,NA,NA,NA,NA,NA,NA,"160  JONES AVE  MCHENRY ND 58464",NA,2011-09-08,2011,"1",NA,NA
"224","38031",NA,"4180001","10",NA,NA,NA,NA,NA,NA,NA,NA,NA,"1680  HIGHWAY 281   NEW ROCKFORD ND 583568765",NA,2018-06-04,2018,"1",NA,NA
"225","38031","380319596002669","505001","10",3.43,149411,NA,NA,NA,NA,NA,NA,NA,"7870  4TH ST SE CARRINGTON ND 584218532",275000,2018-12-04,2018,"1",47.355163,-98.871869
"226","38031",NA,"3732000","10",NA,NA,NA,NA,NA,NA,NA,NA,NA,"21  3RD ST S CARRINGTON ND 584212242",174000,2019-10-09,2019,"1",NA,NA
"227","38031",NA,"3754000","10",NA,NA,NA,NA,NA,NA,NA,NA,NA,"328  JOAL DR  CARRINGTON ND 584212239",80000,2007-07-02,2007,"1",NA,NA
"228","38031",NA,"3777000","10",NA,NA,NA,NA,NA,NA,NA,NA,NA,"545  JOAL DR  CARRINGTON ND 584212203",3800,2014-03-28,2014,"1",NA,NA
"229","38031",NA,"3806000","10",NA,NA,NA,NA,NA,NA,NA,NA,NA,"550  5TH AVE S CARRINGTON ND 584212313",83500,2007-08-31,2007,"1",NA,NA
"230","38031",NA,"3807000","10",NA,NA,NA,NA,NA,NA,NA,NA,NA,"530  5TH AVE S CARRINGTON ND 584212313",107070,2017-01-01,2017,"1",NA,NA
"231","38031",NA,"3826000","10",NA,NA,NA,NA,NA,NA,NA,NA,NA,"594  4TH ST S CARRINGTON ND 584212305",NA,2012-10-25,2012,"1",NA,NA
"232","38031",NA,"3835000","10",NA,NA,NA,NA,NA,NA,NA,NA,NA,"607  5TH ST S CARRINGTON ND 584212339",154375,2013-10-31,2013,"1",NA,NA
"233","38031",NA,"3839000","10",NA,NA,NA,NA,NA,NA,NA,NA,NA,"602  5TH ST S CARRINGTON ND 584212338",93000,2013-08-30,2013,"1",NA,NA
"234","38031",NA,"4045000","10",NA,NA,NA,NA,NA,NA,NA,NA,NA,"ND",NA,2019-07-01,2019,"1",NA,NA
"235","38031",NA,"4175000","10",NA,NA,NA,NA,NA,NA,NA,NA,NA,"127  GEORGE ST  GRACE CITY ND 584459114",60000,2009-11-17,2009,"6",NA,NA
"236","38031",NA,"675430","10",NA,NA,NA,NA,NA,NA,NA,NA,NA,"115  SPRUCE ST  BORDULAC ND 584215106",NA,2019-08-07,2019,"1",NA,NA
"237","38031","380319596002555","700001","10",21.22,924343,NA,NA,NA,NA,NA,NA,NA,"113  67TH AVE SE CARRINGTON ND 584218527",375000,2019-06-14,2019,"1",47.398432,-99.120122
"238","38031","380319596002276","1273001","10",14.74,642074,NA,NA,NA,NA,NA,NA,NA,"580  78TH AVE NE CARRINGTON ND 584218905",84600,2013-08-06,2013,"1",47.496842,-98.882683
"239","38031","380319596002386","1566013","10",1.01,43996,NA,NA,NA,NA,NA,NA,NA,"351  CROSSROADS ESTATES DR  CARRINGTON ND 584218918",374900,2019-09-20,2019,"1",47.473272,-99.122122
"240","38031","380319596002414","1602005","10",1,43560,NA,NA,NA,NA,NA,NA,NA,"6885  HIGHWAY 200   CARRINGTON ND 584218702",181625,2015-12-18,2015,"1",47.457845,-99.088874
"241","38031",NA,"2115615","10",NA,NA,NA,NA,NA,NA,NA,NA,NA,"ND",12000,2016-02-16,2016,"1",NA,NA
"242","38031",NA,"2115718","10",NA,NA,NA,NA,NA,NA,NA,NA,NA,"617  7TH AVE S NEW ROCKFORD ND 583562109",NA,2009-10-07,2009,"1",NA,NA
"243","38031","380319596002119","2115850","10",0.42,18295,NA,NA,NA,NA,NA,NA,NA,"ND",NA,2017-09-26,2017,"1",47.551068,-98.733368
"244","38031",NA,"2754000","10",NA,NA,NA,NA,NA,NA,NA,NA,NA,"367  6TH AVE N CARRINGTON ND 584211644",65000,2016-09-16,2016,"1",NA,NA
"245","38031",NA,"2759000","10",NA,NA,NA,NA,NA,NA,NA,NA,NA,"695  3RD ST N CARRINGTON ND 584211622",16000,2010-05-11,2010,"1",NA,NA
"246","38031",NA,"2795000","10",NA,NA,NA,NA,NA,NA,NA,NA,NA,"621  2ND ST S CARRINGTON ND 584212118",70000,2016-02-01,2016,"1",NA,NA
"247","38031",NA,"2812000","10",NA,NA,NA,NA,NA,NA,NA,NA,NA,"633  4TH ST S CARRINGTON ND 584212132",122000,2010-02-25,2010,"1",NA,NA
"248","38031",NA,"2826000","10",NA,NA,NA,NA,NA,NA,NA,NA,NA,"738  2ND ST S CARRINGTON ND 584212121",55000,2012-01-10,2012,"1",NA,NA
"249","38031",NA,"2827000","10",NA,NA,NA,NA,NA,NA,NA,NA,NA,"211  7TH AVE S CARRINGTON ND 584212156",18000,2006-07-11,2006,"1",NA,NA
"250","38031",NA,"2884000","10",NA,NA,NA,NA,NA,NA,NA,NA,NA,"344  9TH AVE N CARRINGTON ND 584211246",48095.19,2009-12-18,2009,"1",NA,NA
"251","38031",NA,"2954000","10",NA,NA,NA,NA,NA,NA,NA,NA,NA,"161  9TH AVE S CARRINGTON ND 584212019",85000,2013-05-07,2013,"1",NA,NA
"252","38031",NA,"2999000","10",NA,NA,NA,NA,NA,NA,NA,NA,NA,"193  9TH AVE N CARRINGTON ND 584211241",NA,2014-04-04,2014,"1",NA,NA
"253","38031",NA,"3027000","10",NA,NA,NA,NA,NA,NA,NA,NA,NA,"991  3RD ST N CARRINGTON ND 584211212",30000,2006-04-03,2006,"1",NA,NA
"254","38031",NA,"3035000","10",NA,NA,NA,NA,NA,NA,NA,NA,NA,"1085  3RD ST N CARRINGTON ND 584211105",NA,2008-03-04,2008,"1",NA,NA
"255","38031",NA,"3045000","10",NA,NA,NA,NA,NA,NA,NA,NA,NA,"190  11TH AVE N CARRINGTON ND 584211125",50000,2016-06-06,2016,"1",NA,NA
"256","38031",NA,"3084000","10",NA,NA,NA,NA,NA,NA,NA,NA,NA,"323  11TH AVE S CARRINGTON ND 584211941",15000,2004-10-28,2004,"1",NA,NA
"257","38031",NA,"3097000","10",NA,NA,NA,NA,NA,NA,NA,NA,NA,"1145  3RD ST S CARRINGTON ND 584211914",142600,2018-05-16,2018,"1",NA,NA
"258","38031",NA,"3106000","10",NA,NA,NA,NA,NA,NA,NA,NA,NA,"1161  2ND ST S CARRINGTON ND 584211909",152000,2016-02-16,2016,"1",NA,NA
"259","38031",NA,"3224000","10",NA,NA,NA,NA,NA,NA,NA,NA,NA,"1321  2ND ST N CARRINGTON ND 584211013",18000,2007-04-20,2007,"1",NA,NA
"260","38031",NA,"3245000","10",NA,NA,NA,NA,NA,NA,NA,NA,NA,"1415  2ND ST N CARRINGTON ND 584211014",45000,2019-08-21,2019,"1",NA,NA
"261","38031",NA,"3271000","10",NA,NA,NA,NA,NA,NA,NA,NA,NA,"1453  3RD ST S CARRINGTON ND 584211815",84357,2006-06-30,2006,"1",NA,NA
"262","38031",NA,"3290000","10",NA,NA,NA,NA,NA,NA,NA,NA,NA,"1550  1ST ST S CARRINGTON ND 584211844",10100,2018-10-01,2018,"1",NA,NA
"263","38031",NA,"3299000","10",NA,NA,NA,NA,NA,NA,NA,NA,NA,"180  16TH AVE N CARRINGTON ND 584211504",NA,2018-01-22,2018,"1",NA,NA
"264","38031",NA,"3313000","10",NA,NA,NA,NA,NA,NA,NA,NA,NA,"325  15TH AVE N CARRINGTON ND 584211003",22500,2006-11-30,2006,"1",NA,NA
"265","38031",NA,"3346000","10",NA,NA,NA,NA,NA,NA,NA,NA,NA,"1040  5TH ST N CARRINGTON ND 584211113",80000,2018-10-09,2018,"1",NA,NA
"266","38031",NA,"3350000","10",NA,NA,NA,NA,NA,NA,NA,NA,NA,"419  10TH AVE N CARRINGTON ND 584211122",93750,2015-05-01,2015,"1",NA,NA
"267","38031",NA,"3386000","10",NA,NA,NA,NA,NA,NA,NA,NA,NA,"550  3RD ST N CARRINGTON ND 584211621",155000,2016-01-22,2016,"1",NA,NA
"268","38031",NA,"3427000","10",NA,NA,NA,NA,NA,NA,NA,NA,NA,"ND",27900,2011-06-15,2011,"1",NA,NA
"269","38031",NA,"3445000","10",NA,NA,NA,NA,NA,NA,NA,NA,NA,"ND",35000,2011-10-28,2011,"1",NA,NA
"270","38031",NA,"3463000","10",NA,NA,NA,NA,NA,NA,NA,NA,NA,"275  16TH AVE N CARRINGTON ND 584211505",NA,2017-08-04,2017,"1",NA,NA
"271","38031",NA,"3521000","10",NA,NA,NA,NA,NA,NA,NA,NA,NA,"552  2ND ST S CARRINGTON ND 584212117",150100,2013-09-30,2013,"1",NA,NA
"272","38031",NA,"3543000","10",NA,NA,NA,NA,NA,NA,NA,NA,NA,"238  5TH AVE S CARRINGTON ND 584212141",NA,2013-10-29,2013,"1",NA,NA
"273","38031",NA,"3589000","10",NA,NA,NA,NA,NA,NA,NA,NA,NA,"256  3RD AVE N CARRINGTON ND 584211728",110000,2016-10-21,2016,"1",NA,NA
"274","38031",NA,"3600000","10",NA,NA,NA,NA,NA,NA,NA,NA,NA,"155  2ND ST N CARRINGTON ND 584211703",67000,2008-07-10,2008,"1",NA,NA
"275","38031",NA,"3622000","10",NA,NA,NA,NA,NA,NA,NA,NA,NA,"75  POPLAR AVE N CARRINGTON ND 584211734",NA,2020-02-04,2020,"1",NA,NA
"276","38031",NA,"3641000","10",NA,NA,NA,NA,NA,NA,NA,NA,NA,"355  MAIN ST  CARRINGTON ND 584211732",67000,2017-04-04,2017,"1",NA,NA
"277","38031","380319596002443","1489001","10",13.58,591545,NA,NA,NA,NA,NA,NA,NA,"7726  HIGHWAY 200   CARRINGTON ND 584218722",180000,2016-05-16,2016,"1",47.455965,-98.901008
"278","38031","380319596002386","1566011","10",1.31,57064,NA,NA,NA,NA,NA,NA,NA,"151  CROSSROADS ESTATES DR  CARRINGTON ND 584218919",310000,2012-09-05,2012,"1",47.472166,-99.122095
"279","38031","380319596002386","1567003","10",2.09,91040,NA,NA,NA,NA,NA,NA,NA,"409  HIGHWAY 281  NE CARRINGTON ND 584218795",435100,2017-08-01,2017,"1",47.473216,-99.118317
"280","38031","380319596002386","1567009","10",1.22,53143,NA,NA,NA,NA,NA,NA,NA,"441  HIGHWAY 281  NE CARRINGTON ND 584218795",176622.75,2015-06-15,2015,"1",47.476494,-99.118432
"281","38031","380319596002400","1763001","10",17.19,748796,NA,NA,NA,NA,NA,NA,NA,"6185  2ND ST NE CARRINGTON ND 584218676",1e+05,2005-01-27,2005,"1",47.444255,-99.226018
"282","38031",NA,"2115510","10",NA,NA,NA,NA,NA,NA,NA,NA,NA,"ND",NA,2016-01-12,2016,"1",NA,NA
"283","38031",NA,"2115680","10",NA,NA,NA,NA,NA,NA,NA,NA,NA,"ND",12000,2016-03-16,2016,"1",NA,NA
"284","38031","380319596002130","2115802","10",0.81,35284,NA,NA,NA,NA,NA,NA,NA,"ND",NA,2013-08-02,2013,"1",47.55796,-98.720539
"285","38031","380319596002119","2115854","10",0.42,18295,NA,NA,NA,NA,NA,NA,NA,"8285  1ST ST SE KENSAL ND 584559529",NA,2018-06-22,2018,"1",47.551004,-98.734216
"286","38031","380319596002013","2123001","10",4.5,196020,NA,NA,NA,NA,NA,NA,NA,"8245  11TH ST NE GRACE CITY ND 584459229",230000,2017-01-12,2017,"1",47.573773,-98.783178
"287","38031",NA,"2741000","10",1.06,46174,NA,NA,NA,NA,NA,NA,NA,"525  4TH ST N CARRINGTON ND 584211626",133000,2007-05-30,2007,"1",NA,NA
"288","38031",NA,"2762000","10",NA,NA,NA,NA,NA,NA,NA,NA,NA,"650  3RD ST N CARRINGTON ND 584211623",NA,2013-08-28,2013,"1",NA,NA
"289","38031",NA,"2788000","10",NA,NA,NA,NA,NA,NA,NA,NA,NA,"612  MAIN ST  CARRINGTON ND 584212165",NA,2016-01-19,2016,"1",NA,NA
"290","38031",NA,"2791000","10",NA,NA,NA,NA,NA,NA,NA,NA,NA,"136  7TH AVE S CARRINGTON ND 584212155",NA,2017-07-28,2017,"1",NA,NA
"291","38031",NA,"2794000","10",NA,NA,NA,NA,NA,NA,NA,NA,NA,"117  6TH AVE S CARRINGTON ND 584212146",125000,2017-10-13,2017,"1",NA,NA
"292","38031",NA,"2824000","10",NA,NA,NA,NA,NA,NA,NA,NA,NA,"240  8TH AVE S CARRINGTON ND 584212161",91000,2016-01-20,2016,"1",NA,NA
"293","38031",NA,"2852000","10",NA,NA,NA,NA,NA,NA,NA,NA,NA,"780  2ND ST N CARRINGTON ND 584211617",115000,2013-04-22,2013,"1",NA,NA
"294","38031",NA,"2862000","10",NA,NA,NA,NA,NA,NA,NA,NA,NA,"710  3RD ST N CARRINGTON ND 584211624",NA,2016-05-13,2016,"1",NA,NA
"295","38031",NA,"2864000","10",NA,NA,NA,NA,NA,NA,NA,NA,NA,"253  7TH AVE N CARRINGTON ND 584211651",116598.75,2017-09-22,2017,"1",NA,NA
"296","38031",NA,"2867000","10",NA,NA,NA,NA,NA,NA,NA,NA,NA,"360  8TH AVE N CARRINGTON ND 584211234",76500,2011-05-24,2011,"1",NA,NA
"297","38031",NA,"2876000","10",NA,NA,NA,NA,NA,NA,NA,NA,NA,"396  9TH AVE N CARRINGTON ND 584211246",25000,2011-11-04,2011,"1",NA,NA
"298","38031",NA,"2885000","10",NA,NA,NA,NA,NA,NA,NA,NA,NA,"316  9TH AVE N CARRINGTON ND 584211246",170100,2018-07-27,2018,"1",NA,NA
"299","38031",NA,"2889000","10",NA,NA,NA,NA,NA,NA,NA,NA,NA,"852  2ND ST N CARRINGTON ND 584211206",36500,2012-03-26,2012,"1",NA,NA
"300","38031",NA,"2900000","10",0.09,3788,NA,NA,NA,NA,NA,NA,NA,"877  1ST ST N CARRINGTON ND 584211201",132500,2018-07-03,2018,"1",NA,NA
"301","38031",NA,"2933000","10",NA,NA,NA,NA,NA,NA,NA,NA,NA,"854  2ND ST S CARRINGTON ND 584212006",NA,2016-08-01,2016,"1",NA,NA
"302","38031",NA,"2939000","10",NA,NA,NA,NA,NA,NA,NA,NA,NA,"885  3RD ST S CARRINGTON ND 584212009",134000,2010-05-13,2010,"1",NA,NA
"303","38031",NA,"2946005","10",NA,NA,NA,NA,NA,NA,NA,NA,NA,"901  4TH ST S CARRINGTON ND 584212106",220100,2018-11-14,2018,"1",NA,NA
"304","38031",NA,"2996000","10",NA,NA,NA,NA,NA,NA,NA,NA,NA,"960  2ND ST N CARRINGTON ND 584211208",70000,2016-01-04,2016,"1",NA,NA
"305","38031",NA,"3006000","10",NA,NA,NA,NA,NA,NA,NA,NA,NA,"969  1ST ST N CARRINGTON ND 584211203",30000,2018-12-31,2018,"1",NA,NA
"306","38031",NA,"3018000","10",NA,NA,NA,NA,NA,NA,NA,NA,NA,"994  4TH ST N CARRINGTON ND 584211219",7567,1998-06-29,1998,"1",NA,NA
"307","38031",NA,"3025000","10",NA,NA,NA,NA,NA,NA,NA,NA,NA,"965  3RD ST N CARRINGTON ND 58421",86000,2006-05-11,2006,"1",NA,NA
"308","38031",NA,"3072000","10",NA,NA,NA,NA,NA,NA,NA,NA,NA,"1062  3RD ST S CARRINGTON ND 584211913",NA,2019-01-25,2019,"1",NA,NA
"309","38031",NA,"3126000","10",NA,NA,NA,NA,NA,NA,NA,NA,NA,"1121  3RD ST N CARRINGTON ND 584211107",10000,2010-07-09,2010,"1",NA,NA
"310","38031",NA,"3183000","10",NA,NA,NA,NA,NA,NA,NA,NA,NA,"225  13TH AVE S CARRINGTON ND 584211821",296875,2017-12-04,2017,"1",NA,NA
"311","38031",NA,"3184000","10",NA,NA,NA,NA,NA,NA,NA,NA,NA,"1309  3RD ST S CARRINGTON ND 584211813",125750,2008-02-05,2008,"1",NA,NA
"312","38031",NA,"3191000","10",NA,NA,NA,NA,NA,NA,NA,NA,NA,"1336  1ST ST S CARRINGTON ND 584211804",164100,2014-10-06,2014,"1",NA,NA
"313","38031",NA,"3203000","10",NA,NA,NA,NA,NA,NA,NA,NA,NA,"CARRINGTON ND 58421",NA,2018-02-07,2018,"1",NA,NA
"314","38031",NA,"3240000","10",NA,NA,NA,NA,NA,NA,NA,NA,NA,"1475  3RD ST N CARRINGTON ND 584211024",122600,2014-07-31,2014,"1",NA,NA
"315","38031",NA,"3287000","10",NA,NA,NA,NA,NA,NA,NA,NA,NA,"1555  3RD ST S CARRINGTON ND 584211817",NA,2015-12-23,2015,"1",NA,NA
"316","38031",NA,"3311000","10",NA,NA,NA,NA,NA,NA,NA,NA,NA,"220  10TH AVE N CARRINGTON ND 58421",185000,2018-11-30,2018,"1",NA,NA
"317","38031",NA,"3357000","10",NA,NA,NA,NA,NA,NA,NA,NA,NA,"481  9TH AVE N CARRINGTON ND 584211247",135000,2020-01-28,2020,"1",NA,NA
"318","38031",NA,"3360000","10",NA,NA,NA,NA,NA,NA,NA,NA,NA,"955  4TH ST N CARRINGTON ND 584211218",NA,2010-11-02,2010,"1",NA,NA
"319","38031",NA,"3383000","10",NA,NA,NA,NA,NA,NA,NA,NA,NA,"577  3RD ST N CARRINGTON ND 584211620",104500,2016-07-01,2016,"1",NA,NA
"320","38031",NA,"3409000","10",NA,NA,NA,NA,NA,NA,NA,NA,NA,"558  MAIN ST  CARRINGTON ND 584212103",121000,2019-11-01,2019,"1",NA,NA
"321","38031",NA,"3412000","10",NA,NA,NA,NA,NA,NA,NA,NA,NA,"555  1ST ST S CARRINGTON ND 584212108",106600,2015-08-12,2015,"1",NA,NA
"322","38031",NA,"3422000","10",NA,NA,NA,NA,NA,NA,NA,NA,NA,"444  1ST ST N CARRINGTON ND 584211603",173000,2016-07-06,2016,"1",NA,NA
"323","38031",NA,"3442000","10",NA,NA,NA,NA,NA,NA,NA,NA,NA,"427  3RD ST N CARRINGTON ND 584211618",NA,2013-06-14,2013,"1",NA,NA
"324","38031",NA,"3539000","10",NA,NA,NA,NA,NA,NA,NA,NA,NA,"405  4TH ST S CARRINGTON ND 584212130",NA,2010-06-23,2010,"1",NA,NA
"325","38031",NA,"3545000","10",NA,NA,NA,NA,NA,NA,NA,NA,NA,"438  2ND ST S CARRINGTON ND 584212115",41000,2007-05-24,2007,"1",NA,NA
"326","38031",NA,"3582000","10",NA,NA,NA,NA,NA,NA,NA,NA,NA,"248  2ND ST N CARRINGTON ND 584211706",179000,2016-03-21,2016,"1",NA,NA
"327","38031",NA,"3588000","10",NA,NA,NA,NA,NA,NA,NA,NA,NA,"ND",237000,2020-01-15,2020,"1",NA,NA
"328","38031",NA,"3607000","10",NA,NA,NA,NA,NA,NA,NA,NA,NA,"180  2ND AVE N CARRINGTON ND 584211749",130000,2019-07-30,2019,"1",NA,NA
"329","38031",NA,"3661001","10",NA,NA,NA,NA,NA,NA,NA,NA,NA,"245  FAITH RD  CARRINGTON ND 584211407",231662.5,2015-02-13,2015,"1",NA,NA
"330","38031",NA,"3689000","10",NA,NA,NA,NA,NA,NA,NA,NA,NA,"520  2ND AVE N CARRINGTON ND 584211420",125100,2010-05-19,2010,"1",NA,NA
"331","38031",NA,"3760000","10",NA,NA,NA,NA,NA,NA,NA,NA,NA,"515  MCKENZIE AVE  CARRINGTON ND 584212210",105000,2013-10-14,2013,"1",NA,NA
"332","38031",NA,"3852000","10",NA,NA,NA,NA,NA,NA,NA,NA,NA,"660  6TH ST S CARRINGTON ND 584212334",110000,2018-07-31,2018,"1",NA,NA
"333","38031",NA,"3853000","10",NA,NA,NA,NA,NA,NA,NA,NA,NA,"560  6TH ST S CARRINGTON ND 584212317",123000,2012-10-26,2012,"1",NA,NA
"334","38031",NA,"3856000","10",NA,NA,NA,NA,NA,NA,NA,NA,NA,"685  5TH AVE S CARRINGTON ND 584212336",NA,2011-11-08,2011,"1",NA,NA
"335","38031",NA,"3861000","10",NA,NA,NA,NA,NA,NA,NA,NA,NA,"575  7TH ST S CARRINGTON ND 584212326",47300,2005-10-12,2005,"1",NA,NA
"336","38031","380319596002290","2510002","10",1.66,72310,NA,NA,NA,NA,NA,NA,NA,"6925  7TH ST NE CARRINGTON ND 584218774",90000,2019-05-10,2019,"1",47.515599,-99.069146
"337","38031",NA,"2948000","10",NA,NA,NA,NA,NA,NA,NA,NA,NA,"231  9TH AVE S CARRINGTON ND 584212021",94500,2019-07-26,2019,"1",NA,NA
"338","38031",NA,"3037000","10",NA,NA,NA,NA,NA,NA,NA,NA,NA,"1056  3RD ST N CARRINGTON ND 584211106",82500,2007-11-20,2007,"1",NA,NA
"339","38031",NA,"3129000","10",NA,NA,NA,NA,NA,NA,NA,NA,NA,"ND",NA,2009-04-30,2009,"1",NA,NA
"340","38031",NA,"3134000","10",NA,NA,NA,NA,NA,NA,NA,NA,NA,"1250  2ND ST N CARRINGTON ND 584211512",NA,2018-12-06,2018,"1",NA,NA
"341","38031",NA,"3168000","10",NA,NA,NA,NA,NA,NA,NA,NA,NA,"1204  3RD ST S CARRINGTON ND 584211917",80000,2007-05-21,2007,"1",NA,NA
"342","38031",NA,"3188000","10",NA,NA,NA,NA,NA,NA,NA,NA,NA,"ND",NA,2015-01-01,2015,"1",NA,NA
"343","38031",NA,"3264000","10",NA,NA,NA,NA,NA,NA,NA,NA,NA,"1455  2ND ST S CARRINGTON ND 584211809",NA,2010-11-01,2010,"1",NA,NA
"344","38031",NA,"3277000","10",NA,NA,NA,NA,NA,NA,NA,NA,NA,"1440  3RD ST S CARRINGTON ND 584211816",13875.38,2009-06-11,2009,"1",NA,NA
"345","38031",NA,"3285000","10",NA,NA,NA,NA,NA,NA,NA,NA,NA,"1562  2ND ST S CARRINGTON ND 584211812",160750,2017-04-13,2017,"1",NA,NA
"346","38031",NA,"3354000","10",NA,NA,NA,NA,NA,NA,NA,NA,NA,"ND",25000,2006-07-28,2006,"1",NA,NA
"347","38031",NA,"3398000","10",NA,NA,NA,NA,NA,NA,NA,NA,NA,"ND",82000,2018-06-11,2018,"1",NA,NA
"348","38031",NA,"3410000","10",NA,NA,NA,NA,NA,NA,NA,NA,NA,"516  MAIN ST  CARRINGTON ND 584212103",229900,2018-10-27,2018,"1",NA,NA
"349","38031",NA,"3439000","10",NA,NA,NA,NA,NA,NA,NA,NA,NA,"491  2ND ST N CARRINGTON ND 584211610",26100,2018-06-14,2018,"1",NA,NA
"350","38031",NA,"3443000","10",NA,NA,NA,NA,NA,NA,NA,NA,NA,"455  3RD ST N CARRINGTON ND 584211618",28000,2004-12-15,2004,"1",NA,NA
"351","38031",NA,"3471000","10",NA,NA,NA,NA,NA,NA,NA,NA,NA,"ND",NA,2019-02-08,2019,"1",NA,NA
"352","38031",NA,"3483000","10",NA,NA,NA,NA,NA,NA,NA,NA,NA,"688  5TH AVE N CARRINGTON ND 584211302",25000,2006-04-14,2006,"1",NA,NA
"353","38031",NA,"3522000","10",NA,NA,NA,NA,NA,NA,NA,NA,NA,"530  2ND ST S CARRINGTON ND 584212117",60000,2016-09-19,2016,"1",NA,NA
"354","38031",NA,"3571000","10",NA,NA,NA,NA,NA,NA,NA,NA,NA,"135  3RD AVE N CARRINGTON ND 584211725",85042,2011-07-01,2011,"1",NA,NA
"355","38031",NA,"3597000","10",NA,NA,NA,NA,NA,NA,NA,NA,NA,"270  2ND AVE N CARRINGTON ND 584211743",NA,2011-04-19,2011,"1",NA,NA
"356","38031",NA,"3694000","10",NA,NA,NA,NA,NA,NA,NA,NA,NA,"430  2ND AVE N CARRINGTON ND 584211701",65000,2012-03-28,2012,"1",NA,NA
"357","38031",NA,"3708000","10",NA,NA,NA,NA,NA,NA,NA,NA,NA,"625  KLOCKE DR  CARRINGTON ND 584211440",NA,2012-11-27,2012,"1",NA,NA
"358","38031",NA,"3727000","10",NA,NA,NA,NA,NA,NA,NA,NA,NA,"215  COTTONWOOD AVE  CARRINGTON ND 584212236",186500,2019-03-04,2019,"1",NA,NA
"359","38031",NA,"3749000","10",NA,NA,NA,NA,NA,NA,NA,NA,NA,"365  JOAL DR  CARRINGTON ND 584212238",172500,2012-06-01,2012,"1",NA,NA
"360","38031",NA,"3794000","10",NA,NA,NA,NA,NA,NA,NA,NA,NA,"602  MCKENZIE AVE  CARRINGTON ND 584212224",NA,2017-05-04,2017,"1",NA,NA
"361","38031",NA,"3825000","10",NA,NA,NA,NA,NA,NA,NA,NA,NA,"600  4TH ST S CARRINGTON ND 584212306",33000,2011-11-04,2011,"1",NA,NA
"362","38031",NA,"3829000","10",NA,NA,NA,NA,NA,NA,NA,NA,NA,"532  4TH ST S CARRINGTON ND 584212305",NA,2011-09-30,2011,"1",NA,NA
"363","38031",NA,"3851000","10",NA,NA,NA,NA,NA,NA,NA,NA,NA,"670  6TH ST S CARRINGTON ND 584212334",140000,2017-03-29,2017,"1",NA,NA
"364","38031",NA,"3859000","10",NA,NA,NA,NA,NA,NA,NA,NA,NA,"555  7TH ST S CARRINGTON ND 584212326",73000,2011-05-17,2011,"1",NA,NA
"365","38031",NA,"3868000","10",NA,NA,NA,NA,NA,NA,NA,NA,NA,"473  6TH AVE S CARRINGTON ND 584212318",84000,2019-06-14,2019,"1",NA,NA
"366","38031",NA,"3895000","10",NA,NA,NA,NA,NA,NA,NA,NA,NA,"1204  4TH ST S CARRINGTON ND 584211962",NA,2015-07-23,2015,"1",NA,NA
"367","38031",NA,"3921000","10",NA,NA,NA,NA,NA,NA,NA,NA,NA,"GLENFIELD ND 58443",63000,2019-08-19,2019,"1",NA,NA
"368","38031",NA,"4063000","10",NA,NA,NA,NA,NA,NA,NA,NA,NA,"ND",NA,2018-09-20,2018,"1",NA,NA
"369","38031",NA,"4100000","10",NA,NA,NA,NA,NA,NA,NA,NA,NA,"ND",NA,2011-11-10,2011,"1",NA,NA
"370","38031",NA,"4188000","10",NA,NA,NA,NA,NA,NA,NA,NA,NA,"990  81ST AVE NE GRACE CITY ND 584459232",NA,2018-05-09,2018,"1",NA,NA
"371","38031","380319596002562","844001","10",8.98,391169,NA,NA,NA,NA,NA,NA,NA,"6040  1ST ST SE CARRINGTON ND 584218606",NA,2014-06-25,2014,"1",47.39821,-99.256812
"372","38031","380319596002559","904001","10",8.5,370260,NA,NA,NA,NA,NA,NA,NA,"311  64TH AVE SE CARRINGTON ND 584218542",2e+05,2013-09-05,2013,"1",47.369447,-99.182372
"373","38031","380319596002443","1491000","10",160,6969600,NA,NA,NA,NA,NA,NA,NA,"230  77TH AVE NE CARRINGTON ND 584218721",NA,2017-08-14,2017,"1",47.446257,-98.888824
"374","38031","380319596002393","1742001","10",10.8,470448,NA,NA,NA,NA,NA,NA,NA,"6325  HIGHWAY 200   CARRINGTON ND 584218680",90000,2019-05-10,2019,"1",47.458279,-99.199958
"375","38031","380319596002379","1745001","10",17,740520,NA,NA,NA,NA,NA,NA,NA,"ND",140000,2020-01-15,2020,"1",47.471066,-99.21825
"376","38031",NA,"2115570","10",NA,NA,NA,NA,NA,NA,NA,NA,NA,"ND",112656.25,2018-10-05,2018,"1",NA,NA
"377","38031",NA,"2115675","10",NA,NA,NA,NA,NA,NA,NA,NA,NA,"ND",12000,2016-03-16,2016,"1",NA,NA
"378","38031",NA,"2115685","10",NA,NA,NA,NA,NA,NA,NA,NA,NA,"315  CENTRAL AVE  NEW ROCKFORD ND 583561736",NA,2019-11-05,2019,"1",NA,NA
"379","38031","380319596002119","2115840","10",0.5,21780,NA,NA,NA,NA,NA,NA,NA,"ND",30000,2019-08-01,2019,"1",47.551402,-98.729624
"380","38031","380319596002290","2510001","10",5.6,243936,NA,NA,NA,NA,NA,NA,NA,"6945  7TH ST NE CARRINGTON ND 584218774",90000,2019-05-10,2019,"1",47.516153,-99.068173
"381","38031",NA,"3208000","10",NA,NA,NA,NA,NA,NA,NA,NA,NA,"87  13TH AVE N CARRINGTON ND 584211530",85100,2018-02-05,2018,"1",NA,NA
"382","38031",NA,"3216000","10",NA,NA,NA,NA,NA,NA,NA,NA,NA,"1327  1ST ST N CARRINGTON ND 584211508",20100,2011-06-08,2011,"1",NA,NA
"383","38031",NA,"3219000","10",NA,NA,NA,NA,NA,NA,NA,NA,NA,"1395  1ST ST N CARRINGTON ND 584211508",20000,2019-06-24,2019,"1",NA,NA
"384","38031",NA,"3219001","10",NA,NA,NA,NA,NA,NA,NA,NA,NA,"280  14TH AVE N CARRINGTON ND 584211018",73000,2006-03-15,2006,"1",NA,NA
"385","38031",NA,"3225000","10",NA,NA,NA,NA,NA,NA,NA,NA,NA,"1345  2ND ST N CARRINGTON ND 584211013",NA,2007-10-29,2007,"1",NA,NA
"386","38031",NA,"3227000","10",NA,NA,NA,NA,NA,NA,NA,NA,NA,"210  14TH AVE N CARRINGTON ND 584211018",NA,2019-05-15,2019,"1",NA,NA
"387","38031",NA,"3231000","10",NA,NA,NA,NA,NA,NA,NA,NA,NA,"1355  3RD ST N CARRINGTON ND 584211026",NA,2011-01-04,2011,"1",NA,NA
"388","38031",NA,"3232000","10",NA,NA,NA,NA,NA,NA,NA,NA,NA,"1317  3RD ST N CARRINGTON ND 584211026",18500,2011-01-07,2011,"1",NA,NA
"389","38031",NA,"3314000","10",NA,NA,NA,NA,NA,NA,NA,NA,NA,"1549  3RD ST N CARRINGTON ND 584211022",94250,2017-10-30,2017,"1",NA,NA
"390","38031",NA,"3339000","10",NA,NA,NA,NA,NA,NA,NA,NA,NA,"483  11TH AVE N CARRINGTON ND 584211130",50100,2011-05-25,2011,"1",NA,NA
"391","38031",NA,"3359000","10",NA,NA,NA,NA,NA,NA,NA,NA,NA,"945  4TH ST N CARRINGTON ND 584211218",52600,2014-02-28,2014,"1",NA,NA
"392","38031",NA,"3394000","10",NA,NA,NA,NA,NA,NA,NA,NA,NA,"592  2ND ST N CARRINGTON ND 584211613",62000,2011-10-16,2011,"1",NA,NA
"393","38031",NA,"3404000","10",NA,NA,NA,NA,NA,NA,NA,NA,NA,"83  5TH AVE N CARRINGTON ND 584211630",NA,2014-02-11,2014,"1",NA,NA
"394","38031",NA,"3408000","10",NA,NA,NA,NA,NA,NA,NA,NA,NA,"590  MAIN ST  CARRINGTON ND 584212103",135000,2019-08-09,2019,"1",NA,NA
"395","38031",NA,"3555000","10",NA,NA,NA,NA,NA,NA,NA,NA,NA,"174  5TH AVE S CARRINGTON ND 584212163",110000,2019-01-14,2019,"6",NA,NA
"396","38031",NA,"3587000","10",NA,NA,NA,NA,NA,NA,NA,NA,NA,"140  3RD AVE N CARRINGTON ND 584211726",93000,2006-09-18,2006,"1",NA,NA
"397","38031",NA,"3634000","10",NA,NA,NA,NA,NA,NA,NA,NA,NA,"165  MAIN ST  CARRINGTON ND 584211730",150000,2018-07-16,2018,"1",NA,NA
"398","38031",NA,"3703000","10",NA,NA,NA,NA,NA,NA,NA,NA,NA,"750  KLOCKE DR  CARRINGTON ND 584211441",305000,2019-06-05,2019,"1",NA,NA
"399","38031",NA,"3705000","10",NA,NA,NA,NA,NA,NA,NA,NA,NA,"680  KLOCKE DR  CARRINGTON ND 584211440",115000,2006-02-24,2006,"1",NA,NA
"400","38031",NA,"3707000","10",NA,NA,NA,NA,NA,NA,NA,NA,NA,"645  KLOCKE DR  CARRINGTON ND 584211440",150100,2018-05-03,2018,"1",NA,NA
"401","38031",NA,"3720000","10",NA,NA,NA,NA,NA,NA,NA,NA,NA,"55  MAIN ST  CARRINGTON ND 584211729",95000,2009-09-23,2009,"1",NA,NA
"402","38031",NA,"3722000","10",NA,NA,NA,NA,NA,NA,NA,NA,NA,"207  POPLAR AVE S CARRINGTON ND 584212208",117500,2008-03-24,2008,"1",NA,NA
"403","38031",NA,"3747000","10",NA,NA,NA,NA,NA,NA,NA,NA,NA,"321  JOAL DR  CARRINGTON ND 584212238",170000,2016-12-23,2016,"1",NA,NA
"404","38031",NA,"3766000","10",NA,NA,NA,NA,NA,NA,NA,NA,NA,"480  MCKENZIE AVE  CARRINGTON ND 584212210",140000,2014-07-16,2014,"1",NA,NA
"405","38031",NA,"3779000","10",NA,NA,NA,NA,NA,NA,NA,NA,NA,"14  6TH ST S CARRINGTON ND 584212226",NA,2017-11-08,2017,"1",NA,NA
"406","38031",NA,"3782000","10",0.22,9375,NA,NA,NA,NA,NA,NA,NA,"520  JOAL DR  CARRINGTON ND 584212204",100937.5,2012-09-11,2012,"1",NA,NA
"407","38031",NA,"3863000","10",NA,NA,NA,NA,NA,NA,NA,NA,NA,"619  6TH AVE S CARRINGTON ND 584212322",50000,2019-12-13,2019,"1",NA,NA
"408","38031",NA,"3865000","10",NA,NA,NA,NA,NA,NA,NA,NA,NA,"579  6TH AVE S CARRINGTON ND 584212320",NA,2016-11-18,2016,"1",NA,NA
"409","38031",NA,"3876000","10",1.1,47916,NA,NA,NA,NA,NA,NA,NA,"740  4TH AVE S CARRINGTON ND 584212321",355580,2019-07-26,2019,"1",NA,NA
"410","38031",NA,"3904000","10",NA,NA,NA,NA,NA,NA,NA,NA,NA,"ND",7500,2018-11-26,2018,"1",NA,NA
"411","38031",NA,"3924000","10",NA,NA,NA,NA,NA,NA,NA,NA,NA,"279  LOUISE ST  GLENFIELD ND 584439505",NA,2012-04-08,2012,"1",NA,NA
"412","38031",NA,"4019000","10",NA,NA,NA,NA,NA,NA,NA,NA,NA,"473  JOHNSTON ST  MCHENRY ND 58464",72625,2015-02-23,2015,"1",NA,NA
"413","38031",NA,"4052000","10",NA,NA,NA,NA,NA,NA,NA,NA,NA,"582  HURD AVE  MCHENRY ND 58464",NA,2017-07-18,2017,"1",NA,NA
"414","38031",NA,"4090000","10",NA,NA,NA,NA,NA,NA,NA,NA,NA,"326  WARD AVE  MCHENRY ND 584646412",NA,2019-04-05,2019,"1",NA,NA
"415","38031","380319596002278","1407001","10",19.5,849420,NA,NA,NA,NA,NA,NA,NA,"7571  5TH ST NE CARRINGTON ND 584218923",217000,2017-01-18,2017,"1",47.48744,-98.937888
"416","38031","380319596002408","1776001","10",14.32,623779,NA,NA,NA,NA,NA,NA,NA,"225  66TH AVE NE CARRINGTON ND 584218602",260000,2012-07-30,2012,"1",47.452222,-99.140094
"417","38031","380319596002004","1847001","10",9,392040,NA,NA,NA,NA,NA,NA,NA,"9109  11TH ST NE MCHENRY ND 584649301",NA,2019-10-07,2019,"1",47.573678,-98.604579
"418","38031",NA,"2115565","10",NA,NA,NA,NA,NA,NA,NA,NA,NA,"ND",NA,2018-10-11,2018,"1",NA,NA
"419","38031",NA,"2115700","10",NA,NA,NA,NA,NA,NA,NA,NA,NA,"ND",NA,2010-06-21,2010,"1",NA,NA
"420","38031","380319596002226","2189005","10",8.45,368082,NA,NA,NA,NA,NA,NA,NA,"850  78TH AVE NE GRACE CITY ND 584459213",467500,2018-06-18,2018,"1",47.537597,-98.881897
"421","38031","380319596002349","2647001","10",15.52,676051,NA,NA,NA,NA,NA,NA,NA,"6575  7TH ST NE CARRINGTON ND 584218607",300100,2018-07-16,2018,"1",47.516614,-99.139965
"422","38031",NA,"2700000","10",NA,NA,NA,NA,NA,NA,NA,NA,NA,"385  SUMMER AVE  CARRINGTON ND 584215003",35000,2004-12-03,2004,"1",NA,NA
"423","38031",NA,"2722000","10",NA,NA,NA,NA,NA,NA,NA,NA,NA,"1207  5TH ST N CARRINGTON ND 584211116",75875,2014-11-07,2014,"1",NA,NA
"424","38031",NA,"2763000","10",NA,NA,NA,NA,NA,NA,NA,NA,NA,"275  6TH AVE N CARRINGTON ND 584211642",78900,2013-08-06,2013,"1",NA,NA
"425","38031",NA,"2771000","10",NA,NA,NA,NA,NA,NA,NA,NA,NA,"640  2ND ST N CARRINGTON ND 584211615",243000,2019-10-01,2019,"1",NA,NA
"426","38031",NA,"2774000","10",NA,NA,NA,NA,NA,NA,NA,NA,NA,"661  1ST ST N CARRINGTON ND 584211606",95000,2010-05-14,2010,"1",NA,NA
"427","38031",NA,"2779000","10",NA,NA,NA,NA,NA,NA,NA,NA,NA,"634  1ST ST N CARRINGTON ND 584211607",130000,2019-04-26,2019,"1",NA,NA
"428","38031",NA,"2796000","10",NA,NA,NA,NA,NA,NA,NA,NA,NA,"635  2ND ST S CARRINGTON ND 584212118",149000,2011-09-19,2011,"1",NA,NA
"429","38031",NA,"2829000","10",NA,NA,NA,NA,NA,NA,NA,NA,NA,"781  3RD ST S CARRINGTON ND 584212128",7000,2010-11-05,2010,"1",NA,NA
"430","38031",NA,"2936000","10",NA,NA,NA,NA,NA,NA,NA,NA,NA,"275  8TH AVE S CARRINGTON ND 58421",NA,2018-12-20,2018,"1",NA,NA
"431","38031",NA,"3033000","10",NA,NA,NA,NA,NA,NA,NA,NA,NA,"1053  3RD ST N CARRINGTON ND 584211105",55000,2011-07-01,2011,"1",NA,NA
"432","38031",NA,"3121000","10",NA,NA,NA,NA,NA,NA,NA,NA,NA,"1186  4TH ST N CARRINGTON ND 584211112",51000,2008-02-11,2008,"1",NA,NA
"433","38031",NA,"3181000","10",NA,NA,NA,NA,NA,NA,NA,NA,NA,"1354  2ND ST S CARRINGTON ND 584211808",NA,2018-04-09,2018,"1",NA,NA
"434","38031",NA,"3186000","10",NA,NA,NA,NA,NA,NA,NA,NA,NA,"1355  3RD ST S CARRINGTON ND 584211813",110000,2006-07-31,2006,"1",NA,NA
