"","geoid_cnty","geoid_blk","p_id_iris_frmtd","property_indicator","acres","land_square_footage","bldg_code","building_square_feet","living_square_feet","year_built","effective_year_built","bedrooms","baths_appraised","property_address","sale_price","sale_date","sale_year","transaction_type","property_centroid_latitude","property_centroid_longitude"
"1","38043",NA,"13501051","10",0.19,8276,NA,NA,NA,NA,NA,NA,NA,"ND 585617316",215000,2019-05-06,2019,"1",NA,NA
"2","38043",NA,"13502180","10",NA,NA,NA,NA,NA,NA,NA,NA,NA,"ND",215000,2009-06-26,2009,"1",NA,NA
"3","38043",NA,"13502590","10",NA,NA,NA,NA,NA,NA,NA,NA,NA,"ND",220000,2011-06-20,2011,"1",NA,NA
"4","38043",NA,"13502760","10",NA,NA,NA,NA,NA,NA,NA,NA,NA,"ND",NA,2016-06-30,2016,"1",NA,NA
"5","38043",NA,"13600060","10",NA,NA,NA,NA,NA,NA,NA,NA,NA,"ND",NA,2011-09-23,2011,"1",NA,NA
"6","38043",NA,"13600070","10",NA,NA,NA,NA,NA,NA,NA,NA,NA,"DRISCOLL ND 58532",NA,2013-11-26,2013,"1",NA,NA
"7","38043",NA,"13700360","10",NA,NA,NA,NA,NA,NA,NA,NA,NA,"ND",NA,2014-10-28,2014,"1",NA,NA
"8","38043",NA,"14017103","10",2.89,125888,NA,NA,NA,NA,NA,NA,NA,"140  MOSET LN  STEELE ND 584827325",20000,2013-03-22,2013,"1",NA,NA
"9","38043",NA,"14017105","10",2.82,122839,NA,NA,NA,NA,NA,NA,NA,"160  MOSET LN  STEELE ND 584827325",359000,2017-05-15,2017,"1",NA,NA
"10","38043",NA,"14017107","10",2.84,123710,NA,NA,NA,NA,NA,NA,NA,"155  MOSET LN  STEELE ND 584827325",20000,2013-03-22,2013,"1",NA,NA
"11","38043",NA,"14017110","10",2.82,122839,NA,NA,NA,NA,NA,NA,NA,"125  MILLS LN  STEELE ND 584829600",25000,2014-07-25,2014,"1",NA,NA
"12","38043",NA,"14020016","10",1.49,64904,NA,NA,NA,NA,NA,NA,NA,"STEELE ND 58482",NA,2018-10-19,2018,"1",NA,NA
"13","38043",NA,"28012023","10",4.13,179903,NA,NA,NA,NA,NA,NA,NA,"3520  HIGHWAY 36   ROBINSON ND 584789403",6000,2015-04-14,2015,"1",NA,NA
"14","38043",NA,"50113010","10",NA,NA,NA,NA,NA,NA,NA,NA,NA,"410  MITCHELL AVE SW STEELE ND 58482",NA,2004-07-01,2004,"1",NA,NA
"15","38043",NA,"50115040","10",NA,NA,NA,NA,NA,NA,NA,NA,NA,"103  2ND AVE SE STEELE ND 584827151",77000,2018-08-15,2018,"1",NA,NA
"16","38043",NA,"50121040","10",NA,NA,NA,NA,NA,NA,NA,NA,NA,"412  1ST ST SW STEELE ND 584827203",NA,2017-08-04,2017,"1",NA,NA
"17","38043",NA,"50123010","10",NA,NA,NA,NA,NA,NA,NA,NA,NA,"204  2ND AVE SW STEELE ND 584827206",NA,2014-09-08,2014,"1",NA,NA
"18","38043",NA,"50127040","10",NA,NA,NA,NA,NA,NA,NA,NA,NA,"220  2ND AVE SE STEELE ND 584827134",NA,2019-03-04,2019,"1",NA,NA
"19","38043",NA,"50331090","10",NA,NA,NA,NA,NA,NA,NA,NA,NA,"303  MITCHELL AVE S STEELE ND 584827123",113300,2018-05-31,2018,"1",NA,NA
"20","38043",NA,"50332030","10",NA,NA,NA,NA,NA,NA,NA,NA,NA,"308  MITCHELL AVE S STEELE ND 58482",NA,2014-09-08,2014,"1",NA,NA
"21","38043",NA,"50333070","10",NA,NA,NA,NA,NA,NA,NA,NA,NA,"311-2ND AVE SW STEELE ND 58482",115000,2015-06-17,2015,"1",NA,NA
"22","38043",NA,"50334010","10",NA,NA,NA,NA,NA,NA,NA,NA,NA,"302  2ND AVE SW STEELE ND 584827208",NA,2015-10-12,2015,"1",NA,NA
"23","38043",NA,"50335010","10",NA,NA,NA,NA,NA,NA,NA,NA,NA,"302  3RD AVE SW STEELE ND 584827216",NA,2012-08-31,2012,"1",NA,NA
"24","38043",NA,"50337010","10",NA,NA,NA,NA,NA,NA,NA,NA,NA,"305  3RD ST SW STEELE ND 584827221",60000,2012-12-07,2012,"1",NA,NA
"25","38043",NA,"50337030","10",NA,NA,NA,NA,NA,NA,NA,NA,NA,"414  2ND AVE SW STEELE ND 584827210",42500,2011-04-08,2011,"1",NA,NA
"26","38043",NA,"50339010","10",NA,NA,NA,NA,NA,NA,NA,NA,NA,"406  MITCHELL AVE S STEELE ND 584827126",264000,2012-06-06,2012,"1",NA,NA
"27","38043",NA,"50346060","10",NA,NA,NA,NA,NA,NA,NA,NA,NA,"519  1ST AVE NW STEELE ND 584827045",124100,2016-02-29,2016,"1",NA,NA
"28","38043",NA,"50353020","10",NA,NA,NA,NA,NA,NA,NA,NA,NA,"414  MITCHELL AVE N STEELE ND 584827020",NA,2014-09-08,2014,"1",NA,NA
"29","38043",NA,"50355020","10",NA,NA,NA,NA,NA,NA,NA,NA,NA,"304  3RD ST NW STEELE ND 584827318",4800,2008-04-11,2008,"1",NA,NA
"30","38043",NA,"50413030","10",NA,NA,NA,NA,NA,NA,NA,NA,NA,"502  2ND ST SW STEELE ND 584827214",165000,2015-06-30,2015,"1",NA,NA
"31","38043",NA,"60106080","10",NA,NA,NA,NA,NA,NA,NA,NA,NA,"ND",NA,2006-02-15,2006,"1",NA,NA
"32","38043",NA,"60107050","10",NA,NA,NA,NA,NA,NA,NA,NA,NA,"ND",NA,2012-08-13,2012,"1",NA,NA
"33","38043",NA,"60107060","10",NA,NA,NA,NA,NA,NA,NA,NA,NA,"104  1ST ST NE PETTIBONE ND 584757522",21000,2012-08-22,2012,"1",NA,NA
"34","38043",NA,"65201060","10",NA,NA,NA,NA,NA,NA,NA,NA,NA,"ND",12000,2018-08-08,2018,"1",NA,NA
"35","38043",NA,"65301020","10",NA,NA,NA,NA,NA,NA,NA,NA,NA,"3340  15TH ST SE ROBINSON ND 584789459",6000,2008-05-21,2008,"1",NA,NA
"36","38043",NA,"65302060","10",NA,NA,NA,NA,NA,NA,NA,NA,NA,"109  WESTLEET ST  ROBINSON ND 58478",6000,2011-07-06,2011,"1",NA,NA
"37","38043",NA,"70420050","10",NA,NA,NA,NA,NA,NA,NA,NA,NA,"211  1ST ST NE TAPPEN ND 584878725",35000,2012-09-17,2012,"1",NA,NA
"38","38043",NA,"70506040","10",NA,NA,NA,NA,NA,NA,NA,NA,NA,"132 N MAIN   TAPPEN ND 584878700",20000,2017-04-25,2017,"1",NA,NA
"39","38043",NA,"70507080","10",NA,NA,NA,NA,NA,NA,NA,NA,NA,"ND",1e+05,2015-08-28,2015,"1",NA,NA
"40","38043",NA,"70523040","10",NA,NA,NA,NA,NA,NA,NA,NA,NA,"ND",3000,2016-10-27,2016,"1",NA,NA
"41","38043",NA,"70611120","10",NA,NA,NA,NA,NA,NA,NA,NA,NA,"328  2ND ST NE TAPPEN ND 584878720",19000,2007-06-05,2007,"1",NA,NA
"42","38043",NA,"75105080","10",NA,NA,NA,NA,NA,NA,NA,NA,NA,"ND",16000,2015-06-25,2015,"1",NA,NA
"43","38043",NA,"75109020","10",NA,NA,NA,NA,NA,NA,NA,NA,NA,"207 N ANDERSON ST  TUTTLE ND 584887706",4500,2007-02-15,2007,"1",NA,NA
"44","38043",NA,"18400040","10",0.42,18295,NA,NA,NA,NA,NA,NA,NA,"ND",5750,2007-05-03,2007,"1",NA,NA
"45","38043",NA,"18901007","10",0.32,13939,NA,NA,NA,NA,NA,NA,NA,"ND",25000,2012-05-24,2012,"1",NA,NA
"46","38043",NA,"18901009","10",0.32,13939,NA,NA,NA,NA,NA,NA,NA,"ND",14000,2011-11-22,2011,"1",NA,NA
"47","38043",NA,"18902006","10",0.33,14375,NA,NA,NA,NA,NA,NA,NA,"ND",NA,2014-10-20,2014,"1",NA,NA
"48","38043",NA,"18902014","10",0.33,14375,NA,NA,NA,NA,NA,NA,NA,"ND",NA,2014-10-20,2014,"1",NA,NA
"49","38043",NA,"18902028","10",0.34,14810,NA,NA,NA,NA,NA,NA,NA,"ND",25000,2011-08-30,2011,"1",NA,NA
"50","38043",NA,"18902031","10",0.34,14810,NA,NA,NA,NA,NA,NA,NA,"ND",40000,2012-10-26,2012,"1",NA,NA
"51","38043",NA,"18921003","10",0.32,13939,NA,NA,NA,NA,NA,NA,NA,"ND",20000,2013-08-22,2013,"1",NA,NA
"52","38043",NA,"18921009","10",0.32,13939,NA,NA,NA,NA,NA,NA,NA,"ND",NA,2016-07-27,2016,"1",NA,NA
"53","38043",NA,"18931005","10",0.21,9148,NA,NA,NA,NA,NA,NA,NA,"ND",NA,2015-05-08,2015,"1",NA,NA
"54","38043",NA,"50101050","10",NA,NA,NA,NA,NA,NA,NA,NA,NA,"ND",NA,2017-11-13,2017,"1",NA,NA
"55","38043",NA,"50102020","10",NA,NA,NA,NA,NA,NA,NA,NA,NA,"202  2ND ST NE STEELE ND 58482",NA,2014-09-08,2014,"1",NA,NA
"56","38043",NA,"18400030","10",0.41,17860,NA,NA,NA,NA,NA,NA,NA,"ND",5750,2007-05-03,2007,"1",NA,NA
"57","38043",NA,"18600020","10",0.37,16117,NA,NA,NA,NA,NA,NA,NA,"ND",25000,2014-07-16,2014,"1",NA,NA
"58","38043",NA,"18902003","10",0.34,14810,NA,NA,NA,NA,NA,NA,NA,"ND",NA,2014-10-20,2014,"1",NA,NA
"59","38043",NA,"18902018","10",0.33,14375,NA,NA,NA,NA,NA,NA,NA,"ND",NA,2014-10-20,2014,"1",NA,NA
"60","38043",NA,"18902021","10",0.33,14375,NA,NA,NA,NA,NA,NA,NA,"ND",195000,2016-12-16,2016,"1",NA,NA
"61","38043",NA,"18902030","10",0.34,14810,NA,NA,NA,NA,NA,NA,NA,"ND",40000,2012-09-13,2012,"1",NA,NA
"62","38043",NA,"18921001","10",0.32,13939,NA,NA,NA,NA,NA,NA,NA,"3085  33RD AVE SE DAWSON ND 584289653",NA,2013-02-14,2013,"1",NA,NA
"63","38043","380439668002058","39010031","10",53.34,2323490,NA,NA,NA,NA,NA,NA,NA,"2747  8TH ST SE TUTTLE ND 584889507",991120,2019-02-14,2019,"1",47.302284,-99.924158
"64","38043",NA,"50105040","10",NA,NA,NA,NA,NA,NA,NA,NA,NA,"220  2ND ST NW STEELE ND 584827308",48000,2008-08-20,2008,"1",NA,NA
"65","38043",NA,"50112080","10",NA,NA,NA,NA,NA,NA,NA,NA,NA,"ND",55000,2018-09-19,2018,"1",NA,NA
"66","38043",NA,"50119080","10",NA,NA,NA,NA,NA,NA,NA,NA,NA,"ND",104500,2017-03-07,2017,"1",NA,NA
"67","38043",NA,"50120010","10",NA,NA,NA,NA,NA,NA,NA,NA,NA,"104  2ND AVE SW STEELE ND 58482",NA,2016-03-18,2016,"1",NA,NA
"68","38043",NA,"50124050","10",NA,NA,NA,NA,NA,NA,NA,NA,NA,"217  2ND AVE SW STEELE ND 584827207",75000,2013-08-09,2013,"1",NA,NA
"69","38043",NA,"50124060","10",NA,NA,NA,NA,NA,NA,NA,NA,NA,"ND",NA,2017-12-15,2017,"1",NA,NA
"70","38043",NA,"50125060","10",NA,NA,NA,NA,NA,NA,NA,NA,NA,"ND",30000,2015-09-24,2015,"1",NA,NA
"71","38043",NA,"50331010","10",NA,NA,NA,NA,NA,NA,NA,NA,NA,"302  1ST AVE SE STEELE ND 58482",30000,2007-04-26,2007,"1",NA,NA
"72","38043",NA,"50333020","10",NA,NA,NA,NA,NA,NA,NA,NA,NA,"ND",98000,2016-01-19,2016,"1",NA,NA
"73","38043",NA,"50333080","10",NA,NA,NA,NA,NA,NA,NA,NA,NA,"303  2ND AVE SW STEELE ND 584827209",120000,2015-09-15,2015,"1",NA,NA
"74","38043",NA,"50335040","10",NA,NA,NA,NA,NA,NA,NA,NA,NA,"414  3RD ST SW STEELE ND 584827222",104153.75,2014-05-30,2014,"1",NA,NA
"75","38043",NA,"50336050","10",NA,NA,NA,NA,NA,NA,NA,NA,NA,"420  3RD AVE SW STEELE ND 584827218",NA,2014-09-08,2014,"1",NA,NA
"76","38043",NA,"50337050","10",NA,NA,NA,NA,NA,NA,NA,NA,NA,"320  4TH ST SW STEELE ND 584827234",156201,2014-07-01,2014,"1",NA,NA
"77","38043",NA,"50339020","10",NA,NA,NA,NA,NA,NA,NA,NA,NA,"",264000,2012-06-06,2012,"1",NA,NA
"78","38043",NA,"50339090","10",NA,NA,NA,NA,NA,NA,NA,NA,NA,"ND",150000,2017-08-01,2017,"1",NA,NA
"79","38043",NA,"50347010","10",NA,NA,NA,NA,NA,NA,NA,NA,NA,"520  1ST AVE NE STEELE ND 584827049",133879.54,2014-11-03,2014,"1",NA,NA
"80","38043",NA,"50356030","10",NA,NA,NA,NA,NA,NA,NA,NA,NA,"420  3RD ST NW STEELE ND 584827324",435000,2018-02-05,2018,"1",NA,NA
"81","38043",NA,"50417010","10",NA,NA,NA,NA,NA,NA,NA,NA,NA,"402  4TH AVE SW STEELE ND 584827228",117000,2016-03-22,2016,"1",NA,NA
"82","38043",NA,"55401040","10",NA,NA,NA,NA,NA,NA,NA,NA,NA,"128  THOMPSON ST SE DAWSON ND 58428",NA,2011-02-03,2011,"1",NA,NA
"83","38043",NA,"55401110","10",NA,NA,NA,NA,NA,NA,NA,NA,NA,"115  GARFIELD ST SW DAWSON ND 584285101",12500,2011-04-20,2011,"1",NA,NA
"84","38043",NA,"55412030","10",NA,NA,NA,NA,NA,NA,NA,NA,NA,"227  ST JOHN AVE  DAWSON ND 58428",10000,2010-08-27,2010,"1",NA,NA
"85","38043",NA,"55414040","10",NA,NA,NA,NA,NA,NA,NA,NA,NA,"ND",5469,2011-10-14,2011,"1",NA,NA
"86","38043",NA,"55417060","10",NA,NA,NA,NA,NA,NA,NA,NA,NA,"ND",23811,2019-04-01,2019,"1",NA,NA
"87","38043",NA,"60110130","10",NA,NA,NA,NA,NA,NA,NA,NA,NA,"ND",NA,2016-08-24,2016,"1",NA,NA
"88","38043",NA,"65201020","10",NA,NA,NA,NA,NA,NA,NA,NA,NA,"ND",13000,2018-07-30,2018,"1",NA,NA
"89","38043","380439668003047","70000032","10",4.39,191228,NA,NA,NA,NA,NA,NA,NA,"TAPPEN ND 58487",5000,2015-09-14,2015,"1",46.878274,-99.62308
"90","38043",NA,"70106010","10",0.91,39640,NA,NA,NA,NA,NA,NA,NA,"416  3RD ST NE TAPPEN ND 584878719",NA,2019-07-09,2019,"1",NA,NA
"91","38043",NA,"70107010","10",0.86,37462,NA,NA,NA,NA,NA,NA,NA,"ND",NA,2018-12-26,2018,"1",NA,NA
"92","38043",NA,"70522030","10",NA,NA,NA,NA,NA,NA,NA,NA,NA,"",NA,2016-04-11,2016,"1",NA,NA
"93","38043",NA,"70524005","10",0.26,11326,NA,NA,NA,NA,NA,NA,NA,"212  1ST ST SE TAPPEN ND 584878708",NA,2014-04-23,2014,"1",NA,NA
"94","38043",NA,"70701090","10",NA,NA,NA,NA,NA,NA,NA,NA,NA,"233  DUCHESS AVE SW TAPPEN ND 58487",NA,2017-10-20,2017,"1",NA,NA
"95","38043",NA,"70802010","10",NA,NA,NA,NA,NA,NA,NA,NA,NA,"132 S MAIN   TAPPEN ND 58487",NA,2015-07-06,2015,"1",NA,NA
"96","38043",NA,"75110050","10",NA,NA,NA,NA,NA,NA,NA,NA,NA,"ND",7000,2020-02-21,2020,"1",NA,NA
"97","38043",NA,"75324010","10",NA,NA,NA,NA,NA,NA,NA,NA,NA,"201  KIDDER ST N TUTTLE ND 58488",NA,2020-02-26,2020,"1",NA,NA
"98","38043",NA,"13202050","10",NA,NA,NA,NA,NA,NA,NA,NA,NA,"913  MALLARD AVE  DAWSON ND 584289510",NA,2018-11-19,2018,"1",NA,NA
"99","38043",NA,"13502160","10",NA,NA,NA,NA,NA,NA,NA,NA,NA,"ND",NA,2019-03-08,2019,"1",NA,NA
"100","38043",NA,"13502690","10",NA,NA,NA,NA,NA,NA,NA,NA,NA,"4275  25TH AVE SE STEELE ND 584829411",NA,2016-08-15,2016,"1",NA,NA
"101","38043",NA,"13600140","10",NA,NA,NA,NA,NA,NA,NA,NA,NA,"ND",NA,2017-10-05,2017,"1",NA,NA
"102","38043",NA,"13600170","10",NA,NA,NA,NA,NA,NA,NA,NA,NA,"NAPOLEON ND 58561",80000,2013-08-27,2013,"1",NA,NA
"103","38043",NA,"13600180","10",NA,NA,NA,NA,NA,NA,NA,NA,NA,"ND",NA,2014-06-26,2014,"1",NA,NA
"104","38043",NA,"14018046","10",0.8,34848,NA,NA,NA,NA,NA,NA,NA,"3861  25TH AVE SE STEELE ND 584829505",165900,2019-09-05,2019,"1",NA,NA
"105","38043",NA,"26026012","10",2.74,119354,NA,NA,NA,NA,NA,NA,NA,"2247  47TH AVE SE PETTIBONE ND 584759345",32100,2015-07-15,2015,"1",NA,NA
"106","38043",NA,"30012023","10",1,43560,NA,NA,NA,NA,NA,NA,NA,"2350  HIGHWAY 36   TUTTLE ND 584889402",25000,2015-07-11,2015,"7",NA,NA
"107","38043",NA,"30201010","10",NA,NA,NA,NA,NA,NA,NA,NA,NA,"ND",8000,2009-01-27,2009,"1",NA,NA
"108","38043",NA,"13502010","10",NA,NA,NA,NA,NA,NA,NA,NA,NA,"",120000,2015-09-01,2015,"1",NA,NA
"109","38043",NA,"13502470","10",NA,NA,NA,NA,NA,NA,NA,NA,NA,"ND",NA,2012-10-31,2012,"1",NA,NA
"110","38043",NA,"13502720","10",NA,NA,NA,NA,NA,NA,NA,NA,NA,"ND",NA,2015-09-02,2015,"1",NA,NA
"111","38043",NA,"13600130","10",NA,NA,NA,NA,NA,NA,NA,NA,NA,"540 W LAKEVIEW LN  DAWSON ND 58428",192000,2018-05-30,2018,"1",NA,NA
"112","38043",NA,"13700130","10",NA,NA,NA,NA,NA,NA,NA,NA,NA,"781  SUNSET DR  DAWSON ND 58428",NA,2017-07-18,2017,"1",NA,NA
"113","38043",NA,"13700210","10",NA,NA,NA,NA,NA,NA,NA,NA,NA,"ND",NA,2017-08-02,2017,"1",NA,NA
"114","38043",NA,"13700430","10",NA,NA,NA,NA,NA,NA,NA,NA,NA,"ND",NA,2019-11-02,2019,"1",NA,NA
"115","38043",NA,"18200060","10",NA,NA,NA,NA,NA,NA,NA,NA,NA,"ND",112000,2015-03-19,2015,"1",NA,NA
"116","38043",NA,"18901006","10",0.32,13939,NA,NA,NA,NA,NA,NA,NA,"ND",NA,2014-09-25,2014,"1",NA,NA
"117","38043",NA,"18901010","10",0.32,13939,NA,NA,NA,NA,NA,NA,NA,"ND",45000,2015-12-10,2015,"1",NA,NA
"118","38043",NA,"18902013","10",0.33,14375,NA,NA,NA,NA,NA,NA,NA,"ND",NA,2014-10-20,2014,"1",NA,NA
"119","38043","380439668002595","22023011","10",40,1742400,NA,NA,NA,NA,NA,NA,NA,"4021  27TH ST SE TAPPEN ND 584879395",NA,2018-03-15,2018,"1",47.022272,-99.637003
"120","38043","380439668002345","26007040","10",154.91,6747880,NA,NA,NA,NA,NA,NA,NA,"4849  13TH ST SE PETTIBONE ND 584759404",NA,2012-08-24,2012,"1",47.128969,-99.59258
"121","38043",NA,"13400090","10",NA,NA,NA,NA,NA,NA,NA,NA,NA,"981  LAKEVIEW ST S DAWSON ND 584289508",3e+05,2016-09-26,2016,"1",NA,NA
"122","38043",NA,"30012018","10",1,43560,NA,NA,NA,NA,NA,NA,NA,"TUTTLE ND 58488",NA,2010-12-10,2010,"1",NA,NA
"123","38043",NA,"30201020","10",NA,NA,NA,NA,NA,NA,NA,NA,NA,"ND",NA,2012-08-10,2012,"1",NA,NA
"124","38043",NA,"30202030","10",NA,NA,NA,NA,NA,NA,NA,NA,NA,"ND",8000,2009-01-27,2009,"1",NA,NA
"125","38043",NA,"50102050","10",NA,NA,NA,NA,NA,NA,NA,NA,NA,"317  1ST AVE NE STEELE ND 584827013",148000,2019-10-14,2019,"1",NA,NA
"126","38043",NA,"50116060","10",NA,NA,NA,NA,NA,NA,NA,NA,NA,"212  DAKOTA AVE  DRISCOLL ND 585324008",NA,2016-05-27,2016,"1",NA,NA
"127","38043",NA,"50117080","10",NA,NA,NA,NA,NA,NA,NA,NA,NA,"116  1ST AVE SE STEELE ND 584827100",86900,2013-10-18,2013,"1",NA,NA
"128","38043",NA,"50120060","10",NA,NA,NA,NA,NA,NA,NA,NA,NA,"118  2ND AVE SW STEELE ND 584827205",76000,2009-04-06,2009,"1",NA,NA
"129","38043",NA,"50126020","10",NA,NA,NA,NA,NA,NA,NA,NA,NA,"210  1ST AVE SE STEELE ND 58482",NA,2015-06-30,2015,"1",NA,NA
"130","38043",NA,"50126060","10",NA,NA,NA,NA,NA,NA,NA,NA,NA,"221  MITCHELL AVE S STEELE ND 58482",50000,2013-05-15,2013,"1",NA,NA
"131","38043",NA,"50127080","10",NA,NA,NA,NA,NA,NA,NA,NA,NA,"203  1ST AVE SE STEELE ND 58482",NA,2014-09-08,2014,"1",NA,NA
"132","38043",NA,"50332010","10",NA,NA,NA,NA,NA,NA,NA,NA,NA,"ND",44000,2015-03-09,2015,"1",NA,NA
"133","38043",NA,"50342050","10",NA,NA,NA,NA,NA,NA,NA,NA,NA,"311  3RD ST SE STEELE ND 584827119",122000,2015-05-20,2015,"1",NA,NA
"134","38043",NA,"50346040","10",NA,NA,NA,NA,NA,NA,NA,NA,NA,"410  MITCHELL AVE N STEELE ND 584827034",43000,2019-05-02,2019,"1",NA,NA
"135","38043",NA,"50347060","10",NA,NA,NA,NA,NA,NA,NA,NA,NA,"521  MITCHELL AVE N STEELE ND 584827021",127000,2009-05-19,2009,"1",NA,NA
"136","38043",NA,"50352010","10",NA,NA,NA,NA,NA,NA,NA,NA,NA,"422  1ST AVE NE STEELE ND 584827011",113000,2011-10-06,2011,"1",NA,NA
"137","38043",NA,"50417040","10",NA,NA,NA,NA,NA,NA,NA,NA,NA,"4430  41ST AVE SE TAPPEN ND 584879346",NA,2018-03-15,2018,"1",NA,NA
"138","38043",NA,"55201040","10",NA,NA,NA,NA,NA,NA,NA,NA,NA,"ND",3000,2006-06-12,2006,"1",NA,NA
"139","38043",NA,"55202020","10",NA,NA,NA,NA,NA,NA,NA,NA,NA,"4011  HIGHWAY 3   DAWSON ND 584289682",97341.44,2018-07-02,2018,"1",NA,NA
"140","38043",NA,"55324020","10",NA,NA,NA,NA,NA,NA,NA,NA,NA,"224  THORTON AVE SW DAWSON ND 58428",NA,2014-10-02,2014,"1",NA,NA
"141","38043",NA,"55414060","10",NA,NA,NA,NA,NA,NA,NA,NA,NA,"ND",NA,2017-06-09,2017,"1",NA,NA
"142","38043",NA,"55415030","10",NA,NA,NA,NA,NA,NA,NA,NA,NA,"148  HIGGINS ST  DAWSON ND 58428",27000,2009-11-18,2009,"1",NA,NA
"143","38043",NA,"55415070","10",NA,NA,NA,NA,NA,NA,NA,NA,NA,"133  COOK ST SW DAWSON ND 58428",20000,2013-03-27,2013,"1",NA,NA
"144","38043",NA,"60108010","10",NA,NA,NA,NA,NA,NA,NA,NA,NA,"ND",NA,2012-03-19,2012,"1",NA,NA
"145","38043",NA,"60301030","10",NA,NA,NA,NA,NA,NA,NA,NA,NA,"ND",302858.75,2017-12-28,2017,"1",NA,NA
"146","38043",NA,"65204020","10",NA,NA,NA,NA,NA,NA,NA,NA,NA,"ND",40100,2014-06-26,2014,"7",NA,NA
"147","38043",NA,"65206010","10",NA,NA,NA,NA,NA,NA,NA,NA,NA,"ND",NA,2018-07-30,2018,"1",NA,NA
"148","38043",NA,"65301060","10",NA,NA,NA,NA,NA,NA,NA,NA,NA,"411  1ST AVE E ROBINSON ND 58478",NA,2017-03-16,2017,"1",NA,NA
"149","38043",NA,"70535040","10",NA,NA,NA,NA,NA,NA,NA,NA,NA,"127 S MAIN   TAPPEN ND 584878706",85000,2019-08-08,2019,"1",NA,NA
"150","38043",NA,"70611070","10",NA,NA,NA,NA,NA,NA,NA,NA,NA,"322  2ND ST NE TAPPEN ND 584878720",NA,2017-06-20,2017,"1",NA,NA
"151","38043",NA,"75104060","10",NA,NA,NA,NA,NA,NA,NA,NA,NA,"ND",NA,2017-11-10,2017,"1",NA,NA
"152","38043",NA,"75104080","10",NA,NA,NA,NA,NA,NA,NA,NA,NA,"ND",NA,2017-11-10,2017,"1",NA,NA
"153","38043",NA,"75110040","10",NA,NA,NA,NA,NA,NA,NA,NA,NA,"106  RAILROAD AVE E TUTTLE ND 58488",7000,2020-02-21,2020,"1",NA,NA
"154","38043",NA,"75314010","10",NA,NA,NA,NA,NA,NA,NA,NA,NA,"ND",NA,2016-10-05,2016,"1",NA,NA
"155","38043","380439668003597","01026012","10",10,435600,NA,NA,NA,NA,NA,NA,NA,"4660  52ND ST SE STREETER ND 584839670",40000,2019-04-16,2019,"1",46.656845,-99.475236
"156","38043","380439668003319","01028032","10",47,2047320,NA,NA,NA,NA,NA,NA,NA,"5034  48TH AVE SE STREETER ND 584839715",25000,2012-05-31,2012,"1",46.648745,-99.526959
"157","38043",NA,"13501020","10",NA,NA,NA,NA,NA,NA,NA,NA,NA,"404 W LAKEVIEW LN  DAWSON ND 584289502",325000,2019-05-06,2019,"1",NA,NA
"158","38043",NA,"13502150","10",NA,NA,NA,NA,NA,NA,NA,NA,NA,"348 N LAKEVIEW DR  DAWSON ND 584289503",2e+05,2014-05-07,2014,"1",NA,NA
"159","38043",NA,"13502380","10",NA,NA,NA,NA,NA,NA,NA,NA,NA,"ND",NA,2016-02-24,2016,"1",NA,NA
"160","38043",NA,"13502430","10",NA,NA,NA,NA,NA,NA,NA,NA,NA,"252 N LAKEVIEW DR  DAWSON ND 584289505",250000,2008-04-08,2008,"1",NA,NA
"161","38043",NA,"13502510","10",NA,NA,NA,NA,NA,NA,NA,NA,NA,"ND",340000,2018-08-01,2018,"1",NA,NA
"162","38043",NA,"13502640","10",NA,NA,NA,NA,NA,NA,NA,NA,NA,"ND",322500,2019-06-27,2019,"1",NA,NA
"163","38043",NA,"13502780","10",NA,NA,NA,NA,NA,NA,NA,NA,NA,"112 N LAKEVIEW DR  DAWSON ND 584289504",422000,2016-02-23,2016,"1",NA,NA
"164","38043",NA,"13600010","10",NA,NA,NA,NA,NA,NA,NA,NA,NA,"ND",85000,2019-09-13,2019,"1",NA,NA
"165","38043",NA,"13600260","10",NA,NA,NA,NA,NA,NA,NA,NA,NA,"ND",75000,2016-08-09,2016,"1",NA,NA
"166","38043",NA,"13600290","10",NA,NA,NA,NA,NA,NA,NA,NA,NA,"ND",NA,2009-08-24,2009,"1",NA,NA
"167","38043",NA,"14017104","10",2.82,122839,NA,NA,NA,NA,NA,NA,NA,"150  MOSET LN  STEELE ND 584827325",20000,2013-03-22,2013,"1",NA,NA
"168","38043",NA,"14017108","10",2.89,125888,NA,NA,NA,NA,NA,NA,NA,"145  MOSET LN  STEELE ND 584827325",270000,2019-05-21,2019,"6",NA,NA
"169","38043",NA,"18200010","10",NA,NA,NA,NA,NA,NA,NA,NA,NA,"ND",5000,2009-07-24,2009,"1",NA,NA
"170","38043",NA,"18902011","10",0.33,14375,NA,NA,NA,NA,NA,NA,NA,"ND",NA,2014-10-20,2014,"1",NA,NA
"171","38043",NA,"18912010","10",0.35,15246,NA,NA,NA,NA,NA,NA,NA,"280  PRAIRIE SANDS DR  DAWSON ND 58428",NA,2016-12-30,2016,"3",NA,NA
"172","38043",NA,"19013022","10",60,2613600,NA,NA,NA,NA,NA,NA,NA,"3250  29TH AVE SE STEELE ND 584829547",145000,2012-11-01,2012,"1",NA,NA
"173","38043",NA,"50113090","10",NA,NA,NA,NA,NA,NA,NA,NA,NA,"221  1ST AVE NE STEELE ND 584827048",105980,2013-11-18,2013,"1",NA,NA
"174","38043",NA,"50119010","10",NA,NA,NA,NA,NA,NA,NA,NA,NA,"207  BROADWAY AVE  STEELE ND 58482",62371.25,2014-06-13,2014,"1",NA,NA
"175","38043",NA,"50122060","10",NA,NA,NA,NA,NA,NA,NA,NA,NA,"205  4TH AVE SW STEELE ND 584827226",129000,2017-01-13,2017,"1",NA,NA
"176","38043",NA,"50331020","10",NA,NA,NA,NA,NA,NA,NA,NA,NA,"310  1ST AVE SE STEELE ND 58482",NA,2018-05-08,2018,"1",NA,NA
"177","38043",NA,"50331040","10",NA,NA,NA,NA,NA,NA,NA,NA,NA,"120  3RD ST SE STEELE ND 58482",143100,2018-07-06,2018,"1",NA,NA
"178","38043",NA,"50331050","10",NA,NA,NA,NA,NA,NA,NA,NA,NA,"ND",NA,2011-01-21,2011,"1",NA,NA
"179","38043",NA,"50335030","10",NA,NA,NA,NA,NA,NA,NA,NA,NA,"412  3RD ST SW STEELE ND 584827222",185000,2018-09-12,2018,"1",NA,NA
"180","38043",NA,"50335060","10",NA,NA,NA,NA,NA,NA,NA,NA,NA,"303  4TH AVE SW STEELE ND 584827250",133750,2014-11-21,2014,"1",NA,NA
"181","38043",NA,"50336030","10",NA,NA,NA,NA,NA,NA,NA,NA,NA,"412  3RD AVE SW STEELE ND 584827218",169000,2016-10-28,2016,"1",NA,NA
"182","38043",NA,"50338030","10",NA,NA,NA,NA,NA,NA,NA,NA,NA,"418  1ST AVE SW STEELE ND 58482",165000,2013-02-28,2013,"1",NA,NA
"183","38043",NA,"50338070","10",NA,NA,NA,NA,NA,NA,NA,NA,NA,"409  2ND AVE SW STEELE ND 584827211",96500,2012-10-26,2012,"1",NA,NA
"184","38043",NA,"50340020","10",NA,NA,NA,NA,NA,NA,NA,NA,NA,"412  1ST AVE SE STEELE ND 58482",40000,2012-11-27,2012,"1",NA,NA
"185","38043",NA,"50342020","10",NA,NA,NA,NA,NA,NA,NA,NA,NA,"420  3RD AVE SE STEELE ND 584827107",16200,2011-12-27,2011,"1",NA,NA
"186","38043",NA,"50352040","10",NA,NA,NA,NA,NA,NA,NA,NA,NA,"409  MITCHELL AVE N STEELE ND 584827019",229000,2015-10-20,2015,"1",NA,NA
"187","38043",NA,"50414035","10",NA,NA,NA,NA,NA,NA,NA,NA,NA,"220  5TH AVE SW STEELE ND 584827230",90312.5,2018-02-26,2018,"1",NA,NA
"188","38043",NA,"50416040","10",NA,NA,NA,NA,NA,NA,NA,NA,NA,"502  3RD ST SW STEELE ND 584827223",149606.25,2018-04-25,2018,"1",NA,NA
"189","38043",NA,"50417030","10",NA,NA,NA,NA,NA,NA,NA,NA,NA,"416  4TH AVE SW STEELE ND 584827228",NA,2010-08-18,2010,"1",NA,NA
"190","38043",NA,"50417060","10",NA,NA,NA,NA,NA,NA,NA,NA,NA,"407  5TH AVE SW STEELE ND 584827231",299350,2017-07-28,2017,"1",NA,NA
"191","38043",NA,"55106070","10",NA,NA,NA,NA,NA,NA,NA,NA,NA,"103  HIGHWAY 3  N DAWSON ND 584282813",35100,2017-02-02,2017,"1",NA,NA
"192","38043",NA,"55507030","10",NA,NA,NA,NA,NA,NA,NA,NA,NA,"153  PROSPECT ST E DAWSON ND 584283000",NA,2010-09-29,2010,"1",NA,NA
"193","38043",NA,"60302080","10",NA,NA,NA,NA,NA,NA,NA,NA,NA,"201  1ST ST NW PETTIBONE ND 584757503",4000,2018-06-19,2018,"1",NA,NA
"194","38043",NA,"60302090","10",NA,NA,NA,NA,NA,NA,NA,NA,NA,"PETTIBONE ND 58475",NA,2014-04-09,2014,"1",NA,NA
"195","38043",NA,"70108010","10",0.2,8712,NA,NA,NA,NA,NA,NA,NA,"3463  38TH AVE SE TAPPEN ND 584879375",45000,2013-01-10,2013,"1",NA,NA
"196","38043",NA,"70409020","10",NA,NA,NA,NA,NA,NA,NA,NA,NA,"229  1ST ST NE TAPPEN ND 584878725",45000,2019-05-03,2019,"1",NA,NA
"197","38043",NA,"70420060","10",NA,NA,NA,NA,NA,NA,NA,NA,NA,"213  1ST ST NE TAPPEN ND 584878725",13600,2011-06-23,2011,"1",NA,NA
"198","38043",NA,"70522011","10",NA,NA,NA,NA,NA,NA,NA,NA,NA,"113 S MAIN   TAPPEN ND 584878706",43000,2015-08-26,2015,"1",NA,NA
"199","38043",NA,"70701020","10",NA,NA,NA,NA,NA,NA,NA,NA,NA,"ND 584879313",40000,2015-11-09,2015,"1",NA,NA
"200","38043",NA,"70701100","10",NA,NA,NA,NA,NA,NA,NA,NA,NA,"130 S MAIN   TAPPEN ND 584878710",NA,2007-07-31,2007,"1",NA,NA
"201","38043",NA,"75109070","10",NA,NA,NA,NA,NA,NA,NA,NA,NA,"202  RAILROAD AVE E TUTTLE ND 58488",NA,2011-09-15,2011,"1",NA,NA
"202","38043",NA,"75217070","10",NA,NA,NA,NA,NA,NA,NA,NA,NA,"300  3RD AVE W TUTTLE ND 58488",NA,2015-10-27,2015,"1",NA,NA
"203","38043",NA,"75310010","10",NA,NA,NA,NA,NA,NA,NA,NA,NA,"ND",NA,2014-08-22,2014,"1",NA,NA
"204","38043","380439668003505","02026012","10",38.9,1694484,NA,NA,NA,NA,NA,NA,NA,"4074  52ND ST SE TAPPEN ND 584879336",210000,2015-01-06,2015,"1",46.65885,-99.604869
"205","38043","380439668003188","13015013","10",68.48,2982989,NA,NA,NA,NA,NA,NA,NA,"3836  HIGHWAY 3   DAWSON ND 584289636",139060,2018-03-02,2018,"1",46.862036,-99.746596
"206","38043",NA,"29009012","10",4.46,194278,NA,NA,NA,NA,NA,NA,NA,"2680  HIGHWAY 36   TUTTLE ND 584889415",NA,2017-09-25,2017,"1",NA,NA
"207","38043",NA,"31014022","10",11.13,484823,NA,NA,NA,NA,NA,NA,NA,"4650-14TH ST SE PETTIBONE ND 58475",NA,2017-06-29,2017,"1",NA,NA
"208","38043",NA,"50103080","10",NA,NA,NA,NA,NA,NA,NA,NA,NA,"323  MITCHELL AVE N STEELE ND 584827041",60000,2015-02-06,2015,"1",NA,NA
"209","38043",NA,"50104020","10",NA,NA,NA,NA,NA,NA,NA,NA,NA,"320  MITCHELL AVE N STEELE ND 584827016",21600,2012-04-27,2012,"1",NA,NA
"210","38043",NA,"50104060","10",NA,NA,NA,NA,NA,NA,NA,NA,NA,"311  1ST AVE NW STEELE ND 58482",251800,2019-12-19,2019,"1",NA,NA
"211","38043",NA,"50105050","10",NA,NA,NA,NA,NA,NA,NA,NA,NA,"317  2ND AVE NW STEELE ND 584827316",294500,2015-06-22,2015,"1",NA,NA
"212","38043","380439668003319","01020041","10",39.76,1731946,NA,NA,NA,NA,NA,NA,NA,"5449  45TH ST SE MEDINA ND 584679740",146000,2019-06-11,2019,"1",46.666447,-99.535984
"213","38043",NA,"18902015","10",0.33,14375,NA,NA,NA,NA,NA,NA,NA,"228  PRAIRIE SANDS DR  DAWSON ND 584283001",NA,2014-10-20,2014,"1",NA,NA
"214","38043",NA,"18902029","10",0.34,14810,NA,NA,NA,NA,NA,NA,NA,"256  PRAIRIE SANDS DR  DAWSON ND 58428",25000,2011-08-30,2011,"1",NA,NA
"215","38043",NA,"18911006","10",0.18,7841,NA,NA,NA,NA,NA,NA,NA,"ND",NA,2018-01-04,2018,"1",NA,NA
"216","38043",NA,"18912006","10",0.38,16553,NA,NA,NA,NA,NA,NA,NA,"ND",120000,2012-12-27,2012,"1",NA,NA
"217","38043",NA,"18912008","10",0.38,16553,NA,NA,NA,NA,NA,NA,NA,"ND",NA,2016-03-29,2016,"1",NA,NA
"218","38043",NA,"19008032","10",2.36,102802,NA,NA,NA,NA,NA,NA,NA,"3180  HIGHWAY 3   STEELE ND 584829523",185000,2019-08-21,2019,"1",NA,NA
"219","38043","380439668002731","30032042","10",59.9,2609244,NA,NA,NA,NA,NA,NA,NA,"ND",1e+06,2019-11-01,2019,"7",47.071335,-100.075506
"220","38043",NA,"50103060","10",NA,NA,NA,NA,NA,NA,NA,NA,NA,"104  2ND ST NE STEELE ND 584827040",225100,2016-07-29,2016,"1",NA,NA
"221","38043",NA,"50105030","10",NA,NA,NA,NA,NA,NA,NA,NA,NA,"304  1ST AVE NW STEELE ND 584827023",NA,2015-04-01,2015,"1",NA,NA
"222","38043",NA,"50106010","10",NA,NA,NA,NA,NA,NA,NA,NA,NA,"305  3RD ST NW STEELE ND 584827319",110000,2015-08-17,2015,"1",NA,NA
"223","38043",NA,"50106040","10",NA,NA,NA,NA,NA,NA,NA,NA,NA,"302  2ND AVE NW STEELE ND 584827304",82500,2013-03-15,2013,"1",NA,NA
"224","38043",NA,"50125020","10",NA,NA,NA,NA,NA,NA,NA,NA,NA,"210  MITCHELL AVE S STEELE ND 584827120",171564.66,2014-06-25,2014,"1",NA,NA
"225","38043",NA,"50125040","10",NA,NA,NA,NA,NA,NA,NA,NA,NA,"120  2ND ST SW STEELE ND 584827106",NA,2019-01-04,2019,"1",NA,NA
"226","38043",NA,"50127020","10",NA,NA,NA,NA,NA,NA,NA,NA,NA,"210  2ND AVE SE STEELE ND 584827134",NA,2013-12-13,2013,"1",NA,NA
"227","38043",NA,"50128010","10",NA,NA,NA,NA,NA,NA,NA,NA,NA,"ND",72500,2016-08-29,2016,"1",NA,NA
"228","38043",NA,"50339040","10",NA,NA,NA,NA,NA,NA,NA,NA,NA,"416  MITCHELL AVE S STEELE ND 584827126",40000,2008-05-21,2008,"1",NA,NA
"229","38043",NA,"50339070","10",NA,NA,NA,NA,NA,NA,NA,NA,NA,"415  1ST AVE SW STEELE ND 58482",47845,2019-01-24,2019,"1",NA,NA
"230","38043",NA,"50356010","10",NA,NA,NA,NA,NA,NA,NA,NA,NA,"ND",105000,2016-11-10,2016,"1",NA,NA
"231","38043",NA,"50412030","10",NA,NA,NA,NA,NA,NA,NA,NA,NA,"120  4TH AVE SW STEELE ND 584827243",150100,2015-08-19,2015,"1",NA,NA
"232","38043",NA,"55201050","10",NA,NA,NA,NA,NA,NA,NA,NA,NA,"ND",30600,2018-06-11,2018,"1",NA,NA
"233","38043",NA,"55428010","10",NA,NA,NA,NA,NA,NA,NA,NA,NA,"ND",18000,2012-12-27,2012,"1",NA,NA
"234","38043",NA,"60102040","10",NA,NA,NA,NA,NA,NA,NA,NA,NA,"",NA,2010-06-12,2010,"1",NA,NA
"235","38043",NA,"13033012","10",3.3,143748,NA,NA,NA,NA,NA,NA,NA,"4115  HIGHWAY 3   DAWSON ND 584289634",71000,2012-06-01,2012,"1",NA,NA
"236","38043","380439668003202","13111008","10",4.78,208217,NA,NA,NA,NA,NA,NA,NA,"ND",NA,2016-01-13,2016,"1",46.810969,-99.800421
"237","38043",NA,"13502110","10",NA,NA,NA,NA,NA,NA,NA,NA,NA,"ND",250000,2017-04-03,2017,"1",NA,NA
"238","38043",NA,"13502280","10",NA,NA,NA,NA,NA,NA,NA,NA,NA,"ND",NA,2013-04-23,2013,"1",NA,NA
"239","38043",NA,"13502450","10",NA,NA,NA,NA,NA,NA,NA,NA,NA,"ND",NA,2016-10-21,2016,"1",NA,NA
"240","38043",NA,"13502550","10",NA,NA,NA,NA,NA,NA,NA,NA,NA,"204 N LAKEVIEW DR  DAWSON ND 584289505",115000,2007-05-29,2007,"1",NA,NA
"241","38043",NA,"13502570","10",NA,NA,NA,NA,NA,NA,NA,NA,NA,"",172500,2012-05-25,2012,"1",NA,NA
"242","38043",NA,"13700420","10",NA,NA,NA,NA,NA,NA,NA,NA,NA,"709  ELK DR  DAWSON ND 584282820",207813,2017-10-10,2017,"1",NA,NA
"243","38043",NA,"14017102","10",2.89,125888,NA,NA,NA,NA,NA,NA,NA,"130  MILLS LN  STEELE ND 58482",376000,2020-01-24,2020,"1",NA,NA
"244","38043",NA,"18006023","10",7.32,318859,NA,NA,NA,NA,NA,NA,NA,"3053  30TH AVE SE STEELE ND 584829543",4200,2011-10-10,2011,"6",NA,NA
"245","38043",NA,"18200030","10",NA,NA,NA,NA,NA,NA,NA,NA,NA,"134 N MEADOWLARK WAY  DAWSON ND 584289506",25000,2013-03-05,2013,"1",NA,NA
"246","38043",NA,"18400010","10",0.47,20473,NA,NA,NA,NA,NA,NA,NA,"ND",116000,2019-08-30,2019,"1",NA,NA
"247","38043",NA,"18400020","10",0.4,17424,NA,NA,NA,NA,NA,NA,NA,"ND",NA,2013-12-05,2013,"1",NA,NA
"248","38043",NA,"18902001","10",0.33,14375,NA,NA,NA,NA,NA,NA,NA,"ND",NA,2014-10-20,2014,"1",NA,NA
"249","38043",NA,"18902002","10",0.34,14810,NA,NA,NA,NA,NA,NA,NA,"ND",NA,2014-10-20,2014,"1",NA,NA
"250","38043",NA,"60104040","10",NA,NA,NA,NA,NA,NA,NA,NA,NA,"ND",302858.75,2017-12-28,2017,"1",NA,NA
"251","38043",NA,"60104070","10",NA,NA,NA,NA,NA,NA,NA,NA,NA,"204  1ST ST NW PETTIBONE ND 584757500",51477.5,2017-09-27,2017,"1",NA,NA
"252","38043",NA,"60107070","10",NA,NA,NA,NA,NA,NA,NA,NA,NA,"106  1ST AVE W PETTIBONE ND 58475",26500,2007-06-22,2007,"1",NA,NA
"253","38043",NA,"60110150","10",NA,NA,NA,NA,NA,NA,NA,NA,NA,"102  1ST AVE  PETTIBONE ND 58475",NA,2016-08-18,2016,"1",NA,NA
"254","38043",NA,"60302100","10",NA,NA,NA,NA,NA,NA,NA,NA,NA,"207  2ND AVE NW PETTIBONE ND 584757505",7000,2018-05-23,2018,"1",NA,NA
"255","38043",NA,"60304030","10",NA,NA,NA,NA,NA,NA,NA,NA,NA,"ND",302858.75,2017-12-28,2017,"1",NA,NA
"256","38043",NA,"65209020","10",NA,NA,NA,NA,NA,NA,NA,NA,NA,"ND",NA,2013-01-25,2013,"1",NA,NA
"257","38043",NA,"70408020","10",NA,NA,NA,NA,NA,NA,NA,NA,NA,"4180  45TH AVE SE TAPPEN ND 584879356",25000,2019-08-14,2019,"1",NA,NA
"258","38043",NA,"70409040","10",NA,NA,NA,NA,NA,NA,NA,NA,NA,"ND",5000,2009-07-16,2009,"1",NA,NA
"259","38043",NA,"70409120","10",NA,NA,NA,NA,NA,NA,NA,NA,NA,"3949  38TH AVE SE TAPPEN ND 584879418",8000,2009-04-17,2009,"1",NA,NA
"260","38043",NA,"70519085","10",NA,NA,NA,NA,NA,NA,NA,NA,NA,"ND",55500,2009-11-23,2009,"1",NA,NA
"261","38043",NA,"70534010","10",NA,NA,NA,NA,NA,NA,NA,NA,NA,"3964  37TH ST SE TAPPEN ND 584879445",NA,2014-07-10,2014,"1",NA,NA
"262","38043",NA,"70534080","10",NA,NA,NA,NA,NA,NA,NA,NA,NA,"126 S MAIN   TAPPEN ND 584878710",17000,2008-07-21,2008,"1",NA,NA
"263","38043",NA,"70534085","10",NA,NA,NA,NA,NA,NA,NA,NA,NA,"126 S MAIN   TAPPEN ND 584878710",5000,2018-11-14,2018,"1",NA,NA
"264","38043",NA,"70535020","10",NA,NA,NA,NA,NA,NA,NA,NA,NA,"ND 584878706",10000,2020-01-27,2020,"1",NA,NA
"265","38043",NA,"70523070","10",NA,NA,NA,NA,NA,NA,NA,NA,NA,"209  WATER ST W MEDINA ND 584677013",NA,2018-08-27,2018,"1",NA,NA
"266","38043",NA,"70618050","10",NA,NA,NA,NA,NA,NA,NA,NA,NA,"",NA,2013-11-13,2013,"1",NA,NA
"267","38043",NA,"75107020","10",NA,NA,NA,NA,NA,NA,NA,NA,NA,"ND",NA,2018-07-31,2018,"1",NA,NA
"268","38043",NA,"75109110","10",NA,NA,NA,NA,NA,NA,NA,NA,NA,"",NA,2015-10-20,2015,"1",NA,NA
"269","38043",NA,"75112060","10",NA,NA,NA,NA,NA,NA,NA,NA,NA,"ND",NA,2015-02-09,2015,"1",NA,NA
"270","38043",NA,"75305010","10",NA,NA,NA,NA,NA,NA,NA,NA,NA,"601 N PRAIRIE ST  TUTTLE ND 584888815",3500,2012-11-20,2012,"1",NA,NA
"271","38043",NA,"11203010","10",NA,NA,NA,NA,NA,NA,NA,NA,NA,"ND",NA,2016-10-10,2016,"1",NA,NA
"272","38043",NA,"13600210","10",NA,NA,NA,NA,NA,NA,NA,NA,NA,"ND",150000,2015-10-06,2015,"1",NA,NA
"273","38043",NA,"13700260","10",NA,NA,NA,NA,NA,NA,NA,NA,NA,"214  AVENUE F  E NAPOLEON ND 585617437",112500,2016-04-08,2016,"1",NA,NA
"274","38043",NA,"13700400","10",NA,NA,NA,NA,NA,NA,NA,NA,NA,"ND",NA,2013-05-09,2013,"1",NA,NA
"275","38043",NA,"17033012","10",10,435600,NA,NA,NA,NA,NA,NA,NA,"3863  35TH DR SE TAPPEN ND 584879369",267187.5,2016-05-20,2016,"1",NA,NA
"276","38043",NA,"18200050","10",NA,NA,NA,NA,NA,NA,NA,NA,NA,"ND",75000,2014-07-10,2014,"1",NA,NA
"277","38043",NA,"18200100","10",NA,NA,NA,NA,NA,NA,NA,NA,NA,"DAWSON ND 58428",75000,2015-05-13,2015,"1",NA,NA
"278","38043",NA,"18200130","10",NA,NA,NA,NA,NA,NA,NA,NA,NA,"112 S SHORELINE DR  DAWSON ND 58428",195000,2019-07-16,2019,"1",NA,NA
"279","38043",NA,"18200170","10",NA,NA,NA,NA,NA,NA,NA,NA,NA,"ND",NA,2017-10-03,2017,"1",NA,NA
"280","38043",NA,"18200180","10",NA,NA,NA,NA,NA,NA,NA,NA,NA,"DAWSON ND 58428",154000,2015-11-30,2015,"1",NA,NA
"281","38043","380439668002125","32003010","10",153.13,6670343,NA,NA,NA,NA,NA,NA,NA,"ND",NA,2018-01-05,2018,"1",47.237534,-99.656306
"282","38043",NA,"18901002","10",0.31,13504,NA,NA,NA,NA,NA,NA,NA,"ND",25000,2011-09-12,2011,"1",NA,NA
"283","38043",NA,"18902004","10",0.34,14810,NA,NA,NA,NA,NA,NA,NA,"ND",NA,2014-10-20,2014,"1",NA,NA
"284","38043",NA,"18902009","10",0.33,14375,NA,NA,NA,NA,NA,NA,NA,"ND",NA,2014-10-20,2014,"1",NA,NA
"285","38043","380439668002345","26007012","10",27.11,1180912,NA,NA,NA,NA,NA,NA,NA,"1955  43RD AVE SE PETTIBONE ND 584759325",8000,2007-02-21,2007,"1",47.13401,-99.589577
"286","38043","380439668002437","27032040","10",160,6969600,NA,NA,NA,NA,NA,NA,NA,"ND",NA,2013-09-13,2013,"1",47.071246,-99.698063
"287","38043",NA,"50113080","10",NA,NA,NA,NA,NA,NA,NA,NA,NA,"ND",52100,2018-08-10,2018,"1",NA,NA
"288","38043",NA,"50120020","10",NA,NA,NA,NA,NA,NA,NA,NA,NA,"108  2ND AVE SW STEELE ND 584827205",89900,2011-07-08,2011,"1",NA,NA
"289","38043",NA,"50121011","10",NA,NA,NA,NA,NA,NA,NA,NA,NA,"105  4TH AVE SW STEELE ND 584827252",NA,2014-02-14,2014,"1",NA,NA
"290","38043",NA,"50124030","10",NA,NA,NA,NA,NA,NA,NA,NA,NA,"ND",NA,2017-12-15,2017,"1",NA,NA
"291","38043",NA,"50126050","10",NA,NA,NA,NA,NA,NA,NA,NA,NA,"ND",NA,2015-07-01,2015,"1",NA,NA
"292","38043",NA,"50127060","10",NA,NA,NA,NA,NA,NA,NA,NA,NA,"204  2ND ST SE STEELE ND 584827124",10000,2019-04-22,2019,"1",NA,NA
"293","38043",NA,"50128040","10",NA,NA,NA,NA,NA,NA,NA,NA,NA,"218  3RD AVE SE STEELE ND 584827140",221000,2017-02-24,2017,"1",NA,NA
"294","38043",NA,"50330030","10",NA,NA,NA,NA,NA,NA,NA,NA,NA,"320  2ND AVE SE STEELE ND 584827133",127100,2018-10-26,2018,"1",NA,NA
"295","38043",NA,"50334030","10",NA,NA,NA,NA,NA,NA,NA,NA,NA,"310  3RD ST SW STEELE ND 584827242",275100,2014-05-01,2014,"1",NA,NA
"296","38043",NA,"50336080","10",NA,NA,NA,NA,NA,NA,NA,NA,NA,"405  4TH AVE SW STEELE ND 584827229",55000,2009-11-18,2009,"1",NA,NA
"297","38043",NA,"50341040","10",NA,NA,NA,NA,NA,NA,NA,NA,NA,"419  1ST AVE SE STEELE ND 584827143",NA,2017-11-17,2017,"1",NA,NA
"298","38043",NA,"50341070","10",NA,NA,NA,NA,NA,NA,NA,NA,NA,"403  1ST AVE SE STEELE ND 584827143",130900,2015-09-24,2015,"1",NA,NA
"299","38043",NA,"50342030","10",NA,NA,NA,NA,NA,NA,NA,NA,NA,"324  4TH ST SE STEELE ND 584827103",159900,2015-08-14,2015,"1",NA,NA
"300","38043",NA,"50354030","10",NA,NA,NA,NA,NA,NA,NA,NA,NA,"404  1ST AVE NW STEELE ND 584827026",52000,2016-09-13,2016,"1",NA,NA
"301","38043",NA,"50355021","10",NA,NA,NA,NA,NA,NA,NA,NA,NA,"320  3RD ST NW STEELE ND 584827318",NA,2014-01-23,2014,"1",NA,NA
"302","38043",NA,"50356035","10",NA,NA,NA,NA,NA,NA,NA,NA,NA,"ND",NA,2013-12-02,2013,"1",NA,NA
"303","38043",NA,"50501030","10",NA,NA,NA,NA,NA,NA,NA,NA,NA,"ND",95000,2009-06-22,2009,"1",NA,NA
"304","38043",NA,"50603010","10",NA,NA,NA,NA,NA,NA,NA,NA,NA,"107  1ST ST NW STEELE ND 58482",160312.5,2016-05-27,2016,"1",NA,NA
"305","38043",NA,"55313030","10",NA,NA,NA,NA,NA,NA,NA,NA,NA,"ND",40000,2013-05-24,2013,"1",NA,NA
"306","38043",NA,"55508020","10",NA,NA,NA,NA,NA,NA,NA,NA,NA,"410  HIGHWAY 3  N DAWSON ND 584282812",225000,2015-12-21,2015,"1",NA,NA
"307","38043",NA,"65100020","10",NA,NA,NA,NA,NA,NA,NA,NA,NA,"204  WESTLEET ST  ROBINSON ND 584787806",8000,2011-09-28,2011,"1",NA,NA
"308","38043",NA,"65203070","10",NA,NA,NA,NA,NA,NA,NA,NA,NA,"103  HUGHES ST  ROBINSON ND 58478",NA,2018-03-02,2018,"1",NA,NA
"309","38043",NA,"65207010","10",NA,NA,NA,NA,NA,NA,NA,NA,NA,"ND",NA,2016-10-20,2016,"1",NA,NA
"310","38043",NA,"70408040","10",NA,NA,NA,NA,NA,NA,NA,NA,NA,"123 N MAIN   TAPPEN ND 584878727",22500,2019-09-09,2019,"1",NA,NA
"311","38043",NA,"70408080","10",NA,NA,NA,NA,NA,NA,NA,NA,NA,"222  1ST ST NW TAPPEN ND 584878712",14300,2007-08-10,2007,"1",NA,NA
"312","38043",NA,"70408110","10",NA,NA,NA,NA,NA,NA,NA,NA,NA,"228  1ST ST NW TAPPEN ND 584878712",NA,2017-07-14,2017,"1",NA,NA
"313","38043",NA,"70420090","10",NA,NA,NA,NA,NA,NA,NA,NA,NA,"TAPPEN ND 58487",7000,2018-07-25,2018,"1",NA,NA
"314","38043",NA,"50106020","10",NA,NA,NA,NA,NA,NA,NA,NA,NA,"",15000,2019-11-01,2019,"1",NA,NA
"315","38043",NA,"50115020","10",NA,NA,NA,NA,NA,NA,NA,NA,NA,"ND",178661.25,2018-03-19,2018,"1",NA,NA
"316","38043",NA,"50122010","10",NA,NA,NA,NA,NA,NA,NA,NA,NA,"210  3RD AVE SW STEELE ND 584827215",109000,2011-01-21,2011,"1",NA,NA
"317","38043",NA,"50122050","10",NA,NA,NA,NA,NA,NA,NA,NA,NA,"STEELE ND 58482",5500,2012-10-10,2012,"1",NA,NA
"318","38043",NA,"50123020","10",NA,NA,NA,NA,NA,NA,NA,NA,NA,"210  2ND AVE SW STEELE ND 584827206",154900,2015-07-13,2015,"1",NA,NA
"319","38043",NA,"50125010","10",NA,NA,NA,NA,NA,NA,NA,NA,NA,"204  MITCHELL AVE S STEELE ND 584827120",221875,2016-12-16,2016,"1",NA,NA
"320","38043",NA,"50126070","10",NA,NA,NA,NA,NA,NA,NA,NA,NA,"215  MITCHELL AVE S STEELE ND 584827121",7100,2010-08-13,2010,"1",NA,NA
"321","38043",NA,"50329010","10",NA,NA,NA,NA,NA,NA,NA,NA,NA,"STEELE ND 58482",NA,2011-01-23,2011,"1",NA,NA
"322","38043",NA,"50330020","10",NA,NA,NA,NA,NA,NA,NA,NA,NA,"310  2ND AVE SE STEELE ND 58482",173000,2019-10-18,2019,"1",NA,NA
"323","38043",NA,"50333030","10",NA,NA,NA,NA,NA,NA,NA,NA,NA,"",64765,2011-03-11,2011,"1",NA,NA
"324","38043",NA,"50333040","10",NA,NA,NA,NA,NA,NA,NA,NA,NA,"206  3RD ST SW STEELE ND 584827220",248736.25,2018-03-29,2018,"1",NA,NA
"325","38043",NA,"50334060","10",NA,NA,NA,NA,NA,NA,NA,NA,NA,"305  3RD AVE SW STEELE ND 584827217",140000,2012-05-31,2012,"1",NA,NA
"326","38043",NA,"50347030","10",NA,NA,NA,NA,NA,NA,NA,NA,NA,"110  4TH ST NE STEELE ND 584827042",148000,2019-04-12,2019,"1",NA,NA
"327","38043",NA,"50412040","10",NA,NA,NA,NA,NA,NA,NA,NA,NA,"520  1ST ST SW STEELE ND 584827204",122000,2011-04-12,2011,"1",NA,NA
"328","38043",NA,"55202010","10",NA,NA,NA,NA,NA,NA,NA,NA,NA,"",NA,2016-09-22,2016,"1",NA,NA
"329","38043",NA,"55325010","10",NA,NA,NA,NA,NA,NA,NA,NA,NA,"ND",NA,2017-08-09,2017,"1",NA,NA
"330","38043",NA,"55418010","10",NA,NA,NA,NA,NA,NA,NA,NA,NA,"DAWSON ND 58428",60000,2016-05-11,2016,"1",NA,NA
"331","38043",NA,"55428015","10",NA,NA,NA,NA,NA,NA,NA,NA,NA,"429  THORTON AVE SW DAWSON ND 584282817",NA,2014-06-16,2014,"1",NA,NA
"332","38043",NA,"60201010","10",1.64,71438,NA,NA,NA,NA,NA,NA,NA,"111 S MAIN ST  PETTIBONE ND 584757501",6500,1987-07-06,1987,"1",NA,NA
"333","38043",NA,"65303020","10",NA,NA,NA,NA,NA,NA,NA,NA,NA,"ND",NA,2014-09-28,2014,"1",NA,NA
"334","38043",NA,"70408090","10",NA,NA,NA,NA,NA,NA,NA,NA,NA,"STEELE ND 58482",NA,2015-09-08,2015,"1",NA,NA
"335","38043",NA,"70611010","10",NA,NA,NA,NA,NA,NA,NA,NA,NA,"350  COLUMBIA AVE NE TAPPEN ND 584878717",NA,2018-07-23,2018,"1",NA,NA
"336","38043",NA,"75104020","10",NA,NA,NA,NA,NA,NA,NA,NA,NA,"",35000,2019-06-02,2019,"1",NA,NA
"337","38043",NA,"75104030","10",NA,NA,NA,NA,NA,NA,NA,NA,NA,"",17000,2019-08-31,2019,"1",NA,NA
"338","38043",NA,"75106010","10",NA,NA,NA,NA,NA,NA,NA,NA,NA,"309 N MAIN ST  TUTTLE ND 584887700",NA,2013-09-13,2013,"1",NA,NA
"339","38043",NA,"75216030","10",NA,NA,NA,NA,NA,NA,NA,NA,NA,"ND",4500,2008-08-29,2008,"1",NA,NA
"340","38043",NA,"01014012","10",16.15,703494,NA,NA,NA,NA,NA,NA,NA,"4575  50TH ST SE STREETER ND 584839676",NA,2011-08-19,2011,"1",NA,NA
"341","38043","380439668003496","02030023","10",20,871200,NA,NA,NA,NA,NA,NA,NA,"5245  37TH AVE SE TAPPEN ND 584879329",120000,2015-11-06,2015,"1",46.65582,-99.692958
"342","38043",NA,"12003032","10",7.3,317988,NA,NA,NA,NA,NA,NA,NA,"ND",195000,2012-01-23,2012,"7",NA,NA
"343","38043","380439668003202","13111001","10",9.25,402930,NA,NA,NA,NA,NA,NA,NA,"ND",272891.25,2015-08-11,2015,"1",46.806883,-99.802366
"344","38043",NA,"13301050","10",NA,NA,NA,NA,NA,NA,NA,NA,NA,"ND",62000,2009-11-12,2009,"1",NA,NA
"345","38043",NA,"13600270","10",NA,NA,NA,NA,NA,NA,NA,NA,NA,"588 W LAKEVIEW LN  DAWSON ND 58428",184000,2019-08-09,2019,"1",NA,NA
"346","38043","380439668003119","14012032","10",8.3,361548,NA,NA,NA,NA,NA,NA,NA,"",15000,2015-03-31,2015,"1",46.865651,-99.845063
"347","38043",NA,"14015023","10",13.3,579348,NA,NA,NA,NA,NA,NA,NA,"ND",NA,2010-07-16,2010,"1",NA,NA
"348","38043",NA,"18200070","10",NA,NA,NA,NA,NA,NA,NA,NA,NA,"ND",NA,2017-07-18,2017,"1",NA,NA
"349","38043",NA,"18600040","10",0.2,8712,NA,NA,NA,NA,NA,NA,NA,"ND",13000,2014-05-20,2014,"1",NA,NA
"350","38043",NA,"18901003","10",0.31,13504,NA,NA,NA,NA,NA,NA,NA,"ND",20000,2011-09-28,2011,"1",NA,NA
"351","38043",NA,"18902008","10",0.33,14375,NA,NA,NA,NA,NA,NA,NA,"NAPOLEON ND 58561",125000,2015-08-17,2015,"1",NA,NA
"352","38043",NA,"18902016","10",0.33,14375,NA,NA,NA,NA,NA,NA,NA,"ND",NA,2014-10-20,2014,"1",NA,NA
"353","38043",NA,"50104010","10",NA,NA,NA,NA,NA,NA,NA,NA,NA,"103  3RD ST NW STEELE ND 584827017",65000,2007-05-04,2007,"1",NA,NA
"354","38043","380439668003054","12014032","10",11.1,483516,NA,NA,NA,NA,NA,NA,NA,"3860  40TH AVE SE TAPPEN ND 584879302",212000,2015-09-01,2015,"1",46.856075,-99.61485
"355","38043","380439668003202","13111002","10",9.36,407722,NA,NA,NA,NA,NA,NA,NA,"",55000,2017-07-18,2017,"1",46.807444,-99.802377
"356","38043","380439668003202","13111004","10",9.36,407722,NA,NA,NA,NA,NA,NA,NA,"ND",NA,2014-08-12,2014,"1",46.808567,-99.802397
"357","38043",NA,"13400030","10",NA,NA,NA,NA,NA,NA,NA,NA,NA,"953  LAKEVIEW ST S DAWSON ND 58428",275000,2016-06-29,2016,"1",NA,NA
"358","38043",NA,"13502030","10",NA,NA,NA,NA,NA,NA,NA,NA,NA,"ND",152000,2011-09-09,2011,"1",NA,NA
"359","38043",NA,"13502100","10",NA,NA,NA,NA,NA,NA,NA,NA,NA,"ND",250000,2019-03-20,2019,"1",NA,NA
"360","38043",NA,"13502170","10",NA,NA,NA,NA,NA,NA,NA,NA,NA,"ND",120000,2012-05-18,2012,"1",NA,NA
"361","38043",NA,"13502500","10",NA,NA,NA,NA,NA,NA,NA,NA,NA,"ND",NA,2010-12-31,2010,"1",NA,NA
"362","38043",NA,"13502530","10",NA,NA,NA,NA,NA,NA,NA,NA,NA,"421  4TH ST SW STEELE ND 584827236",159000,2018-06-07,2018,"1",NA,NA
"363","38043",NA,"13502560","10",NA,NA,NA,NA,NA,NA,NA,NA,NA,"ND",NA,2012-11-14,2012,"1",NA,NA
"364","38043",NA,"13600340","10",NA,NA,NA,NA,NA,NA,NA,NA,NA,"ND",196875,2017-07-28,2017,"1",NA,NA
"365","38043",NA,"13600410","10",NA,NA,NA,NA,NA,NA,NA,NA,NA,"ND",NA,2017-08-15,2017,"1",NA,NA
"366","38043",NA,"13700010","10",NA,NA,NA,NA,NA,NA,NA,NA,NA,"ND",NA,2019-11-02,2019,"1",NA,NA
"367","38043",NA,"13700250","10",NA,NA,NA,NA,NA,NA,NA,NA,NA,"ND",1e+05,2019-12-08,2019,"1",NA,NA
"368","38043",NA,"13700345","10",NA,NA,NA,NA,NA,NA,NA,NA,NA,"316  3RD ST E NAPOLEON ND 585617001",200100,2018-11-27,2018,"1",NA,NA
"369","38043",NA,"13700390","10",NA,NA,NA,NA,NA,NA,NA,NA,NA,"ND",NA,2013-05-09,2013,"1",NA,NA
"370","38043",NA,"18032012","10",10,435600,NA,NA,NA,NA,NA,NA,NA,"3533  32ND AVE SE DAWSON ND 584289647",NA,2012-06-04,2012,"1",NA,NA
"371","38043",NA,"18200120","10",NA,NA,NA,NA,NA,NA,NA,NA,NA,"ND",145000,2013-08-29,2013,"1",NA,NA
"372","38043",NA,"18300120","10",1.04,45302,NA,NA,NA,NA,NA,NA,NA,"ND",33000,2011-04-06,2011,"1",NA,NA
"373","38043",NA,"18902007","10",0.33,14375,NA,NA,NA,NA,NA,NA,NA,"206  SLATE DR  BISMARCK ND 585036136",NA,2015-04-06,2015,"1",NA,NA
"374","38043",NA,"18902010","10",0.33,14375,NA,NA,NA,NA,NA,NA,NA,"ND",NA,2014-10-20,2014,"1",NA,NA
"375","38043",NA,"18902012","10",0.33,14375,NA,NA,NA,NA,NA,NA,NA,"ND",NA,2014-10-20,2014,"1",NA,NA
"376","38043",NA,"18902023","10",0.34,14810,NA,NA,NA,NA,NA,NA,NA,"ND",NA,2014-10-20,2014,"1",NA,NA
"377","38043",NA,"18902025","10",0.34,14810,NA,NA,NA,NA,NA,NA,NA,"5582  32ND AVE SE NAPOLEON ND 585619710",50000,2012-01-27,2012,"1",NA,NA
"378","38043",NA,"18921027","10",0.36,15682,NA,NA,NA,NA,NA,NA,NA,"ND",NA,2015-07-15,2015,"1",NA,NA
"379","38043",NA,"50123040","10",NA,NA,NA,NA,NA,NA,NA,NA,NA,"310  2ND ST SW STEELE ND 584827212",116000,2019-06-24,2019,"1",NA,NA
"380","38043",NA,"50124020","10",NA,NA,NA,NA,NA,NA,NA,NA,NA,"212  1ST AVE SW STEELE ND 584827146",50000,2013-08-30,2013,"1",NA,NA
"381","38043",NA,"50124070","10",NA,NA,NA,NA,NA,NA,NA,NA,NA,"219  1ST AVE SW STEELE ND 58482",165000,2015-08-19,2015,"1",NA,NA
"382","38043",NA,"50127050","10",NA,NA,NA,NA,NA,NA,NA,NA,NA,"STEELE ND 58482",NA,2014-04-24,2014,"1",NA,NA
"383","38043",NA,"50332020","10",NA,NA,NA,NA,NA,NA,NA,NA,NA,"3833  22ND AVE SE STEELE ND 584829512",NA,2017-12-18,2017,"1",NA,NA
"384","38043",NA,"50334040","10",NA,NA,NA,NA,NA,NA,NA,NA,NA,"318  3RD ST SW STEELE ND 584827242",145000,2008-08-26,2008,"1",NA,NA
"385","38043",NA,"50336040","10",NA,NA,NA,NA,NA,NA,NA,NA,NA,"418  3RD AVE SW STEELE ND 584827218",NA,2014-09-08,2014,"1",NA,NA
"386","38043",NA,"50353010","10",NA,NA,NA,NA,NA,NA,NA,NA,NA,"424  MITCHELL AVE N STEELE ND 584827020",80000,2015-06-15,2015,"1",NA,NA
"387","38043",NA,"50354070","10",NA,NA,NA,NA,NA,NA,NA,NA,NA,"221  4TH ST NW STEELE ND 584827314",135000,2016-08-02,2016,"1",NA,NA
"388","38043",NA,"50409050","10",NA,NA,NA,NA,NA,NA,NA,NA,NA,"ND",NA,2015-03-10,2015,"1",NA,NA
"389","38043",NA,"50409060","10",NA,NA,NA,NA,NA,NA,NA,NA,NA,"518  MCKENZIE AVE  STEELE ND 584827327",3577,2015-03-27,2015,"1",NA,NA
"390","38043",NA,"50413040","10",NA,NA,NA,NA,NA,NA,NA,NA,NA,"520  2ND ST SW STEELE ND 584827214",54000,2011-06-30,2011,"1",NA,NA
"391","38043",NA,"50814003","10",0.39,16988,NA,NA,NA,NA,NA,NA,NA,"ND",NA,2017-07-28,2017,"1",NA,NA
"392","38043",NA,"55313010","10",NA,NA,NA,NA,NA,NA,NA,NA,NA,"122  THORTON AVE SW DAWSON ND 584282819",40000,2013-05-24,2013,"1",NA,NA
"393","38043",NA,"55324030","10",NA,NA,NA,NA,NA,NA,NA,NA,NA,"ND",NA,2012-07-27,2012,"1",NA,NA
"394","38043",NA,"55415020","10",NA,NA,NA,NA,NA,NA,NA,NA,NA,"ND",NA,2011-09-23,2011,"1",NA,NA
"395","38043",NA,"60107040","10",NA,NA,NA,NA,NA,NA,NA,NA,NA,"105  1ST AVE E PETTIBONE ND 584757517",NA,2017-12-13,2017,"1",NA,NA
"396","38043",NA,"60109080","10",NA,NA,NA,NA,NA,NA,NA,NA,NA,"ND",302858.75,2017-12-28,2017,"1",NA,NA
"397","38043",NA,"65100150","10",2,87120,NA,NA,NA,NA,NA,NA,NA,"301  MAIN ST S DRISCOLL ND 58532",NA,2013-02-05,2013,"1",NA,NA
"398","38043",NA,"65400010","10",NA,NA,NA,NA,NA,NA,NA,NA,NA,"504  1ST AVE E ROBINSON ND 584787706",44000,2015-11-05,2015,"1",NA,NA
"399","38043",NA,"70409050","10",NA,NA,NA,NA,NA,NA,NA,NA,NA,"223  1ST ST NE TAPPEN ND 584878725",18000,2015-08-07,2015,"1",NA,NA
"400","38043",NA,"70519040","10",NA,NA,NA,NA,NA,NA,NA,NA,NA,"309  2ND ST NE TAPPEN ND 584878726",22863,2009-04-24,2009,"1",NA,NA
"401","38043",NA,"70522020","10",NA,NA,NA,NA,NA,NA,NA,NA,NA,"",NA,2016-04-11,2016,"1",NA,NA
"402","38043",NA,"70604040","10",NA,NA,NA,NA,NA,NA,NA,NA,NA,"345  COLUMBIA AVE NE TAPPEN ND 584878723",NA,2017-06-21,2017,"1",NA,NA
"403","38043",NA,"75106020","10",NA,NA,NA,NA,NA,NA,NA,NA,NA,"ND",21100,2018-12-06,2018,"1",NA,NA
"404","38043",NA,"75213010","10",NA,NA,NA,NA,NA,NA,NA,NA,NA,"506 N DOYLE ST  TUTTLE ND 584888813",NA,2019-01-03,2019,"1",NA,NA
"405","38043",NA,"75322010","10",NA,NA,NA,NA,NA,NA,NA,NA,NA,"107  CHARLES ST  ROBINSON ND 584787803",NA,2018-07-19,2018,"1",NA,NA
"406","38043",NA,"75327030","10",NA,NA,NA,NA,NA,NA,NA,NA,NA,"100 S PRAIRIE ST  TUTTLE ND 584888803",77000,2019-06-06,2019,"1",NA,NA
"407","38043",NA,"75332010","10",NA,NA,NA,NA,NA,NA,NA,NA,NA,"ND",NA,2019-07-25,2019,"1",NA,NA
"408","38043",NA,"30202010","10",NA,NA,NA,NA,NA,NA,NA,NA,NA,"",NA,2013-09-13,2013,"1",NA,NA
"409","38043","380439668002091","31007010","10",160,6969600,NA,NA,NA,NA,NA,NA,NA,"1325  43RD AVE SE PETTIBONE ND 584759315",NA,2012-04-13,2012,"1",47.223026,-99.592523
"410","38043","380439668002091","31007042","10",80,3484800,NA,NA,NA,NA,NA,NA,NA,"ND",75000,2016-03-10,2016,"1",47.215824,-99.595188
"411","38043",NA,"50101020","10",NA,NA,NA,NA,NA,NA,NA,NA,NA,"302  2ND ST NE STEELE ND 584827000",NA,2018-01-16,2018,"1",NA,NA
"412","38043",NA,"50102060","10",NA,NA,NA,NA,NA,NA,NA,NA,NA,"3750  HIGHWAY 36   ROBINSON ND 584789441",53100,2011-06-27,2011,"1",NA,NA
"413","38043",NA,"50103010","10",NA,NA,NA,NA,NA,NA,NA,NA,NA,"",NA,2012-12-03,2012,"1",NA,NA
"414","38043",NA,"50105020","10",NA,NA,NA,NA,NA,NA,NA,NA,NA,"310  1ST AVE NW STEELE ND 584827023",NA,2016-07-01,2016,"1",NA,NA
"415","38043",NA,"50105051","10",NA,NA,NA,NA,NA,NA,NA,NA,NA,"323  2ND AVE NW STEELE ND 584827316",125000,2013-07-24,2013,"1",NA,NA
"416","38043",NA,"50119100","10",NA,NA,NA,NA,NA,NA,NA,NA,NA,"220  1ST ST SW STEELE ND 58482",NA,2016-09-07,2016,"1",NA,NA
"417","38043",NA,"50120050","10",NA,NA,NA,NA,NA,NA,NA,NA,NA,"114  2ND AVE SW STEELE ND 584827205",NA,2014-05-28,2014,"1",NA,NA
"418","38043",NA,"50122040","10",NA,NA,NA,NA,NA,NA,NA,NA,NA,"420  2ND ST SW STEELE ND 584827213",143500,2019-09-11,2019,"1",NA,NA
