"","geoid_cnty","geoid_blk","p_id_iris_frmtd","property_indicator","acres","land_square_footage","bldg_code","building_square_feet","living_square_feet","year_built","effective_year_built","bedrooms","baths_appraised","property_address","sale_price","sale_date","sale_year","transaction_type","property_centroid_latitude","property_centroid_longitude"
"1","46043",NA,"002718","10",2,87120,NA,NA,NA,NA,NA,NA,NA,"500  4TH ST  GEDDES SD 57342",27000,2013-06-05,2013,"1",NA,NA
"2","46043",NA,"002748","10",1,43560,NA,NA,NA,NA,NA,NA,NA,"704 E 3RD ST  PLATTE SD 57369",25000,2018-08-17,2018,"1",NA,NA
"3","46043",NA,"002789","10",1,43560,NA,NA,NA,NA,NA,NA,NA,"807  DOBSON AVE  ARMOUR SD 57313",45000,2013-01-24,2013,"1",NA,NA
"4","46043",NA,"002824","10",2,87120,NA,NA,NA,NA,NA,NA,NA,"711  MAIN ST  PARKSTON SD 57366",30000,2014-08-04,2014,"1",NA,NA
"5","46043",NA,"002851","10",2,87120,NA,NA,NA,NA,NA,NA,NA,"906  1ST ST  CORSICA SD 57328",30000,2013-09-27,2013,"1",NA,NA
"6","46043",NA,"002952","10",1,43560,NA,NA,NA,NA,NA,NA,NA,"1107  MATTHEWS AVE  ARMOUR SD 573132126",5000,2013-01-31,2013,"1",NA,NA
"7","46043",NA,"003056","10",1,43560,NA,NA,NA,NA,NA,NA,NA,"209  1ST ST  ARMOUR SD 573132105",155000,2017-06-01,2017,"1",NA,NA
"8","46043",NA,"003087","10",1,43560,NA,NA,NA,NA,NA,NA,NA,"1404  DOBSON AVE  ARMOUR SD 573134201",10000,2016-03-31,2016,"1",NA,NA
"9","46043",NA,"003100","10",1,43560,NA,NA,NA,NA,NA,NA,NA,"1414  HENDERSON AVE  ARMOUR SD 57313",16500,2017-02-07,2017,"1",NA,NA
"10","46043",NA,"003139","10",5,217800,NA,NA,NA,NA,NA,NA,NA,"1180  2ND ST  HARRISON SD 57344",25000,2007-08-27,2007,"1",NA,NA
"11","46043",NA,"003162","10",2,87120,NA,NA,NA,NA,NA,NA,NA,"206  2ND ST  ARMOUR SD 573132155",75000,2008-09-19,2008,"1",NA,NA
"12","46043",NA,"003247","10",2,87120,NA,NA,NA,NA,NA,NA,NA,"240 E 6TH ST  CORSICA SD 573282204",25000,2015-12-16,2015,"1",NA,NA
"13","46043",NA,"003283","10",3,130680,NA,NA,NA,NA,NA,NA,NA,"385 E MAIN ST  NEW HOLLAND SD 57364",16500,2014-08-11,2014,"1",NA,NA
"14","46043",NA,"003304","10",2,87120,NA,NA,NA,NA,NA,NA,NA,"440 E 6TH ST  CORSICA SD 573282221",30000,2011-01-05,2011,"1",NA,NA
"15","46043",NA,"003352","10",2,87120,NA,NA,NA,NA,NA,NA,NA,"580 E 4TH ST  CORSICA SD 573282225",65000,2016-10-28,2016,"1",NA,NA
"16","46043",NA,"003375","10",1,43560,NA,NA,NA,NA,NA,NA,NA,"385 E 6TH ST  CORSICA SD 573282205",35500,2016-05-26,2016,"1",NA,NA
"17","46043",NA,"003426","10",1,43560,NA,NA,NA,NA,NA,NA,NA,"360 N DAKOTA AVE  CORSICA SD 573282260",72000,2014-10-31,2014,"1",NA,NA
"18","46043",NA,"003428","10",1,43560,NA,NA,NA,"1965",NA,NA,NA,"385 N DAKOTA AVE  CORSICA SD 573282116",45000,2013-06-07,2013,"1",NA,NA
"19","46043",NA,"003453","10",2,87120,NA,NA,NA,NA,NA,NA,NA,"280 N CORSE AVE  CORSICA SD 57328",9000,2010-12-10,2010,"1",NA,NA
"20","46043",NA,"003459","10",1,43560,NA,NA,NA,NA,NA,NA,NA,"460 N CORSE AVE  CORSICA SD 573282106",25000,2018-03-28,2018,"1",NA,NA
"21","46043",NA,"003474","10",1,43560,NA,NA,NA,NA,NA,NA,NA,"575 E 1ST ST  CORSICA SD 573282127",129000,2007-08-31,2007,"1",NA,NA
"22","46043",NA,"003490","10",1,43560,NA,NA,NA,NA,NA,NA,NA,"650 E 4TH ST  CORSICA SD 573282228",80000,2012-08-30,2012,"1",NA,NA
"23","46043",NA,"003516","10",1,43560,NA,NA,NA,NA,NA,NA,NA,"420 S CORSE AVE  CORSICA SD 573282241",96000,2015-11-04,2015,"1",NA,NA
"24","46043",NA,"003685","10",2,87120,NA,NA,NA,NA,NA,NA,NA,"304 S WILSON ST  DELMONT SD 573302043",15000,2014-08-27,2014,"1",NA,NA
"25","46043",NA,"003700","10",2,87120,NA,NA,NA,NA,NA,NA,NA,"205 E 3RD ST  PLATTE SD 57369",16600,2014-01-23,2014,"1",NA,NA
"26","46043",NA,"003724","10",1,43560,NA,NA,NA,NA,NA,NA,NA,"100 N 1ST ST  PARKSTON SD 57366",30000,2015-07-20,2015,"1",NA,NA
"27","46043",NA,"003757","10",1,43560,NA,NA,NA,NA,NA,NA,NA,"210 S COUNTY ROAD 3   DELMONT SD 573302000",115500,2017-10-06,2017,"1",NA,NA
"28","46043",NA,"003771","10",NA,NA,NA,NA,NA,NA,NA,NA,NA,"104 S ADAIR ST  DELMONT SD 573302026",36000,2017-10-16,2017,"1",NA,NA
"29","46043",NA,"003777","10",1,43560,NA,NA,NA,NA,NA,NA,NA,"203 E 4TH ST  PLATTE SD 57369",46500,2018-02-15,2018,"1",NA,NA
"30","46043",NA,"003793","10",6.65,289674,NA,NA,NA,NA,NA,NA,NA,"27858  401ST AVE  DELMONT SD 573305813",185000,2018-08-15,2018,"1",NA,NA
"31","46043",NA,"003795","10",9.3,405108,NA,NA,NA,NA,NA,NA,NA,"28171  393RD AVE  ARMOUR SD 573135723",25000,2014-05-05,2014,"1",NA,NA
"32","46043",NA,"004099","10",1,43560,NA,NA,NA,NA,NA,NA,NA,"360 E 10TH ST  CORSICA SD 57328",3750,2017-05-31,2017,"1",NA,NA
"33","46043",NA,"004114","10",7.02,305791,NA,NA,NA,NA,NA,NA,NA,"27021  404TH AVE  DIMOCK SD 573315200",199000,2017-05-30,2017,"1",NA,NA
"34","46043",NA,"004145","10",1.86,81022,NA,NA,NA,NA,NA,NA,NA,"37836  275TH ST  CORSICA SD 573285009",240000,2010-09-02,2010,"1",NA,NA
"35","46043",NA,"004147","10",24.76,1078546,NA,NA,NA,NA,NA,NA,NA,"38749  273RD ST  CORSICA SD 57328",32000,2008-03-31,2008,"1",NA,NA
"36","46043",NA,"004150","10",1,43560,NA,NA,NA,NA,NA,NA,NA,"625 S DAKOTA AVE  CORSICA SD 573282701",32000,2009-05-11,2009,"1",NA,NA
"37","46043",NA,"004237","10",3,130680,NA,NA,NA,NA,NA,NA,NA,"27386  393RD AVE  CORSICA SD 573285507",66020,2013-05-17,2013,"1",NA,NA
"38","46043",NA,"004354","10",5,217800,NA,NA,NA,NA,NA,NA,NA,"26972  400TH AVE  DIMOCK SD 573315212",7500,2016-04-27,2016,"1",NA,NA
"39","46043",NA,"001599","10",0.21,9148,NA,NA,NA,NA,NA,NA,NA,"118 W MAIN ST  NEW HOLLAND SD 573642305",15000,2008-02-06,2008,"1",NA,NA
"40","46043",NA,"002224","10",42,1829520,NA,NA,NA,NA,NA,NA,NA,"38833  272ND ST  CORSICA SD 573285100",75000,2007-06-22,2007,"1",NA,NA
"41","46043",NA,"002236","10",1,43560,NA,NA,NA,NA,NA,NA,NA,"27278  US HIGHWAY 281   CORSICA SD 57328",360000,2011-11-22,2011,"1",NA,NA
"42","46043",NA,"002423","10",1,43560,NA,NA,NA,NA,NA,NA,NA,"410  2ND ST  HARRISON SD 573442312",15000,2013-07-20,2013,"1",NA,NA
"43","46043",NA,"002426","10",1,43560,NA,NA,NA,NA,NA,NA,NA,"250  2ND ST  HARRISON SD 573442333",42400,2006-11-08,2006,"1",NA,NA
"44","46043",NA,"002432","10",1,43560,NA,NA,NA,NA,NA,NA,NA,"250  LECOCQ AVE  HARRISON SD 573442310",8000,2012-09-27,2012,"1",NA,NA
"45","46043",NA,"002476","10",1,43560,NA,NA,NA,NA,NA,NA,NA,"650  MAIN AVE  HARRISON SD 573442301",33000,2013-11-08,2013,"1",NA,NA
"46","46043",NA,"002652","10",1.5,65340,NA,NA,NA,NA,NA,NA,NA,"140  DAKOTA AVE N NEW HOLLAND SD 573642306",61000,2014-11-14,2014,"1",NA,NA
"47","46043",NA,"002656","10",0.36,15682,NA,NA,NA,NA,NA,NA,NA,"113 W MAIN ST  NEW HOLLAND SD 573642304",15000,2014-04-15,2014,"1",NA,NA
"48","46043",NA,"002679","10",9.42,410335,NA,NA,NA,NA,NA,NA,NA,"139  DAKOTA AVE N NEW HOLLAND SD 57364",20000,2006-12-12,2006,"1",NA,NA
"49","46043",NA,"003255","10",2,87120,NA,NA,NA,NA,NA,NA,NA,"280 E 5TH ST  CORSICA SD 57328",5000,2017-12-21,2017,"1",NA,NA
"50","46043",NA,"003289","10",1,43560,NA,NA,NA,NA,NA,NA,NA,"345 E 5TH ST  CORSICA SD 573282289",5000,2015-10-31,2015,"1",NA,NA
"51","46043",NA,"003291","10",1,43560,NA,NA,NA,NA,NA,NA,NA,"225 S CORSE AVE  CORSICA SD 573282240",27000,2007-07-02,2007,"1",NA,NA
"52","46043",NA,"003293","10",1,43560,NA,NA,NA,NA,NA,NA,NA,"360 E 6TH ST  CORSICA SD 573282202",47000,2012-06-20,2012,"1",NA,NA
"53","46043",NA,"003307","10",3,130680,NA,NA,NA,NA,NA,NA,NA,"435 E MAIN ST  PARKSTON SD 57366",23000,2015-11-02,2015,"1",NA,NA
"54","46043",NA,"003343","10",2,87120,NA,NA,NA,NA,NA,NA,NA,"340 E 4TH ST  CORSICA SD 573282102",38000,2014-04-29,2014,"1",NA,NA
"55","46043",NA,"003363","10",1,43560,NA,NA,NA,NA,NA,NA,NA,"650 E 5TH ST  CORSICA SD 573282215",15000,2014-03-12,2014,"1",NA,NA
"56","46043",NA,"003384","10",2,87120,NA,NA,NA,NA,NA,NA,NA,"445 E 6TH ST  CORSICA SD 573282220",32500,2010-12-09,2010,"1",NA,NA
"57","46043",NA,"003390","10",1,43560,NA,NA,NA,NA,NA,NA,NA,"540 E 7TH ST  PLATTE SD 57369",88100,2014-10-03,2014,"1",NA,NA
"58","46043",NA,"003487","10",1,43560,NA,NA,NA,NA,NA,NA,NA,"725 E 4TH ST  CORSICA SD 573282230",30000,2013-05-15,2013,"1",NA,NA
"59","46043",NA,"003761","10",1,43560,NA,NA,NA,NA,NA,NA,NA,"SD",3000,2012-07-30,2012,"1",NA,NA
"60","46043",NA,"003774","10",1,43560,NA,NA,NA,NA,NA,NA,NA,"201 W 4TH ST  PLATTE SD 57369",10000,2009-08-28,2009,"1",NA,NA
"61","46043",NA,"004100","10",1,43560,NA,NA,NA,NA,NA,NA,NA,"320 E 10TH ST  CORSICA SD 573282275",250000,2017-09-11,2017,"1",NA,NA
"62","46043",NA,"004249","10",22,958320,NA,NA,NA,NA,NA,NA,NA,"37929  SD HIGHWAY 44   CORSICA SD 573285005",110000,2012-05-30,2012,"1",NA,NA
"63","46043",NA,"004297","10",1,43560,NA,NA,NA,NA,NA,NA,NA,"540 S CORSE AVE  CORSICA SD 57328",9500,2013-09-02,2013,"1",NA,NA
"64","46043",NA,"000254","10",80,3484800,NA,NA,NA,NA,NA,NA,NA,"40272  283RD ST  DELMONT SD 573305915",225000,2012-12-28,2012,"1",NA,NA
"65","46043",NA,"000832","10",155,6751800,NA,NA,NA,NA,NA,NA,NA,"39963  275TH ST  PARKSTON SD 573665652",170000,2009-05-29,2009,"1",NA,NA
"66","46043",NA,"001377","10",68.07,2965129,NA,NA,NA,NA,NA,NA,NA,"38335  273RD ST  CORSICA SD 573285304",113901,2007-12-20,2007,"1",NA,NA
"67","46043",NA,"001829","10",80,3484800,NA,NA,NA,NA,NA,NA,NA,"27071  401ST AVE  DIMOCK SD 573315204",24000,2016-01-12,2016,"1",NA,NA
"68","46043",NA,"001964","10",19.79,862052,NA,NA,NA,NA,NA,NA,NA,"39518  270TH ST  CORSICA SD 573285204",60000,2011-04-27,2011,"1",NA,NA
"69","46043",NA,"002230","10",14.23,619859,NA,NA,NA,NA,NA,NA,NA,"27211  390TH AVE  CORSICA SD 573285419",71000,2006-01-03,2006,"1",NA,NA
"70","46043",NA,"002340","10",154.72,6739603,NA,NA,NA,NA,NA,NA,NA,"38043  270TH ST  CORSICA SD 573285104",205000,2008-12-18,2008,"1",NA,NA
"71","46043",NA,"002428","10",1,43560,NA,NA,NA,NA,NA,NA,NA,"210  3RD ST  HARRISON SD 57344",1e+05,2010-10-28,2010,"1",NA,NA
"72","46043",NA,"002468","10",3,130680,NA,NA,NA,NA,NA,NA,NA,"581  MAIN AVE  HARRISON SD 573442330",6600,2013-12-20,2013,"1",NA,NA
"73","46043",NA,"002508","10",160,6969600,NA,NA,NA,NA,NA,NA,NA,"37672  269TH ST  HARRISON SD 573445021",72000,2009-08-20,2009,"1",NA,NA
"74","46043",NA,"002675","10",0.85,37026,NA,NA,NA,NA,NA,NA,NA,"SD",20000,2007-06-26,2007,"1",NA,NA
"75","46043",NA,"002681","10",0.75,32670,NA,NA,NA,NA,NA,NA,NA,"107 E MAIN ST  NEW HOLLAND SD 573642307",7500,2012-08-02,2012,"1",NA,NA
"76","46043",NA,"002696","10",1,43560,NA,NA,NA,NA,NA,NA,NA,"1010  BRADDOCK AVE  ARMOUR SD 573137704",9500,2007-09-25,2007,"1",NA,NA
"77","46043",NA,"002728","10",3,130680,NA,NA,NA,NA,NA,NA,NA,"1008  HENDERSON ST  ARMOUR SD 57313",75000,2014-03-14,2014,"1",NA,NA
"78","46043",NA,"002857","10",2,87120,NA,NA,NA,NA,NA,NA,NA,"613  HUSTON AVE  ARMOUR SD 573132143",12000,2006-09-19,2006,"1",NA,NA
"79","46043",NA,"002920","10",1,43560,NA,NA,NA,NA,NA,NA,NA,"606  LUMLEY AVE  ARMOUR SD 573132154",35000,2014-10-29,2014,"1",NA,NA
"80","46043",NA,"002946","10",3,130680,NA,NA,NA,NA,NA,NA,NA,"SD",32000,2012-11-01,2012,"1",NA,NA
"81","46043",NA,"002995","10",1,43560,NA,NA,NA,NA,NA,NA,NA,"703  CENTENNIAL ST  ARMOUR SD 57313",85000,2005-12-14,2005,"1",NA,NA
"82","46043",NA,"003098","10",1,43560,NA,NA,NA,NA,NA,NA,NA,"406  6TH ST  ARMOUR SD 573132215",13000,2014-09-02,2014,"1",NA,NA
"83","46043",NA,"003111","10",1,43560,NA,NA,NA,NA,NA,NA,NA,"SD",20000,2007-05-09,2007,"1",NA,NA
"84","46043",NA,"003130","10",1,43560,NA,NA,NA,NA,NA,NA,NA,"612  HUSTON AVE  ARMOUR SD 573132137",8000,2015-08-25,2015,"1",NA,NA
"85","46043",NA,"003151","10",17.34,755330,NA,NA,NA,NA,NA,NA,NA,"LUMLEY ST  ARMOUR SD 57313",40000,2009-02-09,2009,"1",NA,NA
"86","46043",NA,"003160","10",2,87120,NA,NA,NA,NA,NA,NA,NA,"201  4TH ST  ARMOUR SD 573132204",3000,2014-05-14,2014,"1",NA,NA
"87","46043",NA,"003184","10",1,43560,NA,NA,NA,NA,NA,NA,NA,"800  7TH ST  ARMOUR SD 573132214",52000,2018-08-31,2018,"1",NA,NA
"88","46043",NA,"003196","10",1,43560,NA,NA,NA,NA,NA,NA,NA,"1211  2ND ST  ARMOUR SD 57313",16000,2018-01-26,2018,"1",NA,NA
"89","46043",NA,"003201","10",1,43560,NA,NA,NA,NA,NA,NA,NA,"305  DEPOT ST  PARKSTON SD 57366",173000,2018-05-15,2018,"1",NA,NA
"90","46043",NA,"000415","10",51.38,2238113,NA,NA,NA,NA,NA,NA,NA,"39543  281ST ST  ARMOUR SD 573135812",110000,2012-03-21,2012,"1",NA,NA
"91","46043",NA,"000510","10",21.8,949608,NA,NA,NA,NA,NA,NA,NA,"39355  284TH ST  ARMOUR SD 573135914",220000,2017-07-05,2017,"1",NA,NA
"92","46043",NA,"000831","10",2.37,103237,NA,NA,NA,NA,NA,NA,NA,"40086  SD HIGHWAY 44   PARKSTON SD 573665637",28100,2016-06-10,2016,"1",NA,NA
"93","46043",NA,"001404","10",146.9,6398964,NA,NA,NA,NA,NA,NA,NA,"38157  274TH ST  CORSICA SD 573285320",368400,2010-09-24,2010,"1",NA,NA
"94","46043",NA,"001636","10",34.81,1516324,NA,NA,NA,NA,NA,NA,NA,"SD",40000,2006-03-09,2006,"1",NA,NA
"95","46043",NA,"001836","10",12.77,556261,NA,NA,NA,NA,NA,NA,NA,"27089  402ND AVE  PARKSTON SD 573665214",41000,2008-05-09,2008,"1",NA,NA
"96","46043",NA,"002150","10",160.24,6980054,NA,NA,NA,NA,NA,NA,NA,"38633  270TH ST  CORSICA SD 573285111",4e+05,2013-04-22,2013,"1",NA,NA
"97","46043",NA,"002378","10",16.86,734422,NA,NA,NA,NA,NA,NA,NA,"38420  272ND ST  CORSICA SD 573285103",1e+05,2015-08-20,2015,"1",NA,NA
"98","46043",NA,"002429","10",1,43560,NA,NA,NA,NA,NA,NA,NA,"251  2ND ST  HARRISON SD 573442329",38000,2009-10-16,2009,"1",NA,NA
"99","46043",NA,"002434","10",12,522720,NA,NA,NA,NA,NA,NA,NA,"311  LECOCQ AVE  HARRISON SD 573442331",7200,2013-11-12,2013,"1",NA,NA
"100","46043",NA,"002451","10",2,87120,NA,NA,NA,NA,NA,NA,NA,"111  4TH ST  HARRISON SD 573442306",5000,2015-03-27,2015,"1",NA,NA
"101","46043",NA,"002464","10",3,130680,NA,NA,NA,NA,NA,NA,NA,"211  5TH ST  HARRISON SD 573442334",5000,2017-04-10,2017,"1",NA,NA
"102","46043",NA,"002614","10",5.4,235224,NA,NA,NA,NA,NA,NA,NA,"27132  375TH AVE  PLATTE SD 573695002",99000,2014-04-07,2014,"1",NA,NA
"103","46043",NA,"002618","10",14.55,633798,NA,NA,NA,NA,NA,NA,NA,"27128  374TH AVE  PLATTE SD 573695003",1e+05,2015-03-24,2015,"1",NA,NA
"104","46043",NA,"002677","10",0.25,10890,NA,NA,NA,NA,NA,NA,NA,"172  WALL ST BLVD   SD",28000,2010-11-20,2010,"1",NA,NA
"105","46043",NA,"002707","10",3,130680,NA,NA,NA,NA,NA,NA,NA,"1021  MAIN AVE  NEW HOLLAND SD 57364",140000,2007-10-25,2007,"1",NA,NA
"106","46043",NA,"002731","10",2,87120,NA,NA,NA,NA,NA,NA,NA,"909  MATTHEWS AVE  ARMOUR SD 57313",149000,2017-04-04,2017,"1",NA,NA
"107","46043",NA,"002732","10",2,87120,NA,NA,NA,NA,NA,NA,NA,"907  MATTHEWS AVE  ARMOUR SD 57313",68000,2010-02-08,2010,"1",NA,NA
"108","46043",NA,"003883","10",4,174240,NA,NA,NA,NA,NA,NA,NA,"808  4TH ST  ARMOUR SD 573137746",45000,2017-07-14,2017,"1",NA,NA
"109","46043",NA,"003906","10",1,43560,NA,NA,NA,NA,NA,NA,NA,"325 E 8TH ST  CORSICA SD 573282251",210000,2010-12-23,2010,"1",NA,NA
"110","46043",NA,"004253","10",1,43560,NA,NA,NA,NA,NA,NA,NA,"740 S VANT HAAFF DR  CORSICA SD 573282239",84500,2013-03-07,2013,"1",NA,NA
"111","46043",NA,"004264","10",8.88,386813,NA,NA,NA,NA,NA,NA,NA,"27026  393RD AVE  CORSICA SD 573285224",5500,2012-10-23,2012,"1",NA,NA
"112","46043",NA,"004281","10",8,348480,NA,NA,NA,NA,NA,NA,NA,"27288  390TH AVE  CORSICA SD 57328",9000,2018-03-13,2018,"1",NA,NA
"113","46043",NA,"004294","10",0.72,31363,NA,NA,NA,NA,NA,NA,NA,"27062  376TH AVE  HARRISON SD 573445020",60000,2013-07-29,2013,"1",NA,NA
"114","46043",NA,"004360","10",2,87120,NA,NA,NA,NA,NA,NA,NA,"680 S VANT HAAFF DR  CORSICA SD 573282273",280000,2018-06-28,2018,"1",NA,NA
"115","46043",NA,"004383","10",2,87120,NA,NA,NA,NA,NA,NA,NA,"660 S VANT HAAFF DR  CORSICA SD 573282273",306681,2017-11-13,2017,"1",NA,NA
"116","46043",NA,"002754","10",3,130680,NA,NA,NA,NA,NA,NA,NA,"920  MAIN AVE  GEDDES SD 57342",52800,2018-05-16,2018,"1",NA,NA
"117","46043",NA,"002760","10",2,87120,NA,NA,NA,NA,NA,NA,NA,"809 E 3RD ST  PLATTE SD 57369",7200,2006-05-30,2006,"1",NA,NA
"118","46043",NA,"002828","10",3,130680,NA,NA,NA,NA,NA,NA,NA,"704  DOBSON AVE  ARMOUR SD 57313",87000,2015-07-13,2015,"1",NA,NA
"119","46043",NA,"002864","10",2,87120,NA,NA,NA,NA,NA,NA,NA,"608  MILTMORE ST  ARMOUR SD 573136202",44189,2017-03-31,2017,"1",NA,NA
"120","46043",NA,"002929","10",1,43560,NA,NA,NA,NA,NA,NA,NA,"305  2ND ST  GEDDES SD 57342",10000,2017-08-18,2017,"1",NA,NA
"121","46043",NA,"002932","10",2,87120,NA,NA,NA,NA,NA,NA,NA,"310  2ND ST  GEDDES SD 57342",16000,2016-12-09,2016,"1",NA,NA
"122","46043",NA,"002945","10",3,130680,NA,NA,NA,NA,NA,NA,NA,"300  4TH ST  ARMOUR SD 573132217",32000,2012-11-01,2012,"1",NA,NA
"123","46043",NA,"002950","10",6,261360,NA,NA,NA,NA,NA,NA,NA,"305 E 6TH ST  CORSICA SD 57328",25000,2015-04-20,2015,"1",NA,NA
"124","46043",NA,"003018","10",1,43560,NA,NA,NA,NA,NA,NA,NA,"309  MAIN AVE  ARMOUR SD 573132103",34000,2014-02-14,2014,"1",NA,NA
"125","46043",NA,"003052","10",1.69,73616,NA,NA,NA,NA,NA,NA,NA,"600  JOHNSON ST  ARMOUR SD 573132159",50000,2015-04-30,2015,"1",NA,NA
"126","46043",NA,"003055","10",1,43560,NA,NA,NA,NA,NA,NA,NA,"701  CENTENNIAL ST  ARMOUR SD 573132134",58000,2010-06-30,2010,"1",NA,NA
"127","46043",NA,"003058","10",1,43560,NA,NA,NA,NA,NA,NA,NA,"201  1ST ST  ARMOUR SD 573132105",90000,2017-04-27,2017,"1",NA,NA
"128","46043",NA,"003092","10",1,43560,NA,NA,NA,NA,NA,NA,NA,"1309  DOBSON AVE  ARMOUR SD 573132207",70000,2013-09-11,2013,"1",NA,NA
"129","46043",NA,"003242","10",2,87120,NA,NA,NA,NA,NA,NA,NA,"120 E 6TH ST  CORSICA SD 573282259",8000,2016-09-02,2016,"1",NA,NA
"130","46043",NA,"003294","10",1,43560,NA,NA,NA,NA,NA,NA,NA,"350 E 6TH ST  CORSICA SD 573282202",27000,2014-08-11,2014,"1",NA,NA
"131","46043",NA,"003303","10",2,87120,NA,NA,NA,NA,NA,NA,NA,"460 E 6TH ST  CORSICA SD 573282221",70000,2010-10-25,2010,"1",NA,NA
"132","46043",NA,"003326","10",2,87120,NA,NA,NA,NA,NA,NA,NA,"565 E 4TH ST  CORSICA SD 573282226",92000,2014-04-29,2014,"1",NA,NA
"133","46043",NA,"003340","10",2,87120,NA,NA,NA,NA,NA,NA,NA,"520 E 6TH ST  CORSICA SD 573282218",24000,2008-02-18,2008,"1",NA,NA
"134","46043",NA,"003342","10",1,43560,NA,NA,NA,NA,NA,NA,NA,"320 E 4TH ST  CORSICA SD 57328",30000,2018-07-06,2018,"1",NA,NA
"135","46043",NA,"003358","10",1,43560,NA,NA,NA,NA,NA,NA,NA,"640 E MAIN ST  CORSICA SD 573282229",6932,2011-08-15,2011,"1",NA,NA
"136","46043",NA,"003377","10",1,43560,NA,NA,NA,NA,NA,NA,NA,"365 E 6TH ST  CORSICA SD 573282205",20000,2016-05-23,2016,"1",NA,NA
"137","46043",NA,"003383","10",1,43560,NA,NA,NA,NA,NA,NA,NA,"465 E 6TH ST  CORSICA SD 573282220",42500,2018-01-11,2018,"1",NA,NA
"138","46043",NA,"003402","10",1,43560,NA,NA,NA,NA,NA,NA,NA,"725 E MAIN ST  CORSICA SD 573282268",40000,2014-06-02,2014,"1",NA,NA
"139","46043",NA,"003412","10",1,43560,NA,NA,NA,NA,NA,NA,NA,"485 N CORSE AVE  CORSICA SD 573282107",50000,2015-03-19,2015,"1",NA,NA
"140","46043",NA,"003436","10",2,87120,NA,NA,NA,NA,NA,NA,NA,"360 N RAILWAY AVE  CORSICA SD 573282121",47500,2018-07-09,2018,"1",NA,NA
"141","46043",NA,"003478","10",1,43560,NA,NA,NA,NA,NA,NA,NA,"630 E 4TH ST  CORSICA SD 573282228",18500,2016-07-19,2016,"1",NA,NA
"142","46043",NA,"003497","10",1,43560,NA,NA,NA,NA,NA,NA,NA,"660 E 3RD ST  CORSICA SD 573282234",95000,2017-10-25,2017,"1",NA,NA
"143","46043",NA,"003500","10",1,43560,NA,NA,NA,NA,NA,NA,NA,"SD",98000,2014-11-24,2014,"1",NA,NA
"144","46043",NA,"003501","10",1,43560,NA,NA,NA,NA,NA,NA,NA,"345 N NAPOLEON AVE  CORSICA SD 573282255",75000,2009-12-16,2009,"1",NA,NA
"145","46043",NA,"003515","10",1,43560,NA,NA,NA,NA,NA,NA,NA,"455 E 7TH ST  CORSICA SD 573282253",90000,2017-07-03,2017,"1",NA,NA
"146","46043",NA,"003546","10",1,43560,NA,NA,NA,NA,NA,NA,NA,"260 E 1ST ST  CORSICA SD 573282109",35000,2011-07-20,2011,"1",NA,NA
"147","46043",NA,"003548","10",1,43560,NA,NA,NA,NA,NA,NA,NA,"320 E 1ST ST  CORSICA SD 573282108",9250,2010-11-26,2010,"1",NA,NA
"148","46043",NA,"003635","10",3,130680,NA,NA,NA,NA,NA,NA,NA,"SD",4000,2010-09-23,2010,"1",NA,NA
"149","46043",NA,"003642","10",2,87120,NA,NA,NA,NA,NA,NA,NA,"200 S RAYMOND ST  DELMONT SD 573302034",9000,2011-01-22,2011,"1",NA,NA
"150","46043",NA,"003649","10",2,87120,NA,NA,NA,NA,NA,NA,NA,"200 S BROADWAY ST  DELMONT SD 57330",12000,2014-02-06,2014,"1",NA,NA
"151","46043",NA,"003684","10",1,43560,NA,NA,NA,NA,NA,NA,NA,"302 S WILSON ST  DELMONT SD 573302043",18250,2007-03-12,2007,"1",NA,NA
"152","46043",NA,"003759","10",1,43560,NA,NA,NA,NA,NA,NA,NA,"302 S COUNTY ROAD 3   DELMONT SD 573302015",35555,2009-12-22,2009,"1",NA,NA
"153","46043",NA,"003762","10",1,43560,NA,NA,NA,NA,NA,NA,NA,"SD",3000,2012-07-30,2012,"1",NA,NA
"154","46043",NA,"003861","10",13.55,590238,NA,NA,NA,NA,NA,NA,NA,"27009  382ND AVE  CORSICA SD 573285123",65000,2014-12-19,2014,"1",NA,NA
"155","46043",NA,"000522","10",80,3484800,NA,NA,NA,NA,NA,NA,NA,"39533  284TH ST  ARMOUR SD 573135906",844000,2006-08-21,2006,"1",NA,NA
"156","46043",NA,"000970","10",43.12,1878307,NA,NA,NA,NA,NA,NA,NA,"27342  394TH AVE  CORSICA SD 573285502",160000,2007-10-18,2007,"1",NA,NA
"157","46043",NA,"001392","10",45.08,1963685,NA,NA,NA,NA,NA,NA,NA,"38147  273RD ST  CORSICA SD 573285305",129000,2005-12-12,2005,"1",NA,NA
"158","46043",NA,"001401","10",141,6141960,NA,NA,NA,NA,NA,NA,NA,"27448  380TH AVE  CORSICA SD 573285021",169000,2006-03-08,2006,"1",NA,NA
"159","46043",NA,"001435","10",54.21,2361388,NA,NA,NA,NA,NA,NA,NA,"38425  275TH ST  CORSICA SD 573285324",240000,2009-05-04,2009,"1",NA,NA
"160","46043",NA,"001575","10",1,43560,NA,NA,NA,NA,NA,NA,NA,"205  2ND ST  HARRISON SD 57344",15000,2015-02-05,2015,"1",NA,NA
"161","46043",NA,"001592","10",0.52,22651,NA,NA,NA,NA,NA,NA,NA,"310 E 1ST ST  CORSICA SD 57328",17000,2015-07-10,2015,"1",NA,NA
"162","46043",NA,"001662","10",27.64,1203998,NA,NA,NA,NA,NA,NA,NA,"27582  377TH AVE  GEDDES SD 573425001",150000,2017-10-27,2017,"1",NA,NA
"163","46043",NA,"003522","10",1,43560,NA,NA,NA,NA,NA,NA,NA,"320 E 8TH ST  CORSICA SD 573282250",95000,2014-05-01,2014,"1",NA,NA
"164","46043",NA,"003650","10",2,87120,NA,NA,NA,NA,NA,NA,NA,"202 S BROADWAY ST  DELMONT SD 573302030",9500,2016-01-04,2016,"1",NA,NA
"165","46043",NA,"003656","10",2,87120,NA,NA,NA,NA,NA,NA,NA,"202 S WILSON ST  DELMONT SD 573302021",31500,2006-07-14,2006,"1",NA,NA
"166","46043",NA,"003694","10",1,43560,NA,NA,NA,NA,NA,NA,NA,"101 E 3RD ST  CORSICA SD 57328",9263,2018-03-01,2018,"1",NA,NA
"167","46043",NA,"003706","10",1,43560,NA,NA,NA,NA,NA,NA,NA,"306 S WILLIAMS ST  DELMONT SD 573304100",49500,2007-04-18,2007,"1",NA,NA
"168","46043",NA,"004109","10",13.6,592416,NA,NA,NA,NA,NA,NA,NA,"27213  385TH AVE  CORSICA SD 573285148",45000,2010-04-21,2010,"1",NA,NA
"169","46043",NA,"004123","10",3.39,147668,NA,NA,NA,NA,NA,NA,NA,"26893  US HIGHWAY 281   CORSICA SD 573285134",30000,2012-11-13,2012,"1",NA,NA
"170","46043",NA,"004143","10",3,130680,NA,NA,NA,NA,NA,NA,NA,"440 N VAN T HAAFF DR   SD",7500,2012-10-31,2012,"1",NA,NA
"171","46043",NA,"004298","10",1,43560,NA,NA,NA,NA,NA,NA,NA,"335 E 9TH ST  CORSICA SD 573282271",250000,2018-10-24,2018,"1",NA,NA
"172","46043",NA,"004359","10",1,43560,NA,NA,NA,NA,NA,NA,NA,"SD",32000,2016-09-09,2016,"1",NA,NA
"173","46043",NA,"001988","10",80,3484800,NA,NA,NA,NA,NA,NA,NA,"27027  393RD AVE  CORSICA SD 573285224",36000,2012-10-23,2012,"1",NA,NA
"174","46043",NA,"002043","10",29.42,1281535,NA,NA,NA,NA,NA,NA,NA,"39384  272ND ST  CORSICA SD 573285222",12410,2007-04-11,2007,"1",NA,NA
"175","46043",NA,"002202","10",26.7,1163052,NA,NA,NA,NA,NA,NA,NA,"38844  272ND ST  CORSICA SD 573285100",206600,2009-05-12,2009,"1",NA,NA
"176","46043",NA,"002244","10",13.2,574992,NA,NA,NA,NA,NA,NA,NA,"27249  390TH AVE  CORSICA SD 573285419",259000,2010-09-30,2010,"1",NA,NA
"177","46043",NA,"002471","10",1,43560,NA,NA,NA,NA,NA,NA,NA,"651  MAIN AVE  HARRISON SD 573442300",80000,2016-12-09,2016,"1",NA,NA
"178","46043",NA,"002578","10",7.25,315810,NA,NA,NA,NA,NA,NA,NA,"27062  376TH AVE  HARRISON SD 573445020",120000,2010-12-22,2010,"1",NA,NA
"179","46043",NA,"002632","10",160,6969600,NA,NA,NA,NA,NA,NA,NA,"27242  376TH AVE  HARRISON SD 573445017",146000,2014-01-29,2014,"1",NA,NA
"180","46043",NA,"002660","10",1.5,65340,NA,NA,NA,NA,NA,NA,NA,"121 W MAIN ST  NEW HOLLAND SD 573642304",17250,2017-05-05,2017,"1",NA,NA
"181","46043",NA,"002680","10",0.84,36590,NA,NA,NA,NA,NA,NA,NA,"103 E MAIN ST  NEW HOLLAND SD 573642307",70000,2011-05-03,2011,"1",NA,NA
"182","46043",NA,"002682","10",1.95,84942,NA,NA,NA,NA,NA,NA,NA,"109 E MAIN ST  NEW HOLLAND SD 57364",60000,2018-10-12,2018,"1",NA,NA
"183","46043",NA,"002689","10",5.85,254826,NA,NA,NA,NA,NA,NA,NA,"211 E MAIN ST  NEW HOLLAND SD 573642302",85000,2015-07-02,2015,"1",NA,NA
"184","46043",NA,"002708","10",3,130680,NA,NA,NA,NA,NA,NA,NA,"1015  MAIN AVE  NEW HOLLAND SD 57364",20000,2011-03-11,2011,"1",NA,NA
"185","46043",NA,"002710","10",2,87120,NA,NA,NA,NA,NA,NA,NA,"604  4TH ST  GEDDES SD 573422124",36000,2017-02-04,2017,"1",NA,NA
"186","46043",NA,"002763","10",2,87120,NA,NA,NA,NA,NA,NA,NA,"802  2ND ST  PLATTE SD 57369",10500,2007-07-02,2007,"1",NA,NA
"187","46043",NA,"002794","10",2,87120,NA,NA,NA,NA,NA,NA,NA,"806  MATTHEWS AVE  ARMOUR SD 573137720",46000,2006-06-19,2006,"1",NA,NA
"188","46043",NA,"002798","10",2,87120,NA,NA,NA,NA,NA,NA,NA,"805  MATTHEWS AVE  ARMOUR SD 57313",1e+05,2007-03-01,2007,"1",NA,NA
"189","46043",NA,"002809","10",2,87120,NA,NA,NA,NA,NA,NA,NA,"708  HENDERSON AVE  ARMOUR SD 573132115",32000,2012-02-10,2012,"1",NA,NA
"190","46043",NA,"002866","10",2,87120,NA,NA,NA,NA,NA,NA,NA,"614  MILTMORE ST  ARMOUR SD 57313",37000,2008-08-19,2008,"1",NA,NA
"191","46043",NA,"002941","10",2,87120,NA,NA,NA,NA,NA,NA,NA,"910  LUMLEY ST  ARMOUR SD 57313",58750,2012-09-21,2012,"1",NA,NA
"192","46043",NA,"002964","10",2,87120,NA,NA,NA,NA,NA,NA,NA,"1105  MAIN AVE  ARMOUR SD 573132201",12500,2010-07-12,2010,"1",NA,NA
"193","46043",NA,"002969","10",2,87120,NA,NA,NA,NA,NA,NA,NA,"1106  DOBSON AVE  ARMOUR SD 573137740",60000,2017-08-14,2017,"1",NA,NA
"194","46043",NA,"003001","10",1,43560,NA,NA,NA,NA,NA,NA,NA,"403  DOBSON ST  ARMOUR SD 57313",102000,2015-04-09,2015,"1",NA,NA
"195","46043",NA,"003066","10",1,43560,NA,NA,NA,NA,NA,NA,NA,"SD",173000,2018-05-15,2018,"1",NA,NA
"196","46043",NA,"003142","10",3,130680,NA,NA,NA,NA,NA,NA,NA,"1008  2ND ST  HARRISON SD 57344",35000,2008-03-20,2008,"1",NA,NA
"197","46043",NA,"003295","10",1,43560,NA,NA,NA,NA,NA,NA,NA,"340 E 6TH ST  CORSICA SD 573282202",27000,2014-08-11,2014,"1",NA,NA
"198","46043",NA,"003356","10",1,43560,NA,NA,NA,NA,NA,NA,NA,"180 N PARK AVE  CORSICA SD 573282227",15000,2011-06-27,2011,"1",NA,NA
"199","46043",NA,"003364","10",1,43560,NA,NA,NA,NA,NA,NA,NA,"SD",15000,2014-03-12,2014,"1",NA,NA
"200","46043",NA,"003365","10",1,43560,NA,NA,NA,NA,NA,NA,NA,"670 E 5TH ST  CORSICA SD 573282215",66000,2016-06-30,2016,"1",NA,NA
"201","46043",NA,"003395","10",1,43560,NA,NA,NA,NA,NA,NA,NA,"620 E 6TH ST  CORSICA SD 573282217",12000,2016-01-21,2016,"1",NA,NA
"202","46043",NA,"003415","10",1,43560,NA,NA,NA,NA,NA,NA,NA,"460 N DAKOTA AVE  CORSICA SD 573282131",37600,2016-04-29,2016,"1",NA,NA
"203","46043",NA,"003434","10",1,43560,NA,NA,NA,NA,NA,NA,NA,"245 E 2ND ST  CORSICA SD 573282119",25000,2009-09-17,2009,"1",NA,NA
"204","46043",NA,"003486","10",1,43560,NA,NA,NA,NA,NA,NA,NA,"615 E 5TH ST  CORSICA SD 573282216",35000,2015-10-15,2015,"1",NA,NA
"205","46043",NA,"003492","10",1,43560,NA,NA,NA,NA,NA,NA,NA,"665 E 3RD ST  CORSICA SD 573282232",20000,2007-04-19,2007,"1",NA,NA
"206","46043",NA,"000629","10",4.42,192535,NA,NA,NA,NA,NA,NA,NA,"39109  281ST ST  ARMOUR SD 573135722",52000,2010-10-02,2010,"1",NA,NA
"207","46043",NA,"001165","10",9.03,393347,NA,NA,NA,NA,NA,NA,NA,"39021  273RD ST  CORSICA SD 573285427",150000,2010-12-17,2010,"1",NA,NA
"208","46043",NA,"001201","10",10,435600,NA,NA,NA,NA,NA,NA,NA,"27430  388TH AVE  CORSICA SD 573285408",30000,2018-01-31,2018,"1",NA,NA
"209","46043",NA,"001239","10",10.12,440827,NA,NA,NA,NA,NA,NA,NA,"27527  391ST AVE  CORSICA SD 573285423",169000,2006-10-04,2006,"1",NA,NA
"210","46043",NA,"001245","10",156,6795360,NA,NA,NA,NA,NA,NA,NA,"27506  US HIGHWAY 281   CORSICA SD 573285410",215300,2008-05-05,2008,"1",NA,NA
"211","46043",NA,"001320","10",160,6969600,NA,NA,NA,NA,NA,NA,NA,"27781  390TH AVE  ARMOUR SD 573135405",320000,2017-01-11,2017,"1",NA,NA
"212","46043",NA,"001339","10",160,6969600,NA,NA,NA,NA,NA,NA,NA,"38660  279TH ST  ARMOUR SD 57313",208000,2012-05-18,2012,"1",NA,NA
"213","46043",NA,"001566","10",1,43560,NA,NA,NA,NA,NA,NA,NA,"225 E 1ST ST  CORSICA SD 57328",5000,2007-04-13,2007,"1",NA,NA
"214","46043",NA,"001569","10",1,43560,NA,NA,NA,NA,NA,NA,NA,"221 E 1ST ST  CORSICA SD 57328",13000,2011-12-01,2011,"1",NA,NA
"215","46043",NA,"001772","10",1.24,54014,NA,NA,NA,NA,NA,NA,NA,"40228  269TH ST  DIMOCK SD 573315216",118000,2011-11-15,2011,"1",NA,NA
"216","46043",NA,"001991","10",10.89,474368,NA,NA,NA,NA,NA,NA,NA,"27048  392ND AVE  CORSICA SD 573285139",23100,2008-10-14,2008,"1",NA,NA
"217","46043",NA,"002425","10",1,43560,NA,NA,NA,NA,NA,NA,NA,"330  2ND ST  HARRISON SD 573442311",17500,2013-12-31,2013,"1",NA,NA
"218","46043",NA,"002427","10",1,43560,NA,NA,NA,NA,NA,NA,NA,"SD",42400,2006-11-08,2006,"1",NA,NA
"219","46043",NA,"002439","10",1,43560,NA,NA,NA,NA,NA,NA,NA,"380  MAIN AVE  HARRISON SD 57344",8500,2011-07-13,2011,"1",NA,NA
"220","46043",NA,"002469","10",3,130680,NA,NA,NA,NA,NA,NA,NA,"110  6TH ST  HARRISON SD 573442307",8000,2011-05-06,2011,"1",NA,NA
"221","46043",NA,"002671","10",1,43560,NA,NA,NA,NA,NA,NA,NA,"177  WALL ST BLVD   SD",45000,2012-05-10,2012,"1",NA,NA
"222","46043",NA,"002676","10",1,43560,NA,NA,NA,NA,NA,NA,NA,"305 E MAIN ST  NEW HOLLAND SD 573642300",20000,2007-06-26,2007,"1",NA,NA
"223","46043",NA,"002722","10",2,87120,NA,NA,NA,NA,NA,NA,NA,"1009  MATTHEWS AVE  ARMOUR SD 573136100",56000,2012-09-24,2012,"1",NA,NA
"224","46043",NA,"002725","10",2,87120,NA,NA,NA,NA,NA,NA,NA,"1001  MATTHEWS AVE  ARMOUR SD 57313",90000,2014-11-13,2014,"1",NA,NA
"225","46043",NA,"002788","10",2,87120,NA,NA,NA,NA,NA,NA,NA,"811  DOBSON AVE  ARMOUR SD 57313",13000,2011-09-08,2011,"1",NA,NA
"226","46043",NA,"002830","10",3,130680,NA,NA,NA,NA,NA,NA,NA,"712  DOBSON AVE  ARMOUR SD 57313",60000,2014-05-02,2014,"1",NA,NA
"227","46043",NA,"002833","10",4,174240,NA,NA,NA,NA,NA,NA,NA,"707  BRADDOCK AVE  ARMOUR SD 573137737",54000,2014-07-02,2014,"1",NA,NA
"228","46043",NA,"002859","10",2,87120,NA,NA,NA,"1983",NA,NA,NA,"607  HUSTON AVE  ARMOUR SD 573132143",31050,2010-12-09,2010,"1",NA,NA
"229","46043",NA,"000171","10",160,6969600,NA,NA,NA,NA,NA,NA,NA,"28076  400TH AVE  DELMONT SD 573305818",64000,2006-04-07,2006,"1",NA,NA
"230","46043",NA,"000361","10",40,1742400,NA,NA,NA,NA,NA,NA,NA,"39408  280TH ST  ARMOUR SD 573135801",175000,2012-07-02,2012,"1",NA,NA
"231","46043",NA,"000447","10",33.19,1445756,NA,NA,NA,NA,NA,NA,NA,"39274  283RD ST  ARMOUR SD 573135912",120000,2008-11-06,2008,"1",NA,NA
"232","46043",NA,"002938","10",2,87120,NA,NA,NA,"1915",NA,NA,NA,"905  HENDERSON AVE  ARMOUR SD 573137734",52000,2013-06-26,2013,"1",NA,NA
"233","46043",NA,"002968","10",1,43560,NA,NA,NA,NA,NA,NA,NA,"1104  DOBSON AVE  ARMOUR SD 573137740",55000,2012-12-31,2012,"1",NA,NA
"234","46043",NA,"003106","10",1,43560,NA,NA,NA,NA,NA,NA,NA,"1417  HENDERSON AVE  ARMOUR SD 573132124",37500,2009-10-27,2009,"1",NA,NA
"235","46043",NA,"003113","10",1,43560,NA,NA,NA,NA,NA,NA,NA,"1209  MAIN ST  STICKNEY SD 573752102",195000,2017-12-21,2017,"1",NA,NA
"236","46043",NA,"003243","10",2,87120,NA,NA,NA,NA,NA,NA,NA,"230 S PLEASANT VIEW AVE  CORSICA SD 573282209",11525,2016-05-05,2016,"1",NA,NA
"237","46043",NA,"003244","10",2,87120,NA,NA,NA,NA,NA,NA,NA,"255 E 5TH ST  CORSICA SD 57328",20000,2017-01-12,2017,"1",NA,NA
"238","46043",NA,"003317","10",1,43560,NA,NA,NA,NA,NA,NA,NA,"475 E 4TH ST  CORSICA SD 573282224",6500,2008-10-06,2008,"1",NA,NA
"239","46043",NA,"003322","10",3,130680,NA,NA,NA,NA,NA,NA,NA,"420 E MAIN ST  CORSICA SD 573282111",115000,2013-11-21,2013,"1",NA,NA
"240","46043",NA,"003359","10",2,87120,NA,NA,NA,NA,NA,NA,NA,"660 E MAIN ST  CORSICA SD 573282229",105000,2008-09-23,2008,"1",NA,NA
"241","46043",NA,"003370","10",1,43560,NA,NA,NA,NA,NA,NA,NA,"125 E 6TH ST  CORSICA SD 57328",86000,2015-11-06,2015,"1",NA,NA
"242","46043",NA,"003388","10",1,43560,NA,NA,NA,NA,NA,NA,NA,"385 S PARK AVE  CORSICA SD 573282300",88100,2014-10-03,2014,"1",NA,NA
"243","46043",NA,"003401","10",1,43560,NA,NA,NA,NA,NA,NA,NA,"150 S DUTCH AVE  CORSICA SD 573282214",17500,2009-04-15,2009,"1",NA,NA
"244","46043",NA,"003403","10",1,43560,NA,NA,NA,NA,NA,NA,NA,"720 E MAIN ST  CORSICA SD 573282269",47900,2007-10-03,2007,"1",NA,NA
"245","46043",NA,"003423","10",1,43560,NA,NA,NA,NA,NA,NA,NA,"315 N CORSE AVE  CORSICA SD 573282103",26500,2018-08-31,2018,"1",NA,NA
"246","46043",NA,"003454","10",2,87120,NA,NA,NA,NA,NA,NA,NA,"310 N CORSE AVE  CORSICA SD 573282105",50000,2016-07-14,2016,"1",NA,NA
"247","46043",NA,"003455","10",1,43560,NA,NA,NA,NA,NA,NA,NA,"320 N CORSE AVE  CORSICA SD 57328",35000,2014-02-10,2014,"1",NA,NA
"248","46043",NA,"003498","10",1,43560,NA,NA,NA,NA,NA,NA,NA,"640 E 3RD ST  CORSICA SD 573282234",98000,2014-11-24,2014,"1",NA,NA
"249","46043",NA,"003514","10",1,43560,NA,NA,NA,NA,NA,NA,NA,"485 E 7TH ST  CORSICA SD 573282253",110000,2018-09-25,2018,"1",NA,NA
"250","46043",NA,"003557","10",4.69,204296,NA,NA,NA,NA,NA,NA,NA,"860 E 1ST ST  CORSICA SD 573282113",195000,2013-11-04,2013,"1",NA,NA
"251","46043",NA,"003586","10",NA,NA,NA,NA,NA,NA,NA,NA,NA,"110 W MAIN ST  NEW HOLLAND SD 57364",22500,2016-11-18,2016,"1",NA,NA
"252","46043",NA,"003696","10",1,43560,NA,NA,NA,NA,NA,NA,NA,"304 S BROADWAY ST  DELMONT SD 57330",8500,2014-03-31,2014,"1",NA,NA
"253","46043",NA,"003701","10",1,43560,NA,NA,NA,NA,NA,NA,NA,"200 E 4TH ST  PLATTE SD 57369",11000,2014-05-03,2014,"1",NA,NA
"254","46043",NA,"003951","10",1,43560,NA,NA,NA,NA,NA,NA,NA,"410 N SIMPSON AVE  CORSICA SD 573282140",120000,2011-05-20,2011,"1",NA,NA
"255","46043",NA,"004391","10",1,43560,NA,NA,NA,NA,NA,NA,NA,"665 S VANT HAAFF DR  CORSICA SD 573282273",150000,2018-03-15,2018,"1",NA,NA
"256","46043",NA,"000325","10",20.34,886010,NA,NA,NA,NA,NA,NA,NA,"40250  285TH ST  DELMONT SD 573305612",118000,2008-11-28,2008,"1",NA,NA
"257","46043",NA,"001109","10",169.11,7366432,NA,NA,NA,NA,NA,NA,NA,"39466  278TH ST  ARMOUR SD 573135517",72000,2006-06-23,2006,"1",NA,NA
"258","46043",NA,"001263","10",17,740520,NA,NA,NA,NA,NA,NA,NA,"27587  388TH AVE  CORSICA SD 573285414",107714,2006-11-27,2006,"1",NA,NA
"259","46043",NA,"001468","10",45.99,2003324,NA,NA,NA,NA,NA,NA,NA,"27658  381ST AVE  CORSICA SD 573285317",207000,2014-08-19,2014,"1",NA,NA
"260","46043",NA,"001582","10",1,43560,NA,NA,NA,NA,NA,NA,NA,"126 E 1ST ST  NEW HOLLAND SD 573642309",26500,2017-08-25,2017,"1",NA,NA
"261","46043",NA,"001583","10",1,43560,NA,NA,NA,NA,NA,NA,NA,"128 E 1ST ST  PLATTE SD 57369",7000,2009-06-02,2009,"1",NA,NA
"262","46043",NA,"001617","10",160,6969600,NA,NA,NA,NA,NA,NA,NA,"27380  375TH AVE  PLATTE SD 573695005",68000,2015-12-09,2015,"1",NA,NA
"263","46043",NA,"002462","10",7,304920,NA,NA,NA,NA,NA,NA,NA,"580  MAIN AVE  HARRISON SD 573442325",19500,2017-11-29,2017,"1",NA,NA
"264","46043",NA,"002465","10",3,130680,NA,NA,NA,NA,NA,NA,NA,"511  MAIN AVE  HARRISON SD 573442302",11000,2013-09-24,2013,"1",NA,NA
"265","46043",NA,"002473","10",1,43560,NA,NA,NA,NA,NA,NA,NA,"610  VANDEN BOS AVE  HARRISON SD 573442304",40000,2016-04-21,2016,"1",NA,NA
"266","46043",NA,"002475","10",1,43560,NA,NA,NA,NA,NA,NA,NA,"610  MAIN AVE  HARRISON SD 573442301",29000,2009-03-30,2009,"1",NA,NA
"267","46043",NA,"002477","10",1,43560,NA,NA,NA,NA,NA,NA,NA,"680  MAIN AVE  HARRISON SD 573442301",55000,2009-09-16,2009,"1",NA,NA
"268","46043",NA,"002653","10",1,43560,NA,NA,NA,NA,NA,NA,NA,"134  DAKOTA AVE N NEW HOLLAND SD 573642306",12500,2013-01-11,2013,"1",NA,NA
"269","46043",NA,"002726","10",2,87120,NA,NA,NA,NA,NA,NA,NA,"400 E 4TH ST  CORSICA SD 57328",25000,2018-09-16,2018,"1",NA,NA
"270","46043",NA,"002855","10",1,43560,NA,NA,NA,NA,NA,NA,NA,"706  MILTMORE ST  ARMOUR SD 57313",6000,2009-05-28,2009,"1",NA,NA
"271","46043",NA,"002860","10",3,130680,NA,NA,NA,NA,NA,NA,NA,"605  HUSTON AVE  ARMOUR SD 573132143",21000,2011-11-04,2011,"1",NA,NA
"272","46043",NA,"002865","10",2,87120,NA,NA,NA,NA,NA,NA,NA,"612  MILTMORE ST  ARMOUR SD 57313",6000,2017-10-30,2017,"1",NA,NA
"273","46043",NA,"002912","10",1,43560,NA,NA,NA,NA,NA,NA,NA,"604  HENDERSON AVE  ARMOUR SD 573137715",30000,2014-08-01,2014,"1",NA,NA
"274","46043",NA,"002933","10",1,43560,NA,NA,NA,NA,NA,NA,NA,"306  2ND ST  GEDDES SD 57342",52000,2012-12-12,2012,"1",NA,NA
"275","46043",NA,"003088","10",1,43560,NA,NA,NA,NA,NA,NA,NA,"1408  DOBSON AVE  ARMOUR SD 573134201",60000,2017-09-01,2017,"1",NA,NA
"276","46043",NA,"003132","10",1,43560,NA,NA,NA,NA,NA,NA,NA,"616  HUSTON AVE  ARMOUR SD 57313",16500,2007-04-14,2007,"1",NA,NA
"277","46043",NA,"003145","10",3,130680,NA,NA,NA,NA,NA,NA,NA,"803  HUSTON AVE  HARRISON SD 57344",5000,2016-08-02,2016,"1",NA,NA
"278","46043",NA,"003148","10",2,87120,NA,NA,NA,NA,NA,NA,NA,"900  2ND ST  HARRISON SD 57344",17000,2011-11-03,2011,"1",NA,NA
"279","46043",NA,"003158","10",1,43560,NA,NA,NA,NA,NA,NA,NA,"903  LUMLEY AVE  ARMOUR SD 573132138",98000,2017-09-14,2017,"1",NA,NA
"280","46043",NA,"003159","10",1,43560,NA,NA,NA,NA,NA,NA,NA,"SD",98000,2017-09-14,2017,"1",NA,NA
"281","46043",NA,"003161","10",2,87120,NA,NA,NA,NA,NA,NA,NA,"210  2ND ST  HARRISON SD 57344",75000,2008-09-19,2008,"1",NA,NA
"282","46043",NA,"003185","10",1,43560,NA,NA,NA,NA,NA,NA,NA,"804  7TH ST  ARMOUR SD 573132214",54000,2015-09-28,2015,"1",NA,NA
"283","46043",NA,"003233","10",1,43560,NA,NA,NA,NA,NA,NA,NA,"125 E 5TH ST  PLATTE SD 57369",13400,2014-08-12,2014,"1",NA,NA
"284","46043",NA,"003240","10",2,87120,NA,NA,NA,NA,NA,NA,NA,"160 E 6TH ST  CORSICA SD 573282259",48000,2006-01-31,2006,"1",NA,NA
"285","46043",NA,"003312","10",2,87120,NA,NA,NA,NA,NA,NA,NA,"440 E 5TH ST  CORSICA SD 573282223",17500,2015-09-18,2015,"1",NA,NA
"286","46043",NA,"003314","10",1,43560,NA,NA,NA,NA,NA,NA,NA,"425 E 4TH ST  CORSICA SD 573282224",17000,2010-10-14,2010,"1",NA,NA
"287","46043",NA,"003325","10",1,43560,NA,NA,NA,NA,NA,NA,NA,"545 E 4TH ST  CORSICA SD 573282226",103000,2014-10-27,2014,"1",NA,NA
"288","46043",NA,"003353","10",2,87120,NA,NA,NA,NA,NA,NA,NA,"685 E 4TH ST  CORSICA SD 573282252",63500,2010-11-11,2010,"1",NA,NA
"289","46043",NA,"003427","10",1,43560,NA,NA,NA,NA,NA,NA,NA,"330 N DAKOTA AVE  CORSICA SD 573282260",21500,2014-11-10,2014,"1",NA,NA
"290","46043",NA,"003442","10",1,43560,NA,NA,NA,NA,NA,NA,NA,"375 N PLEASANT VIEW AVE  CORSICA SD 573282117",7500,2010-11-17,2010,"1",NA,NA
"291","46043",NA,"003443","10",1,43560,NA,NA,NA,NA,NA,NA,NA,"385 N PLEASANT VIEW AVE  CORSICA SD 573282117",35000,2012-07-26,2012,"1",NA,NA
"292","46043",NA,"003463","10",1,43560,NA,NA,NA,NA,NA,NA,NA,"390 N CORSE AVE  CORSICA SD 573282105",7000,2007-06-05,2007,"1",NA,NA
"293","46043",NA,"003477","10",1,43560,NA,NA,NA,NA,NA,NA,NA,"380 N SIMPSON AVE  CORSICA SD 57328",50000,2014-06-27,2014,"1",NA,NA
"294","46043",NA,"003611","10",2,87120,NA,NA,NA,NA,NA,NA,NA,"103 S GIFFORD ST  DELMONT SD 57330",22000,2013-10-07,2013,"1",NA,NA
"295","46043",NA,"003617","10",1,43560,NA,NA,NA,NA,NA,NA,NA,"204 W 2ND ST  DELMONT SD 573305608",9500,2014-08-21,2014,"1",NA,NA
"296","46043",NA,"003627","10",5,217800,NA,NA,NA,NA,NA,NA,NA,"103 S BROADWAY ST  DELMONT SD 573302033",4500,2013-10-15,2013,"1",NA,NA
"297","46043",NA,"003646","10",1,43560,NA,NA,NA,NA,NA,NA,NA,"201 S RAYMOND ST  DELMONT SD 573302034",10000,2015-06-29,2015,"1",NA,NA
"298","46043",NA,"003663","10",2,87120,NA,NA,NA,NA,NA,NA,NA,"202 W 3RD ST  DELMONT SD 573305610",60000,2015-08-27,2015,"1",NA,NA
"299","46043",NA,"003695","10",1,43560,NA,NA,NA,NA,NA,NA,NA,"302 S BROADWAY ST  DELMONT SD 573302024",34000,2018-10-08,2018,"1",NA,NA
"300","46043",NA,"003711","10",4,174240,NA,NA,NA,NA,NA,NA,NA,"105 S ADAIR ST  DELMONT SD 573307700",35500,2018-03-12,2018,"1",NA,NA
"301","46043",NA,"003765","10",1,43560,NA,NA,NA,NA,NA,NA,NA,"309 S SEAMAN ST  DELMONT SD 573302005",25000,2017-09-22,2017,"1",NA,NA
"302","46043",NA,"003889","10",4.53,197327,NA,NA,NA,NA,NA,NA,NA,"27503  380TH AVE  CORSICA SD 573285024",210000,2017-04-26,2017,"1",NA,NA
"303","46043",NA,"004038","10",1,43560,NA,NA,NA,NA,NA,NA,NA,"SD",10000,2014-11-24,2014,"1",NA,NA
"304","46043",NA,"004094","10",1,43560,NA,NA,NA,NA,NA,NA,NA,"620 S DAKOTA AVE   SD",3750,2014-06-26,2014,"1",NA,NA
"305","46043",NA,"004211","10",1.77,77101,NA,NA,NA,NA,NA,NA,NA,"27204  377TH AVE  CORSICA SD 573285017",10000,2010-02-11,2010,"1",NA,NA
"306","46043",NA,"004233","10",1,43560,NA,NA,NA,NA,NA,NA,NA,"1409  HENDERSON AVE  ARMOUR SD 57313",7000,2011-08-12,2011,"1",NA,NA
"307","46043",NA,"004358","10",1,43560,NA,NA,NA,NA,NA,NA,NA,"645 S VANT HAAFF DR  CORSICA SD 573282273",177700,2018-10-05,2018,"1",NA,NA
"308","46043",NA,"004384","10",14.75,642510,NA,NA,NA,NA,NA,NA,NA,"27629  375TH AVE  PLATTE SD 573695009",140000,2017-06-02,2017,"1",NA,NA
"309","46043",NA,"004392","10",2,87120,NA,NA,NA,NA,NA,NA,NA,"27278  390TH AVE  CORSICA SD 573285419",14000,2017-09-26,2017,"1",NA,NA
"310","46043",NA,"003741","10",1,43560,NA,NA,NA,NA,NA,NA,NA,"308 E COUNTY ROAD 500   DELMONT SD 573302011",22605,2011-12-01,2011,"1",NA,NA
"311","46043",NA,"003769","10",3,130680,NA,NA,NA,NA,NA,NA,NA,"401 E COUNTY ROAD 500   DELMONT SD 573302032",20000,2010-03-30,2010,"1",NA,NA
"312","46043",NA,"004009","10",1,43560,NA,NA,NA,NA,NA,NA,NA,"1410  LUMLEY AVE  ARMOUR SD 573132160",15000,2018-02-06,2018,"1",NA,NA
"313","46043",NA,"004036","10",2,87120,NA,NA,NA,NA,NA,NA,NA,"430 N SIMPSON AVE  CORSICA SD 573282140",7000,2012-09-26,2012,"1",NA,NA
"314","46043",NA,"004124","10",1.97,85813,NA,NA,NA,NA,NA,NA,NA,"141  DAKOTA AVE N NEW HOLLAND SD 573642311",150000,2015-07-24,2015,"1",NA,NA
"315","46043",NA,"004248","10",NA,NA,NA,NA,NA,NA,NA,NA,NA,"1413  HENDERSON AVE  ARMOUR SD 57313",23000,2012-06-26,2012,"1",NA,NA
"316","46043",NA,"000356","10",10.71,466528,NA,NA,NA,NA,NA,NA,NA,"39576  280TH ST  ARMOUR SD 573135803",40000,2015-12-24,2015,"1",NA,NA
"317","46043",NA,"000558","10",9.06,394654,NA,NA,NA,NA,NA,NA,NA,"27983  US HIGHWAY 281   ARMOUR SD 573135726",225000,2009-10-01,2009,"1",NA,NA
"318","46043",NA,"000674","10",145.05,6318378,NA,NA,NA,NA,NA,NA,NA,"28207  US HIGHWAY 281   ARMOUR SD 573135911",1148000,2018-04-27,2018,"1",NA,NA
"319","46043",NA,"000955","10",8.82,384199,NA,NA,NA,NA,NA,NA,NA,"39687  273RD ST  ARMOUR SD 573135506",50000,2006-12-15,2006,"1",NA,NA
"320","46043",NA,"001027","10",11.64,507038,NA,NA,NA,NA,NA,NA,NA,"39578  SD HIGHWAY 44   ARMOUR SD 573135502",235000,2009-06-30,2009,"1",NA,NA
"321","46043",NA,"001138","10",8.21,357628,NA,NA,NA,NA,NA,NA,NA,"39564  279TH ST  ARMOUR SD 573135806",51500,2015-01-27,2015,"1",NA,NA
"322","46043",NA,"001336","10",160.29,6982232,NA,NA,NA,NA,NA,NA,NA,"38614  279TH ST  ARMOUR SD 57313",184000,2009-03-02,2009,"1",NA,NA
"323","46043",NA,"001572","10",1,43560,NA,NA,NA,NA,NA,NA,NA,"302 E MAIN ST  NEW HOLLAND SD 57364",12000,2018-10-09,2018,"1",NA,NA
"324","46043",NA,"001813","10",2.1,91476,NA,NA,NA,NA,NA,NA,NA,"27005  399TH AVE  DIMOCK SD 573315207",85000,2012-11-29,2012,"1",NA,NA
"325","46043",NA,"001962","10",43.02,1873951,NA,NA,NA,NA,NA,NA,NA,"39575  269TH ST  CORSICA SD 573285205",80000,2009-09-11,2009,"1",NA,NA
"326","46043",NA,"002211","10",159.04,6927782,NA,NA,NA,NA,NA,NA,NA,"38628  272ND ST  CORSICA SD 573285102",88000,2008-06-30,2008,"1",NA,NA
"327","46043",NA,"002217","10",160,6969600,NA,NA,NA,NA,NA,NA,NA,"38765  272ND ST  CORSICA SD 573285101",20082,2018-08-30,2018,"1",NA,NA
"328","46043",NA,"002390","10",160,6969600,NA,NA,NA,NA,NA,NA,NA,"38146  272ND ST  CORSICA SD 573285105",275000,2007-11-08,2007,"1",NA,NA
"329","46043",NA,"002413","10",2.5,108900,NA,NA,NA,NA,NA,NA,NA,"791  VANDEN BOS AVE  HARRISON SD 573442308",10500,2012-12-17,2012,"1",NA,NA
"330","46043",NA,"002441","10",3,130680,NA,NA,NA,NA,NA,NA,NA,"310  MAIN AVE  HARRISON SD 573442328",9750,2016-01-04,2016,"1",NA,NA
"331","46043",NA,"002684","10",1,43560,NA,NA,NA,NA,NA,NA,NA,"307 E MAIN ST  NEW HOLLAND SD 573642300",17000,2011-08-18,2011,"1",NA,NA
"332","46043",NA,"002693","10",1,43560,NA,NA,NA,NA,NA,NA,NA,"1004  BRADDOCK AVE  ARMOUR SD 573137704",55000,2010-08-31,2010,"1",NA,NA
"333","46043",NA,"002808","10",1,43560,NA,NA,NA,NA,NA,NA,NA,"706  HENDERSON AVE  ARMOUR SD 57313",32000,2012-02-10,2012,"1",NA,NA
"334","46043",NA,"002848","10",2,87120,NA,NA,NA,NA,NA,NA,NA,"711  HUSTON AVE  ARMOUR SD 573137732",18000,2007-07-06,2007,"1",NA,NA
"335","46043",NA,"002863","10",1,43560,NA,NA,NA,NA,NA,NA,NA,"604  MILTMORE ST  ARMOUR SD 573136202",14000,2011-10-28,2011,"1",NA,NA
"336","46043",NA,"002878","10",2,87120,NA,NA,NA,NA,NA,NA,NA,"610  BRADDOCK AVE  ARMOUR SD 57313",9200,2013-11-06,2013,"1",NA,NA
"337","46043",NA,"002934","10",1,43560,NA,NA,NA,NA,NA,NA,NA,"304  2ND ST  GEDDES SD 573422106",39000,2014-05-28,2014,"1",NA,NA
"338","46043",NA,"002953","10",3,130680,NA,NA,NA,NA,NA,NA,NA,"1105  MATTHEWS AVE  ARMOUR SD 573132126",35000,2009-11-16,2009,"1",NA,NA
"339","46043",NA,"002959","10",1,43560,NA,NA,NA,NA,NA,NA,NA,"1101  DOBSON AVE  ARMOUR SD 57313",29560,2013-09-13,2013,"1",NA,NA
"340","46043",NA,"002985","10",2,87120,NA,NA,NA,NA,NA,NA,NA,"1001  2ND ST  HARRISON SD 57344",10000,2016-09-13,2016,"1",NA,NA
"341","46043",NA,"003003","10",1,43560,NA,NA,NA,NA,NA,NA,NA,"409  MAIN AVE  ARMOUR SD 573132129",55000,2018-08-15,2018,"1",NA,NA
"342","46043",NA,"003031","10",1,43560,NA,NA,NA,NA,NA,NA,NA,"207  DOBSON AVE  ARMOUR SD 573132222",32500,2010-11-17,2010,"1",NA,NA
"343","46043",NA,"003060","10",1,43560,NA,NA,NA,NA,NA,NA,NA,"201  1ST ST  ARMOUR SD 573132105",90000,2017-04-27,2017,"1",NA,NA
"344","46043",NA,"003068","10",1,43560,NA,NA,NA,NA,NA,NA,NA,"1210  MAIN AVE  STICKNEY SD 57375",10000,2009-06-03,2009,"1",NA,NA
"345","46043",NA,"003071","10",1,43560,NA,NA,NA,NA,NA,NA,NA,"601  7TH ST  ARMOUR SD 573132220",20000,2007-05-09,2007,"1",NA,NA
"346","46043",NA,"003084","10",1,43560,NA,NA,NA,NA,NA,NA,NA,"1407  MAIN AVE  ARMOUR SD 57313",20000,2007-04-13,2007,"1",NA,NA
"347","46043",NA,"003104","10",1,43560,NA,NA,NA,NA,NA,NA,NA,"1205  BRADDOCK ST   SD",60000,2018-07-13,2018,"1",NA,NA
"348","46043",NA,"003150","10",4,174240,NA,NA,NA,NA,NA,NA,NA,"806  MILTMORE ST   SD",17000,2011-11-03,2011,"1",NA,NA
"349","46043",NA,"003167","10",1,43560,NA,NA,NA,NA,NA,NA,NA,"1210  BRADDOCK AVE  ARMOUR SD 573132151",52500,2015-11-30,2015,"1",NA,NA
"350","46043",NA,"003197","10",1,43560,NA,NA,NA,NA,NA,NA,NA,"704  HANSKUTT AVE  ARMOUR SD 57313",165000,2010-02-12,2010,"1",NA,NA
"351","46043",NA,"003239","10",2,87120,NA,NA,NA,NA,NA,NA,NA,"285 S PLEASANT VIEW AVE  CORSICA SD 57328",22500,2017-11-16,2017,"1",NA,NA
"352","46043",NA,"003350","10",3,130680,NA,NA,NA,NA,NA,NA,NA,"530 E 4TH ST  CORSICA SD 57328",35000,2017-06-16,2017,"1",NA,NA
"353","46043",NA,"003351","10",1,43560,NA,NA,NA,NA,NA,NA,NA,"560 E 4TH ST  CORSICA SD 573282225",45000,2016-09-30,2016,"1",NA,NA
"354","46043",NA,"003369","10",1,43560,NA,NA,NA,NA,NA,NA,NA,"155 E 6TH ST  CORSICA SD 573282210",6500,2012-07-02,2012,"1",NA,NA
"355","46043",NA,"003392","10",1,43560,NA,NA,NA,NA,NA,NA,NA,"525 E 6TH ST  CORSICA SD 573282219",14000,2010-05-10,2010,"1",NA,NA
"356","46043",NA,"003404","10",1,43560,NA,NA,NA,NA,NA,NA,NA,"155 N NAPOLEON AVE  CORSICA SD 573282266",50000,2014-11-21,2014,"1",NA,NA
"357","46043",NA,"003430","10",1,43560,NA,NA,NA,NA,NA,NA,NA,"325 N DAKOTA AVE  CORSICA SD 573282116",35000,2009-12-30,2009,"1",NA,NA
"358","46043",NA,"003448","10",1,43560,NA,NA,NA,NA,NA,NA,NA,"275 N DAKOTA AVE  CORSICA SD 573282122",57500,2017-11-17,2017,"1",NA,NA
"359","46043",NA,"003452","10",1,43560,NA,NA,NA,NA,NA,NA,NA,"SD",9000,2010-12-10,2010,"1",NA,NA
"360","46043",NA,"003484","10",1,43560,NA,NA,NA,NA,NA,NA,NA,"655 E 5TH ST  CORSICA SD 573282216",45000,2012-08-30,2012,"1",NA,NA
"361","46043",NA,"003499","10",1,43560,NA,NA,NA,NA,NA,NA,NA,"SD",95000,2017-10-25,2017,"1",NA,NA
"362","46043",NA,"003554","10",1,43560,NA,NA,NA,NA,NA,NA,NA,"520 E 1ST ST  CORSICA SD 573282114",14000,2006-01-30,2006,"1",NA,NA
"363","46043",NA,"003556","10",1,43560,NA,NA,NA,NA,NA,NA,NA,"750 E 1ST ST  CORSICA SD 573282125",210000,2017-11-13,2017,"1",NA,NA
"364","46043",NA,"001565","10",1,43560,NA,NA,NA,NA,NA,NA,NA,"160  2ND AVE  HARRISON SD 57344",20500,2006-08-25,2006,"1",NA,NA
"365","46043",NA,"001604","10",3.25,141570,NA,NA,NA,NA,NA,NA,NA,"27367  379TH AVE  CORSICA SD 573285014",38000,2007-01-19,2007,"1",NA,NA
"366","46043",NA,"001643","10",158.14,6888578,NA,NA,NA,NA,NA,NA,NA,"27466  378TH AVE  CORSICA SD 573285010",96000,2008-05-22,2008,"1",NA,NA
"367","46043",NA,"001861","10",16.89,735728,NA,NA,NA,NA,NA,NA,NA,"40260  272ND ST  PARKSTON SD 573665210",220000,2018-01-12,2018,"1",NA,NA
"368","46043",NA,"001882","10",153.41,6682540,NA,NA,NA,NA,NA,NA,NA,"27218  398TH AVE  CORSICA SD 573285500",46200,2011-02-03,2011,"1",NA,NA
"369","46043",NA,"002338","10",160,6969600,NA,NA,NA,NA,NA,NA,NA,"26985  381ST AVE  HARRISON SD 573445100",92000,2010-11-23,2010,"1",NA,NA
"370","46043",NA,"002440","10",5,217800,NA,NA,NA,NA,NA,NA,NA,"340  MAIN AVE  HARRISON SD 573442328",7000,2013-06-26,2013,"1",NA,NA
"371","46043",NA,"002575","10",157.44,6858086,NA,NA,NA,NA,NA,NA,NA,"37560  271ST ST  HARRISON SD 573445019",46000,2009-07-09,2009,"1",NA,NA
"372","46043",NA,"002700","10",1,43560,NA,NA,NA,NA,NA,NA,NA,"1007  BRADDOCK AVE  ARMOUR SD 573137704",5000,2009-04-09,2009,"1",NA,NA
"373","46043",NA,"002746","10",2,87120,NA,NA,NA,NA,NA,NA,NA,"909  BRADDOCK AVE  ARMOUR SD 573137735",29000,2012-04-16,2012,"1",NA,NA
"374","46043",NA,"002758","10",2,87120,NA,NA,NA,NA,NA,NA,NA,"908  BRADDOCK AVE  ARMOUR SD 573137735",35000,2014-06-25,2014,"1",NA,NA
"375","46043",NA,"002759","10",2,87120,NA,NA,NA,NA,NA,NA,NA,"910  BRADDOCK AVE  ARMOUR SD 57313",23400,2005-11-01,2005,"1",NA,NA
"376","46043",NA,"002792","10",1,43560,NA,NA,NA,NA,NA,NA,NA,"801  DOBSON AVE  ARMOUR SD 573132216",63000,2015-04-15,2015,"1",NA,NA
"377","46043",NA,"002805","10",2,87120,NA,NA,NA,NA,NA,NA,NA,"701  MATTHEWS AVE  ARMOUR SD 573137719",67000,2017-09-27,2017,"1",NA,NA
"378","46043",NA,"002862","10",2,87120,NA,NA,NA,NA,NA,NA,NA,"600  MILTMORE ST  ARMOUR SD 573136202",60000,2016-11-28,2016,"1",NA,NA
"379","46043",NA,"002905","10",2,87120,NA,NA,NA,NA,NA,NA,NA,"606  MATTHEWS AVE  ARMOUR SD 573137718",10000,2012-03-26,2012,"1",NA,NA
"380","46043",NA,"002930","10",1,43560,NA,NA,NA,NA,NA,NA,NA,"301  2ND ST  ARMOUR SD 573132145",85000,2015-11-18,2015,"1",NA,NA
"381","46043",NA,"002939","10",2,87120,NA,NA,NA,NA,NA,NA,NA,"901  HENDERSON AVE  ARMOUR SD 573137734",15000,2014-12-30,2014,"1",NA,NA
"382","46043",NA,"002949","10",3,130680,NA,NA,NA,NA,NA,NA,NA,"1103  HENDERSON AVE  ARMOUR SD 573138900",32500,2014-07-01,2014,"1",NA,NA
"383","46043",NA,"002977","10",2,87120,NA,NA,NA,NA,NA,NA,NA,"1110  MAIN AVE  ARMOUR SD 573132200",59000,2018-03-12,2018,"1",NA,NA
"384","46043",NA,"003041","10",2,87120,NA,NA,NA,NA,NA,NA,NA,"700  FRANKLIN ST  ARMOUR SD 573138501",32000,2016-09-09,2016,"1",NA,NA
"385","46043",NA,"003049","10",1,43560,NA,NA,NA,NA,NA,NA,NA,"109  MAIN AVE  ARMOUR SD 573132106",65000,2010-10-22,2010,"1",NA,NA
"386","46043",NA,"003069","10",1,43560,NA,NA,NA,NA,NA,NA,NA,"1206  MAIN AVE  STICKNEY SD 57375",95000,2011-08-03,2011,"1",NA,NA
"387","46043",NA,"003083","10",3,130680,NA,NA,NA,NA,NA,NA,NA,"1411  MAIN AVE  ARMOUR SD 57313",15500,2006-06-28,2006,"1",NA,NA
"388","46043",NA,"003131","10",3,130680,NA,NA,NA,NA,NA,NA,NA,"616  HUSTON AVE  ARMOUR SD 57313",9250,2008-02-16,2008,"1",NA,NA
"389","46043",NA,"003141","10",3,130680,NA,NA,NA,NA,NA,NA,NA,"1100  2ND ST  ARMOUR SD 573132158",120000,2018-05-10,2018,"1",NA,NA
"390","46043",NA,"003144","10",4,174240,NA,NA,NA,NA,NA,NA,NA,"1000  2ND ST  HARRISON SD 57344",99000,2015-06-30,2015,"1",NA,NA
"391","46043",NA,"003149","10",2,87120,NA,NA,NA,NA,NA,NA,NA,"SD",17000,2011-11-03,2011,"1",NA,NA
"392","46043",NA,"003248","10",2,87120,NA,NA,NA,NA,NA,NA,NA,"280 S PLEASANT VIEW AVE  CORSICA SD 57328",8500,2015-10-29,2015,"1",NA,NA
"393","46043",NA,"003257","10",2,87120,NA,NA,NA,NA,NA,NA,NA,"240 E 5TH ST  CORSICA SD 573282248",26250,2008-09-23,2008,"1",NA,NA
"394","46043",NA,"003284","10",2,87120,NA,NA,NA,NA,NA,NA,NA,"380 E 5TH ST  CORSICA SD 573282201",65000,2014-11-19,2014,"1",NA,NA
"395","46043",NA,"003298","10",1,43560,NA,NA,NA,NA,NA,NA,NA,"445 E 5TH ST  CORSICA SD 57328",17001,2018-06-14,2018,"1",NA,NA
"396","46043",NA,"003302","10",1,43560,NA,NA,NA,NA,NA,NA,NA,"480 E 6TH ST  CORSICA SD 573282221",68500,2017-05-15,2017,"1",NA,NA
"397","46043",NA,"003372","10",1,43560,NA,NA,NA,NA,NA,NA,NA,"265 E 6TH ST  CORSICA SD 573282206",3010,2006-06-30,2006,"1",NA,NA
"398","46043",NA,"003381","10",1,43560,NA,NA,NA,NA,NA,NA,NA,"320 E 7TH ST  CORSICA SD 57328",66500,2016-05-10,2016,"1",NA,NA
"399","46043",NA,"003396","10",1,43560,NA,NA,NA,NA,NA,NA,NA,"630 E 6TH ST  CORSICA SD 57328",7000,2010-08-25,2010,"1",NA,NA
"400","46043",NA,"003466","10",1,43560,NA,NA,NA,NA,NA,NA,NA,"385 N SIMPSON AVE  CORSICA SD 573282104",109500,2010-07-28,2010,"1",NA,NA
"401","46043",NA,"003510","10",1,43560,NA,NA,NA,NA,NA,NA,NA,"425 S DAKOTA AVE  CORSICA SD 573282208",120000,2018-08-30,2018,"1",NA,NA
"402","46043",NA,"003591","10",2,87120,NA,NA,NA,NA,NA,NA,NA,"102 N GIFFORD ST  DELMONT SD 573302029",10000,2012-12-06,2012,"1",NA,NA
"403","46043",NA,"003603","10",1,43560,NA,NA,NA,NA,NA,NA,NA,"300 W MAIN ST  DELMONT SD 573302001",40000,2015-07-28,2015,"1",NA,NA
"404","46043",NA,"003644","10",2,87120,NA,NA,NA,NA,NA,NA,NA,"202 E 3RD ST  PLATTE SD 57369",45000,2008-02-15,2008,"1",NA,NA
"405","46043",NA,"003660","10",2,87120,NA,NA,NA,NA,NA,NA,NA,"203 W 2ND ST  DELMONT SD 57330",12000,2018-04-10,2018,"1",NA,NA
"406","46043",NA,"003662","10",2,87120,NA,NA,NA,NA,NA,NA,NA,"204 W 3RD ST  CORSICA SD 57328",20500,2010-12-10,2010,"1",NA,NA
"407","46043",NA,"003693","10",1,43560,NA,NA,NA,NA,NA,NA,NA,"103 E 3RD ST  CORSICA SD 57328",30000,2009-06-02,2009,"1",NA,NA
"408","46043",NA,"003709","10",14,609840,NA,NA,NA,NA,NA,NA,NA,"320 E 3RD ST  DELMONT SD 573302006",77000,2017-06-07,2017,"1",NA,NA
"409","46043",NA,"003730","10",1,43560,NA,NA,NA,NA,NA,NA,NA,"404 N COUNTY ROAD 3   DELMONT SD 573302020",45000,2015-10-28,2015,"1",NA,NA
"410","46043",NA,"003736","10",1,43560,NA,NA,NA,NA,NA,NA,NA,"304 N BROADWAY ST  DELMONT SD 57330",110000,2014-05-13,2014,"1",NA,NA
"411","46043",NA,"003739","10",1,43560,NA,NA,NA,NA,NA,NA,NA,"306 E COUNTY ROAD 500   DELMONT SD 573302011",67500,2015-07-10,2015,"1",NA,NA
"412","46043",NA,"003751","10",1,43560,NA,NA,NA,NA,NA,NA,NA,"201 S SEAMAN ST  DELMONT SD 573302003",6500,2018-07-05,2018,"1",NA,NA
"413","46043",NA,"003760","10",1,43560,NA,NA,NA,NA,NA,NA,NA,"303 S SEAMAN ST  DELMONT SD 57330",42000,2010-07-13,2010,"1",NA,NA
"414","46043",NA,"003896","10",1,43560,NA,NA,NA,NA,NA,NA,NA,"908  7TH ST  ARMOUR SD 573132210",15000,2013-05-01,2013,"1",NA,NA
"415","46043",NA,"004286","10",NA,NA,NA,NA,NA,NA,NA,NA,NA,"307 E COUNTY ROAD 500   DELMONT SD 573302012",65000,2018-10-01,2018,"1",NA,NA
"416","46043",NA,"004291","10",1,43560,NA,NA,NA,NA,NA,NA,NA,"320 E 10TH ST  CORSICA SD 573282275",250000,2017-09-11,2017,"1",NA,NA
"417","46043",NA,"004393","10",5,217800,NA,NA,NA,NA,NA,NA,NA,"27272  390TH AVE  CORSICA SD 573285419",21000,2017-09-26,2017,"1",NA,NA
"418","46043",NA,"000302","10",40,1742400,NA,NA,NA,NA,NA,NA,NA,"39838  285TH ST  DELMONT SD 573305907",187950,2012-10-16,2012,"1",NA,NA
"419","46043",NA,"000780","10",67.46,2938558,NA,NA,NA,NA,NA,NA,NA,"27456  399TH AVE  PARKSTON SD 573665650",175000,2018-08-17,2018,"1",NA,NA
"420","46043",NA,"000898","10",40,1742400,NA,NA,NA,NA,NA,NA,NA,"27704  399TH AVE  DELMONT SD 573305602",170000,2011-06-30,2011,"1",NA,NA
"421","46043",NA,"001095","10",17.99,783644,NA,NA,NA,NA,NA,NA,NA,"27734  396TH AVE  ARMOUR SD 573135500",95000,2011-11-29,2011,"1",NA,NA
"422","46043",NA,"001224","10",14.66,638590,NA,NA,NA,NA,NA,NA,NA,"39169  274TH ST  CORSICA SD 573285425",250000,2013-01-31,2013,"1",NA,NA
"423","46043",NA,"001270","10",78.87,3435577,NA,NA,NA,NA,NA,NA,NA,"38631  SD HIGHWAY 44   CORSICA SD 573285415",659867,2018-02-21,2018,"1",NA,NA
"424","46043",NA,"001348","10",25,1089000,NA,NA,NA,NA,NA,NA,NA,"38977  278TH ST  ARMOUR SD 573135404",368000,2011-10-07,2011,"1",NA,NA
