"","geoid_cnty","geoid_blk","p_id_iris_frmtd","property_indicator","acres","land_square_footage","bldg_code","building_square_feet","living_square_feet","year_built","effective_year_built","bedrooms","baths_appraised","property_address","sale_price","sale_date","sale_year","transaction_type","property_centroid_latitude","property_centroid_longitude"
"1","27087",NA,"01.100.0010","10",0.08,3485,NA,NA,NA,NA,NA,NA,NA,"2127  220TH AVE  MAHNOMEN MN 565579040",6500,2016-05-25,2016,"1",NA,NA
"2","27087",NA,"02.035.0410","10",8,348480,NA,NA,NA,NA,NA,NA,NA,"1572  140TH AVE  BEJOU MN 565169568",180000,2019-09-11,2019,"1",NA,NA
"3","27087",NA,"03.025.0200","10",9.91,431680,NA,NA,NA,NA,NA,NA,NA,"2049  220TH AVE  MAHNOMEN MN 565579094",65100,2014-10-30,2014,"1",NA,NA
"4","27087",NA,"03.031.0410","10",5,217800,NA,NA,NA,NA,NA,NA,NA,"2153  170TH AVE  MAHNOMEN MN 565579356",64600,2015-07-30,2015,"1",NA,NA
"5","27087",NA,"08.019.0300","10",226.44,9863726,NA,NA,NA,NA,NA,NA,NA,"2562  260TH ST  WAUBUN MN 56589",295100,2017-06-09,2017,"1",NA,NA
"6","27087",NA,"11.030.0100","10",11.56,503554,NA,NA,NA,NA,NA,NA,NA,"1037  200TH ST  MAHNOMEN MN 565579579",1325000,2014-12-11,2014,"1",NA,NA
"7","27087",NA,"12.020.0500","10",70,3049200,NA,NA,NA,NA,NA,NA,NA,"3126  230TH AVE  WAUBUN MN 565899147",140000,2018-10-31,2018,"1",NA,NA
"8","27087",NA,"13.010.0110","10",2.75,119790,NA,NA,NA,NA,NA,NA,NA,"2310  135TH AVE  MAHNOMEN MN 565579588",180100,2016-08-25,2016,"1",NA,NA
"9","27087",NA,"13.013.0501","10",3.2,139392,NA,NA,NA,NA,NA,NA,NA,"2454  150TH AVE  MAHNOMEN MN 565579563",65000,2018-01-12,2018,"1",NA,NA
"10","27087",NA,"14.001.0300","10",211.19,9199436,NA,NA,NA,NA,NA,NA,NA,"1522  290TH ST  WAUBUN MN 565899189",350000,2015-12-30,2015,"1",NA,NA
"11","27087",NA,"15.001.0500","10",7.64,332798,NA,NA,NA,NA,NA,NA,NA,"2287  220TH AVE  MAHNOMEN MN 565579039",25000,2018-06-16,2018,"1",NA,NA
"12","27087",NA,"15.020.0101","10",13.58,591545,NA,NA,NA,NA,NA,NA,NA,"1783  250TH ST  MAHNOMEN MN 565579011",173000,2017-11-09,2017,"1",NA,NA
"13","27087",NA,"16.033.0320","10",NA,NA,NA,NA,NA,NA,NA,NA,NA,"27238  COUNTY ROAD 4   NAYTAHWAUSH MN 565669307",275000,2020-01-21,2020,"1",NA,NA
"14","27087",NA,"17.026.0100","10",0.52,22651,NA,NA,NA,NA,NA,NA,NA,"STATE HWY 59   BEJOU MN 56516",30100,2016-04-29,2016,"1",NA,NA
"15","27087",NA,"18.011.0130","10",1.59,69260,NA,NA,NA,NA,NA,NA,NA,"714 SE CASINO RD  MAHNOMEN MN 565575013",1e+05,2018-07-31,2018,"1",NA,NA
"16","27087",NA,"18.100.0395","10",NA,NA,NA,NA,NA,NA,NA,NA,NA,"109 N MAIN ST  MAHNOMEN MN 565574003",45000,2019-03-13,2019,"1",NA,NA
"17","27087",NA,"18.100.0610","10",NA,NA,NA,NA,NA,NA,NA,NA,NA,"116 NW 2ND ST  MAHNOMEN MN 56557",3500,2014-12-01,2014,"1",NA,NA
"18","27087",NA,"18.100.0620","10",NA,NA,NA,NA,NA,NA,NA,NA,NA,"214 W ADAMS AVE  MAHNOMEN MN 56557",35000,2018-02-23,2018,"1",NA,NA
"19","27087",NA,"18.100.0900","10",NA,NA,NA,NA,NA,NA,NA,NA,NA,"324 S MAIN ST  MAHNOMEN MN 565574733",40000,2014-10-22,2014,"1",NA,NA
"20","27087",NA,"18.100.1860","10",NA,NA,NA,NA,NA,NA,NA,NA,NA,"503 W ADAMS AVE  MAHNOMEN MN 565574114",94440,2015-07-08,2015,"1",NA,NA
"21","27087",NA,"18.100.1900","10",NA,NA,NA,NA,NA,NA,NA,NA,NA,"503 W MONROE AVE  MAHNOMEN MN 565574113",430100,2017-03-29,2017,"1",NA,NA
"22","27087",NA,"18.100.1920","10",NA,NA,NA,NA,NA,NA,NA,NA,NA,"509 W MONROE AVE  MAHNOMEN MN 56557",25000,2019-10-25,2019,"1",NA,NA
"23","27087",NA,"18.150.0090","10",NA,NA,NA,NA,NA,NA,NA,NA,NA,"718 S RAILWAY ST  MAHNOMEN MN 565574917",65600,2017-12-11,2017,"1",NA,NA
"24","27087",NA,"18.250.0530","10",NA,NA,NA,NA,NA,NA,NA,NA,NA,"605  1ST ST NW MAHNOMEN MN 565574313",21000,2016-03-25,2016,"1",NA,NA
"25","27087",NA,"18.450.0540","10",NA,NA,NA,NA,NA,NA,NA,NA,NA,"310 W GARFIELD AVE  MAHNOMEN MN 565574307",60100,2018-08-28,2018,"1",NA,NA
"26","27087",NA,"18.500.0100","10",NA,NA,NA,NA,NA,NA,NA,NA,NA,"HWY 59   MAHNOMEN MN 56557",15000,2019-07-19,2019,"1",NA,NA
"27","27087",NA,"19.024.0630","10",NA,NA,NA,NA,NA,NA,NA,NA,NA,"1626  MAIN ST  WAUBUN MN 565894103",14000,2018-04-11,2018,"1",NA,NA
"28","27087",NA,"19.025.0730","10",NA,NA,NA,NA,NA,NA,NA,NA,NA,"1418  PLEASANT AVE  WAUBUN MN 565894006",168000,2016-09-01,2016,"1",NA,NA
"29","27087",NA,"03.027.0401","10",4.99,217364,NA,NA,NA,NA,NA,NA,NA,"2074  190TH AVE  MAHNOMEN MN 565579112",114900,2017-12-01,2017,"1",NA,NA
"30","27087",NA,"03.032.0500","10",8.15,355014,NA,NA,NA,NA,NA,NA,NA,"2187  180TH AVE  MAHNOMEN MN 565579359",235000,2018-07-13,2018,"1",NA,NA
"31","27087",NA,"16.600.0020","10",NA,NA,NA,NA,NA,NA,NA,NA,NA,"27448  COUNTY ROAD 4   NAYTAHWAUSH MN 565669309",550000,2019-12-11,2019,"1",NA,NA
"32","27087",NA,"17.026.0120","10",0.52,22651,NA,NA,NA,NA,NA,NA,NA,"200  SCHOOL ST  BEJOU MN 56516",44000,2019-08-05,2019,"1",NA,NA
"33","27087",NA,"18.003.0200","10",NA,NA,NA,NA,NA,NA,NA,NA,NA,"201  5TH ST NW MAHNOMEN MN 565574133",85000,2017-10-05,2017,"1",NA,NA
"34","27087",NA,"18.100.0260","10",NA,NA,NA,NA,NA,NA,NA,NA,NA,"108 S MAIN ST  MAHNOMEN MN 56557",50100,2015-11-17,2015,"1",NA,NA
"35","27087",NA,"18.100.1490","10",NA,NA,NA,NA,NA,NA,NA,NA,NA,"115 E WASHINGTON AVE  MAHNOMEN MN 56557",10000,2014-11-14,2014,"1",NA,NA
"36","27087",NA,"18.100.1810","10",NA,NA,NA,NA,NA,NA,NA,NA,NA,"508 W BIRKETT AVE  MAHNOMEN MN 565574103",69500,2016-02-09,2016,"1",NA,NA
"37","27087",NA,"18.100.2120","10",NA,NA,NA,NA,NA,NA,NA,NA,NA,"201  2ND ST NW MAHNOMEN MN 565574339",44000,2016-05-13,2016,"1",NA,NA
"38","27087",NA,"18.110.0020","10",NA,NA,NA,NA,NA,NA,NA,NA,NA,"858 N MAIN ST  MAHNOMEN MN 565574333",20100,2015-01-20,2015,"1",NA,NA
"39","27087",NA,"18.150.0050","10",NA,NA,NA,NA,NA,NA,NA,NA,NA,"806 S MAIN ST  MAHNOMEN MN 565574906",22100,2015-12-09,2015,"1",NA,NA
"40","27087",NA,"18.150.0400","10",NA,NA,NA,NA,NA,NA,NA,NA,NA,"701 S RAILWAY ST  MAHNOMEN MN 565574918",75000,2017-03-31,2017,"1",NA,NA
"41","27087",NA,"18.150.0490","10",NA,NA,NA,NA,NA,NA,NA,NA,NA,"801 S MAIN ST  MAHNOMEN MN 565574907",72000,2017-07-14,2017,"1",NA,NA
"42","27087",NA,"18.150.0650","10",NA,NA,NA,NA,NA,NA,NA,NA,NA,"514  1ST ST SW MAHNOMEN MN 565574800",17000,2016-03-29,2016,"1",NA,NA
"43","27087",NA,"18.250.0465","10",NA,NA,NA,NA,NA,NA,NA,NA,NA,"MN",6000,2016-08-15,2016,"1",NA,NA
"44","27087",NA,"18.350.0140","10",NA,NA,NA,NA,NA,NA,NA,NA,NA,"815  5TH ST SW MAHNOMEN MN 565574808",47000,2014-11-12,2014,"1",NA,NA
"45","27087",NA,"18.450.0670","10",NA,NA,NA,NA,NA,NA,NA,NA,NA,"401  2ND ST NW MAHNOMEN MN 565574317",30386,2018-03-29,2018,"1",NA,NA
"46","27087",NA,"19.024.0640","10",NA,NA,NA,NA,NA,NA,NA,NA,NA,"1606  MAIN ST  WAUBUN MN 565894103",103000,2018-11-16,2018,"1",NA,NA
"47","27087",NA,"19.024.0660","10",NA,NA,NA,NA,NA,NA,NA,NA,NA,"1611  2ND ST  WAUBUN MN 565894139",18000,2015-08-20,2015,"1",NA,NA
"48","27087",NA,"19.100.0130","10",NA,NA,NA,NA,NA,NA,NA,NA,NA,"1101  PRAIRIE AVE  WAUBUN MN 565894043",69500,2016-10-18,2016,"1",NA,NA
"49","27087",NA,"19.100.0310","10",NA,NA,NA,NA,NA,NA,NA,NA,NA,"1303  3RD ST  WAUBUN MN 565894029",84000,2015-04-24,2015,"1",NA,NA
"50","27087",NA,"19.100.0400","10",NA,NA,NA,NA,NA,NA,NA,NA,NA,"1121  3RD ST  WAUBUN MN 565894025",73100,2018-03-09,2018,"1",NA,NA
"51","27087",NA,"19.400.0040","10",NA,NA,NA,NA,NA,NA,NA,NA,NA,"1521  3RD ST  WAUBUN MN 565894126",47600,2015-04-17,2015,"1",NA,NA
"52","27087",NA,"19.500.1170","10",NA,NA,NA,NA,NA,NA,NA,NA,NA,"819  PLEASANT AVE  WAUBUN MN 565894012",37600,2017-06-20,2017,"1",NA,NA
"53","27087",NA,"19.700.0150","10",NA,NA,NA,NA,NA,NA,NA,NA,NA,"1311  1ST AVE  WAUBUN MN 565894111",75000,2018-05-02,2018,"1",NA,NA
"54","27087",NA,"06.029.0101","10",9.39,409028,NA,NA,NA,NA,NA,NA,NA,"1465  240TH AVE  FOSSTON MN 565429663",25000,2016-05-24,2016,"1",NA,NA
"55","27087",NA,"07.002.0400","10",20.1,875556,NA,NA,NA,NA,NA,NA,NA,"1032  325TH AVE  LENGBY MN 566512028",50100,2016-07-27,2016,"1",NA,NA
"56","27087",NA,"07.006.0620","10",7,304920,NA,NA,NA,NA,NA,NA,NA,"2872  110TH ST  LENGBY MN 566512077",35100,2016-12-30,2016,"1",NA,NA
"57","27087",NA,"07.100.0370","10",NA,NA,NA,NA,NA,NA,NA,NA,NA,"13107  ISLAND LAKE RD E LENGBY MN 566512016",220000,2019-06-21,2019,"1",NA,NA
"58","27087",NA,"08.024.0210","10",3.54,154202,NA,NA,NA,NA,NA,NA,NA,"2526  BLISS RD  MAHNOMEN MN 565579100",250000,2017-05-19,2017,"1",NA,NA
"59","27087",NA,"10.700.0010","10",NA,NA,NA,NA,NA,NA,NA,NA,NA,"3361  SUNNYSIDE LN  WAUBUN MN 56589",425100,2016-09-15,2016,"1",NA,NA
"60","27087",NA,"11.031.0311","10",12,522720,NA,NA,NA,NA,NA,NA,NA,"1071  210TH ST  MAHNOMEN MN 565579581",3000,2019-05-26,2019,"1",NA,NA
"61","27087",NA,"11.035.0600","10",20,871200,NA,NA,NA,NA,NA,NA,NA,"1482  STATE HIGHWAY 200   MAHNOMEN MN 565579351",170100,2017-04-14,2017,"1",NA,NA
"62","27087",NA,"12.024.0110","10",40,1742400,NA,NA,NA,NA,NA,NA,NA,"3097  SNIDER LAKE RD  WAUBUN MN 565899011",191000,2016-07-22,2016,"1",NA,NA
"63","27087",NA,"12.025.0500","10",37.13,1617383,NA,NA,NA,NA,NA,NA,NA,"2767  STATE HIGHWAY 113   WAUBUN MN 565899019",39200,2016-04-20,2016,"1",NA,NA
"64","27087",NA,"13.002.1710","10",0.39,16988,NA,NA,NA,NA,NA,NA,NA,"1463  STATE HIGHWAY 200   MAHNOMEN MN 565579351",38000,2015-10-01,2015,"1",NA,NA
"65","27087",NA,"13.014.0101","10",1.82,79279,NA,NA,NA,NA,NA,NA,NA,"2454  150TH AVE  MAHNOMEN MN 565579563",65100,2018-01-12,2018,"1",NA,NA
"66","27087",NA,"13.017.0200","10",3,130680,NA,NA,NA,NA,NA,NA,NA,"1132  250TH ST  MAHNOMEN MN 565579534",74100,2017-03-06,2017,"1",NA,NA
"67","27087",NA,"13.300.0120","10",1.18,51401,NA,NA,NA,NA,NA,NA,NA,"2294  154TH AVE  MAHNOMEN MN 565579004",140100,2018-06-19,2018,"1",NA,NA
"68","27087",NA,"15.020.0102","10",3,130680,NA,NA,NA,NA,NA,NA,NA,"1703  250TH ST  MAHNOMEN MN 565579011",170100,2017-07-05,2017,"1",NA,NA
"69","27087",NA,"16.300.0010","10",NA,NA,NA,NA,NA,NA,NA,NA,NA,"37360  CO ROAD 4   NAYTAHWAUSH MN 56566",433100,2018-12-27,2018,"1",NA,NA
"70","27087",NA,"07.034.0100","10",5.5,239580,NA,NA,NA,NA,NA,NA,NA,"1558  LAMBERT RD  LENGBY MN 566512053",48000,2015-12-24,2015,"1",NA,NA
"71","27087",NA,"08.022.0520","10",6.75,294030,NA,NA,NA,NA,NA,NA,NA,"2549  250TH ST  MAHNOMEN MN 565579027",11000,2014-09-26,2014,"1",NA,NA
"72","27087",NA,"09.007.0101","10",4.46,194278,NA,NA,NA,NA,NA,NA,NA,"1621  290TH ST  WAUBUN MN 565899190",85000,2019-05-28,2019,"1",NA,NA
"73","27087",NA,"12.025.0200","10",19.8,862488,NA,NA,NA,NA,NA,NA,NA,"2722  STATE HIGHWAY 113   WAUBUN MN 565899019",125000,2015-06-24,2015,"1",NA,NA
"74","27087",NA,"12.026.1410","10",1.37,59677,NA,NA,NA,NA,NA,NA,NA,"2650  STATE HIGHWAY 113   WAUBUN MN 565899015",65006,2015-07-23,2015,"1",NA,NA
"75","27087",NA,"12.026.1700","10",9.5,413820,NA,NA,NA,NA,NA,NA,NA,"2648  330TH ST  WAUBUN MN 565899007",220000,2015-07-01,2015,"1",NA,NA
"76","27087",NA,"12.200.0210","10",NA,NA,NA,NA,NA,NA,NA,NA,NA,"2795  305TH ST  WAUBUN MN 565899012",112100,2015-09-30,2015,"1",NA,NA
"77","27087",NA,"13.012.0600","10",11.33,493535,NA,NA,NA,NA,NA,NA,NA,"1525  230TH ST  MAHNOMEN MN 565579003",72100,2018-02-07,2018,"1",NA,NA
"78","27087",NA,"16.033.0310","10",NA,NA,NA,NA,NA,NA,NA,NA,NA,"27238  COUNTY ROAD 4   NAYTAHWAUSH MN 565669307",275000,2020-01-21,2020,"1",NA,NA
"79","27087",NA,"18.100.0370","10",NA,NA,NA,NA,NA,NA,NA,NA,NA,"119 N MAIN ST  MAHNOMEN MN 565574003",70000,2015-07-17,2015,"1",NA,NA
"80","27087",NA,"18.100.0880","10",NA,NA,NA,NA,NA,NA,NA,NA,NA,"308 S MAIN ST  MAHNOMEN MN 565574710",5000,2017-06-16,2017,"1",NA,NA
"81","27087",NA,"18.100.0895","10",NA,NA,NA,NA,NA,NA,NA,NA,NA,"316 S MAIN ST  MAHNOMEN MN 565574710",22000,2016-10-14,2016,"1",NA,NA
"82","27087",NA,"18.100.1250","10",NA,NA,NA,NA,NA,NA,NA,NA,NA,"402 S MAIN ST  MAHNOMEN MN 565574712",21000,2017-04-26,2017,"1",NA,NA
"83","27087",NA,"18.100.1420","10",NA,NA,NA,NA,NA,NA,NA,NA,NA,"3150 N RAILWAY ST  MAHNOMEN MN 56557",12100,2014-12-31,2014,"1",NA,NA
"84","27087",NA,"18.100.1680","10",NA,NA,NA,NA,NA,NA,NA,NA,NA,"402 W WASHINGTON AVE  MAHNOMEN MN 565574122",10000,2015-11-27,2015,"1",NA,NA
"85","27087",NA,"18.100.2010","10",NA,NA,NA,NA,NA,NA,NA,NA,NA,"407 W MONROE AVE  MAHNOMEN MN 565574111",230000,2017-08-30,2017,"1",NA,NA
"86","27087",NA,"18.150.0140","10",NA,NA,NA,NA,NA,NA,NA,NA,NA,"624 S RAILWAY ST  MAHNOMEN MN 565574915",15084,2019-02-01,2019,"1",NA,NA
"87","27087",NA,"18.150.0181","10",NA,NA,NA,NA,NA,NA,NA,NA,NA,"524 S RAILWAY ST  MAHNOMEN MN 565574913",112500,2016-05-16,2016,"1",NA,NA
"88","27087",NA,"18.150.0290","10",NA,NA,NA,NA,NA,NA,NA,NA,NA,"502 SE MAIN ST  MAHNOMEN MN 56557",55100,2018-09-24,2018,"1",NA,NA
"89","27087",NA,"18.150.0300","10",NA,NA,NA,NA,NA,NA,NA,NA,NA,"122 E CAMPBELL AVE  MAHNOMEN MN 565574920",28000,2017-10-03,2017,"1",NA,NA
"90","27087",NA,"18.250.0400","10",NA,NA,NA,NA,NA,NA,NA,NA,NA,"601 N MAIN ST  MAHNOMEN MN 565574305",1e+05,2019-10-31,2019,"1",NA,NA
"91","27087",NA,"18.400.0080","10",NA,NA,NA,NA,NA,NA,NA,NA,NA,"810  6TH ST SW MAHNOMEN MN 565574815",48960,2016-02-12,2016,"1",NA,NA
"92","27087",NA,"18.450.0520","10",NA,NA,NA,NA,NA,NA,NA,NA,NA,"510  3RD ST NW MAHNOMEN MN 565574202",20000,2017-11-27,2017,"1",NA,NA
"93","27087",NA,"18.500.0030","10",NA,NA,NA,NA,NA,NA,NA,NA,NA,"205  4TH ST NE MAHNOMEN MN 565574606",19600,2015-06-22,2015,"1",NA,NA
"94","27087",NA,"19.024.0680","10",NA,NA,NA,NA,NA,NA,NA,NA,NA,"1606  MAIN ST  WAUBUN MN 565894103",103100,2018-11-16,2018,"1",NA,NA
"95","27087",NA,"19.024.0900","10",1.29,56192,NA,NA,NA,NA,NA,NA,NA,"809  PLEASANT AVE  WAUBUN MN 565894012",50000,2017-11-06,2017,"1",NA,NA
"96","27087",NA,"19.025.0720","10",NA,NA,NA,NA,NA,NA,NA,NA,NA,"1306  PLEASANT AVE  WAUBUN MN 565894002",68500,2019-04-12,2019,"1",NA,NA
"97","27087",NA,"19.100.0150","10",NA,NA,NA,NA,NA,NA,NA,NA,NA,"1222  MAIN ST  WAUBUN MN 565894034",30000,2018-12-12,2018,"1",NA,NA
"98","27087",NA,"19.100.0511","10",NA,NA,NA,NA,NA,NA,NA,NA,NA,"",10000,2016-04-26,2016,"1",NA,NA
"99","27087",NA,"19.500.1040","10",NA,NA,NA,NA,NA,NA,NA,NA,NA,"1421  1ST ST  WAUBUN MN 565894108",10000,2014-09-08,2014,"1",NA,NA
"100","27087",NA,"19.700.0130","10",NA,NA,NA,NA,NA,NA,NA,NA,NA,"1804  3RD ST  WAUBUN MN 565894131",51600,2017-08-21,2017,"1",NA,NA
"101","27087",NA,"01.017.0400","10",57.13,2488583,NA,NA,NA,NA,NA,NA,NA,"1865  240TH AVE  MAHNOMEN MN 56557",120000,2017-10-13,2017,"1",NA,NA
"102","27087",NA,"18.100.0980","10",NA,NA,NA,NA,NA,NA,NA,NA,NA,"302  1ST ST SW MAHNOMEN MN 565574716",15000,2019-06-21,2019,"1",NA,NA
"103","27087",NA,"18.100.1130","10",NA,NA,NA,NA,NA,NA,NA,NA,NA,"421 S MAIN ST  MAHNOMEN MN 565574713",60000,2017-09-01,2017,"1",NA,NA
"104","27087",NA,"18.100.1230","10",NA,NA,NA,NA,NA,NA,NA,NA,NA,"124 E MCKINLEY AVE  MAHNOMEN MN 565574740",85000,2018-07-06,2018,"1",NA,NA
"105","27087",NA,"18.100.1280","10",NA,NA,NA,NA,NA,NA,NA,NA,NA,"422 S MAIN ST  MAHNOMEN MN 565574712",33000,2017-03-29,2017,"1",NA,NA
"106","27087",NA,"18.100.1600","10",NA,NA,NA,NA,NA,NA,NA,NA,NA,"2150 N 2ND ST  MAHNOMEN MN 56557",42100,2015-05-29,2015,"1",NA,NA
"107","27087",NA,"18.100.1780","10",NA,NA,NA,NA,NA,NA,NA,NA,NA,"519 W WASHINGTON AVE  MAHNOMEN MN 565574125",1e+05,2020-01-23,2020,"1",NA,NA
"108","27087",NA,"18.100.1850","10",NA,NA,NA,NA,NA,NA,NA,NA,NA,"504 W ADAMS AVE  MAHNOMEN MN 565574107",135000,2017-12-15,2017,"1",NA,NA
"109","27087",NA,"18.150.0410","10",NA,NA,NA,NA,NA,NA,NA,NA,NA,"705 S RAILWAY ST  MAHNOMEN MN 565574918",43000,2019-05-02,2019,"1",NA,NA
"110","27087",NA,"18.250.0020","10",NA,NA,NA,NA,NA,NA,NA,NA,NA,"702 N MAIN ST  MAHNOMEN MN 565574306",40100,2017-12-22,2017,"1",NA,NA
"111","27087",NA,"18.250.0540","10",NA,NA,NA,NA,NA,NA,NA,NA,NA,"601  1ST ST NW MAHNOMEN MN 565574313",13500,2016-04-29,2016,"1",NA,NA
"112","27087",NA,"18.350.0010","10",NA,NA,NA,NA,NA,NA,NA,NA,NA,"505  5TH ST SW MAHNOMEN MN 565574805",74000,2014-12-11,2014,"1",NA,NA
"113","27087",NA,"18.400.0030","10",NA,NA,NA,NA,NA,NA,NA,NA,NA,"602  6TH ST SW MAHNOMEN MN 565574811",65000,2019-10-29,2019,"1",NA,NA
"114","27087",NA,"18.450.0530","10",NA,NA,NA,NA,NA,NA,NA,NA,NA,"321 W MINNESOTA AVE  MAHNOMEN MN 565574325",103000,2018-06-15,2018,"1",NA,NA
"115","27087",NA,"18.500.0130","10",NA,NA,NA,NA,NA,NA,NA,NA,NA,"119  4TH ST NE MAHNOMEN MN 565574604",35100,2016-04-01,2016,"1",NA,NA
"116","27087",NA,"19.025.0600","10",NA,NA,NA,NA,NA,NA,NA,NA,NA,"1406  PLEASANT AVE  WAUBUN MN 565894006",59000,2016-10-14,2016,"1",NA,NA
"117","27087",NA,"19.100.0120","10",NA,NA,NA,NA,NA,NA,NA,NA,NA,"1203  2ND ST  WAUBUN MN 565894022",37000,2015-09-16,2015,"1",NA,NA
"118","27087",NA,"19.400.0020","10",NA,NA,NA,NA,NA,NA,NA,NA,NA,"1512  3RD ST  WAUBUN MN 565894125",45000,2019-09-17,2019,"1",NA,NA
"119","27087",NA,"19.400.0030","10",NA,NA,NA,NA,NA,NA,NA,NA,NA,"1520  3RD ST  WAUBUN MN 565894125",30000,2018-07-23,2018,"1",NA,NA
"120","27087",NA,"19.700.0090","10",NA,NA,NA,NA,NA,NA,NA,NA,NA,"1219  2ND AVE  WAUBUN MN 565894116",40100,2018-11-30,2018,"1",NA,NA
"121","27087",NA,"06.004.0600","10",10,435600,NA,NA,NA,NA,NA,NA,NA,"2465  102ND ST  FOSSTON MN 565429687",130100,2017-06-12,2017,"1",NA,NA
"122","27087",NA,"06.008.0300","10",10.1,439956,NA,NA,NA,NA,NA,NA,NA,"2350  120TH ST  FOSSTON MN 565429601",165100,2017-08-22,2017,"1",NA,NA
"123","27087",NA,"06.035.0101","10",9.62,419047,NA,NA,NA,NA,NA,NA,NA,"2651  150TH ST  FOSSTON MN 565429671",8000,2015-10-30,2015,"1",NA,NA
"124","27087",NA,"07.100.0450","10",NA,NA,NA,NA,NA,NA,NA,NA,NA,"13074  ISLAND LAKE RD E LENGBY MN 566512011",110000,2019-11-01,2019,"1",NA,NA
"125","27087",NA,"07.600.0700","10",NA,NA,NA,NA,NA,NA,NA,NA,NA,"14267  ISLAND LAKE RD E LENGBY MN 566512041",265000,2019-05-15,2019,"1",NA,NA
"126","27087",NA,"13.003.1320","10",3.55,154638,NA,NA,NA,NA,NA,NA,NA,"1321  STATE HIGHWAY 200   MAHNOMEN MN 565579513",150000,2019-08-19,2019,"1",NA,NA
"127","27087",NA,"13.011.0230","10",0.34,14810,NA,NA,NA,NA,NA,NA,NA,"1477  230TH ST  MAHNOMEN MN 565579002",25000,2017-10-17,2017,"1",NA,NA
"128","27087",NA,"13.011.1300","10",0.84,36590,NA,NA,NA,NA,NA,NA,NA,"23463  140TH AVE  MAHNOMEN MN 565579568",35100,2015-06-02,2015,"1",NA,NA
"129","27087",NA,"13.011.2700","10",24.47,1065913,NA,NA,NA,NA,NA,NA,NA,"23703  140TH AVE  MAHNOMEN MN 56557",126700,2019-04-08,2019,"1",NA,NA
"130","27087",NA,"13.012.0520","10",1.03,44867,NA,NA,NA,NA,NA,NA,NA,"1503  235TH ST  MAHNOMEN MN 565579001",58000,2018-05-03,2018,"1",NA,NA
"131","27087",NA,"13.016.0230","10",4.5,196020,NA,NA,NA,NA,NA,NA,NA,"1252  240TH ST  MAHNOMEN MN 565579530",165000,2018-06-29,2018,"1",NA,NA
"132","27087",NA,"14.017.0610","10",5,217800,NA,NA,NA,NA,NA,NA,NA,"1102  310TH ST  WAUBUN MN 565899532",235100,2016-06-23,2016,"1",NA,NA
"133","27087",NA,"16.021.0500","10",0.85,37026,NA,NA,NA,NA,NA,NA,NA,"30166  260TH ST  NAYTAHWAUSH MN 565669300",40000,2015-01-16,2015,"1",NA,NA
"134","27087",NA,"16.100.0070","10",NA,NA,NA,NA,NA,NA,NA,NA,NA,"27292  COUNTY ROAD 4   NAYTAHWAUSH MN 565669307",202500,2015-09-02,2015,"1",NA,NA
"135","27087",NA,"03.033.0210","10",4.94,215186,NA,NA,NA,NA,NA,NA,NA,"2133  190TH AVE  MAHNOMEN MN 565579113",155000,2017-09-08,2017,"1",NA,NA
"136","27087",NA,"06.004.0320","10",5.51,240016,NA,NA,NA,NA,NA,NA,NA,"2465  102ND ST  FOSSTON MN 565429687",130000,2017-06-12,2017,"1",NA,NA
"137","27087",NA,"09.019.0440","10",2,87120,NA,NA,NA,NA,NA,NA,NA,"1636  STATE HIGHWAY 113   WAUBUN MN 565899101",98000,2019-05-10,2019,"1",NA,NA
"138","27087",NA,"11.023.0100","10",8.38,365033,NA,NA,NA,NA,NA,NA,NA,"1898  US HIGHWAY 59   MAHNOMEN MN 565579124",22000,2019-08-22,2019,"1",NA,NA
"139","27087",NA,"11.033.0400","10",16.67,726145,NA,NA,NA,NA,NA,NA,NA,"1260  STATE HIGHWAY 200   MAHNOMEN MN 565579518",136000,2017-05-19,2017,"1",NA,NA
"140","27087",NA,"13.002.0700","10",0.48,20909,NA,NA,NA,NA,NA,NA,NA,"2210  US HIGHWAY 59   MAHNOMEN MN 565579350",37000,2018-06-19,2018,"1",NA,NA
"141","27087",NA,"13.011.2701","10",5.43,236531,NA,NA,NA,NA,NA,NA,NA,"23857  140TH AVE  MAHNOMEN MN 565579589",205000,2014-12-15,2014,"1",NA,NA
"142","27087",NA,"13.023.0400","10",5,217800,NA,NA,NA,NA,NA,NA,NA,"2522  140TH AVE  MAHNOMEN MN 565579565",35000,2018-02-23,2018,"1",NA,NA
"143","27087",NA,"16.500.0030","10",NA,NA,NA,NA,NA,NA,NA,NA,NA,"27441  COUNTY ROAD 4   NAYTAHWAUSH MN 565669309",350000,2019-10-11,2019,"1",NA,NA
"144","27087",NA,"17.100.0390","10",NA,NA,NA,NA,NA,NA,NA,NA,NA,"",40000,2018-02-15,2018,"1",NA,NA
"145","27087",NA,"18.003.0300","10",0.69,30056,NA,NA,NA,NA,NA,NA,NA,"213  5TH ST NW MAHNOMEN MN 565574133",120500,2018-08-03,2018,"1",NA,NA
"146","27087",NA,"18.100.1430","10",NA,NA,NA,NA,NA,NA,NA,NA,NA,"",10100,2014-11-14,2014,"1",NA,NA
"147","27087",NA,"18.100.1800","10",NA,NA,NA,NA,NA,NA,NA,NA,NA,"318  5TH ST NW MAHNOMEN MN 565574135",70000,2014-12-15,2014,"1",NA,NA
"148","27087",NA,"18.100.1840","10",NA,NA,NA,NA,NA,NA,NA,NA,NA,"206  5TH ST NW MAHNOMEN MN 565574132",155000,2017-08-24,2017,"1",NA,NA
"149","27087",NA,"18.100.2020","10",NA,NA,NA,NA,NA,NA,NA,NA,NA,"403 W MONROE AVE  MAHNOMEN MN 56557",38000,2018-08-30,2018,"1",NA,NA
"150","27087",NA,"18.100.2220","10",NA,NA,NA,NA,NA,NA,NA,NA,NA,"416 W MONROE AVE  MAHNOMEN MN 565574110",70000,2015-09-25,2015,"1",NA,NA
"151","27087",NA,"18.150.0100","10",NA,NA,NA,NA,NA,NA,NA,NA,NA,"602 S RAILWAY ST  MAHNOMEN MN 565574915",33100,2015-04-13,2015,"1",NA,NA
"152","27087",NA,"18.200.0050","10",NA,NA,NA,NA,NA,NA,NA,NA,NA,"206  4TH ST NE MAHNOMEN MN 565574605",25000,2016-06-16,2016,"1",NA,NA
"153","27087",NA,"18.250.0600","10",NA,NA,NA,NA,NA,NA,NA,NA,NA,"423  1ST ST NW MAHNOMEN MN 565574309",49000,2019-08-16,2019,"1",NA,NA
"154","27087",NA,"18.450.0800","10",NA,NA,NA,NA,NA,NA,NA,NA,NA,"616  2ND ST NW MAHNOMEN MN 565574320",7100,2015-11-05,2015,"1",NA,NA
"155","27087",NA,"19.100.0530","10",NA,NA,NA,NA,NA,NA,NA,NA,NA,"1117  MAIN ST  WAUBUN MN 565894045",15100,2016-01-26,2016,"1",NA,NA
"156","27087",NA,"19.400.0080","10",NA,NA,NA,NA,NA,NA,NA,NA,NA,"1520  2ND ST  WAUBUN MN 565894137",79500,2015-09-04,2015,"1",NA,NA
"157","27087",NA,"16.001.1900","10",NA,NA,NA,NA,NA,NA,NA,NA,NA,"33851  ROY LAKE LOOP  MAHNOMEN MN 56557",89900,2016-05-20,2016,"1",NA,NA
"158","27087",NA,"16.200.0025","10",NA,NA,NA,NA,NA,NA,NA,NA,NA,"2974 N TWIN RD  NAYTAHWAUSH MN 565669308",191000,2019-08-07,2019,"1",NA,NA
"159","27087",NA,"18.100.0090","10",NA,NA,NA,NA,NA,NA,NA,NA,NA,"123 E ADAMS AVE  MAHNOMEN MN 56557",15100,2018-12-14,2018,"1",NA,NA
"160","27087",NA,"18.100.0990","10",NA,NA,NA,NA,NA,NA,NA,NA,NA,"1232  210TH ST  MAHNOMEN MN 565579573",15000,2019-06-21,2019,"1",NA,NA
"161","27087",NA,"18.100.1180","10",NA,NA,NA,NA,NA,NA,NA,NA,NA,"406  1ST ST SW MAHNOMEN MN 565574718",35000,2015-08-27,2015,"1",NA,NA
"162","27087",NA,"18.100.1530","10",NA,NA,NA,NA,NA,NA,NA,NA,NA,"301  1ST ST NW MAHNOMEN MN 565574336",92000,2018-09-10,2018,"1",NA,NA
"163","27087",NA,"18.100.1690","10",NA,NA,NA,NA,NA,NA,NA,NA,NA,"407 W WASHINGTON AVE  MAHNOMEN MN 565574123",91650,2017-10-30,2017,"1",NA,NA
"164","27087",NA,"18.100.2080","10",NA,NA,NA,NA,NA,NA,NA,NA,NA,"309 W MONROE AVE  MAHNOMEN MN 56557",35100,2017-02-15,2017,"1",NA,NA
"165","27087",NA,"18.150.0070","10",NA,NA,NA,NA,NA,NA,NA,NA,NA,"702 S RAILWAY ST  MAHNOMEN MN 565574917",40100,2018-12-21,2018,"1",NA,NA
"166","27087",NA,"18.150.0260","10",NA,NA,NA,NA,NA,NA,NA,NA,NA,"520 S MAIN ST  MAHNOMEN MN 565574900",29000,2017-10-10,2017,"1",NA,NA
"167","27087",NA,"18.250.0080","10",NA,NA,NA,NA,NA,NA,NA,NA,NA,"610 N MAIN ST  MAHNOMEN MN 565574304",76500,2017-02-03,2017,"1",NA,NA
"168","27087",NA,"18.250.0420","10",NA,NA,NA,NA,NA,NA,NA,NA,NA,"610  1ST ST NW MAHNOMEN MN 565574312",30000,2020-01-30,2020,"1",NA,NA
"169","27087",NA,"18.250.0500","10",NA,NA,NA,NA,NA,NA,NA,NA,NA,"205 W GRANT AVE  MAHNOMEN MN 56557",112100,2015-11-16,2015,"1",NA,NA
"170","27087",NA,"18.450.0059","10",NA,NA,NA,NA,NA,NA,NA,NA,NA,"610  5TH ST NW MAHNOMEN MN 565574220",25000,2018-05-15,2018,"1",NA,NA
"171","27087",NA,"18.450.0100","10",NA,NA,NA,NA,NA,NA,NA,NA,NA,"520 W GARFIELD AVE  MAHNOMEN MN 565574229",78000,2016-08-29,2016,"1",NA,NA
"172","27087",NA,"18.450.0110","10",NA,NA,NA,NA,NA,NA,NA,NA,NA,"520 W GARFIELD AVE  MAHNOMEN MN 565574229",78000,2016-08-29,2016,"1",NA,NA
"173","27087",NA,"18.450.0270","10",NA,NA,NA,NA,NA,NA,NA,NA,NA,"409  3RD ST NW MAHNOMEN MN 565574201",28000,2017-05-19,2017,"1",NA,NA
"174","27087",NA,"18.450.0680","10",NA,NA,NA,NA,NA,NA,NA,NA,NA,"424  2ND ST NW MAHNOMEN MN 565574316",40000,2015-10-01,2015,"1",NA,NA
"175","27087",NA,"18.500.0060","10",NA,NA,NA,NA,NA,NA,NA,NA,NA,"215  4TH ST NE MAHNOMEN MN 565574606",2800,2014-10-28,2014,"1",NA,NA
"176","27087",NA,"19.100.0290","10",NA,NA,NA,NA,NA,NA,NA,NA,NA,"1319  3RD ST  WAUBUN MN 565894029",38100,2015-06-16,2015,"1",NA,NA
"177","27087",NA,"19.700.0050","10",NA,NA,NA,NA,NA,NA,NA,NA,NA,"1715  2ND ST  WAUBUN MN 565894120",35000,2019-05-10,2019,"1",NA,NA
"178","27087",NA,"19.700.0080","10",NA,NA,NA,NA,NA,NA,NA,NA,NA,"1205  1ST AVE  WAUBUN MN 565894143",17000,2015-05-27,2015,"1",NA,NA
"179","27087",NA,"01.030.0310","10",11.23,489179,NA,NA,NA,NA,NA,NA,NA,"2250  210TH ST  MAHNOMEN MN 565579041",5100,2018-10-04,2018,"1",NA,NA
"180","27087",NA,"02.002.0310","10",9.93,432551,NA,NA,NA,NA,NA,NA,NA,"MN",24000,2019-11-19,2019,"1",NA,NA
"181","27087",NA,"02.009.0100","10",5.03,219107,NA,NA,NA,NA,NA,NA,NA,"1291  110TH ST  WINGER MN 565929607",147000,2019-02-28,2019,"1",NA,NA
"182","27087",NA,"02.013.0210","10",3.98,173369,NA,NA,NA,NA,NA,NA,NA,"1512  130TH ST  BEJOU MN 565169731",35100,2016-06-16,2016,"1",NA,NA
"183","27087",NA,"08.008.0501","10",3,130680,NA,NA,NA,NA,NA,NA,NA,"2308  240TH ST  MAHNOMEN MN 565579030",57100,2017-10-02,2017,"1",NA,NA
"184","27087",NA,"10.033.0200","10",5.37,233917,NA,NA,NA,NA,NA,NA,NA,"3056  STATE HIGHWAY 113   WAUBUN MN 565899022",5320,2015-10-29,2015,"1",NA,NA
"185","27087",NA,"11.036.0410","10",10.08,439085,NA,NA,NA,NA,NA,NA,NA,"1534  STATE HIGHWAY 200   MAHNOMEN MN 565579352",106100,2018-06-22,2018,"1",NA,NA
"186","27087",NA,"12.026.1440","10",4.05,176418,NA,NA,NA,NA,NA,NA,NA,"2643  320TH ST  WAUBUN MN 565899009",62600,2014-10-20,2014,"1",NA,NA
"187","27087",NA,"12.100.0165","10",0.7,30492,NA,NA,NA,NA,NA,NA,NA,"2396  WHITE EARTH RD  WAUBUN MN 565899061",120100,2015-12-16,2015,"1",NA,NA
"188","27087",NA,"13.011.1900","10",0.76,33106,NA,NA,NA,NA,NA,NA,NA,"23336  140TH AVE  MAHNOMEN MN 565579568",77000,2018-03-22,2018,"1",NA,NA
"189","27087",NA,"13.022.0200","10",7.62,331927,NA,NA,NA,NA,NA,NA,NA,"2505  140TH AVE  MAHNOMEN MN 565579565",155000,2015-09-25,2015,"1",NA,NA
"190","27087",NA,"14.017.0700","10",11.3,492228,NA,NA,NA,NA,NA,NA,NA,"1177  300TH ST  WAUBUN MN 565899530",180000,2015-07-27,2015,"1",NA,NA
"191","27087",NA,"14.019.0410","10",4.7,204732,NA,NA,NA,NA,NA,NA,NA,"1049  310TH ST  WAUBUN MN 565899533",105100,2018-07-09,2018,"1",NA,NA
"192","27087",NA,"04.008.0200","10",32,1393920,NA,NA,NA,NA,NA,NA,NA,"1755  300TH AVE  LENGBY MN 566512030",85100,2018-04-03,2018,"1",NA,NA
"193","27087",NA,"04.008.0500","10",80,3484800,NA,NA,NA,NA,NA,NA,NA,"MN",80000,2016-03-31,2016,"1",NA,NA
"194","27087",NA,"07.007.0310","10",1.29,56192,NA,NA,NA,NA,NA,NA,NA,"2853  110TH ST  LENGBY MN 566512077",83000,2017-05-12,2017,"1",NA,NA
"195","27087",NA,"07.010.0225","10",4.13,179903,NA,NA,NA,NA,NA,NA,NA,"3111  110TH ST  LENGBY MN 566512003",80100,2015-10-23,2015,"1",NA,NA
"196","27087",NA,"07.100.0350","10",NA,NA,NA,NA,NA,NA,NA,NA,NA,"13119  ISLAND LAKE RD E LENGBY MN 566512016",79900,2015-05-29,2015,"1",NA,NA
"197","27087",NA,"07.725.0300","10",1.06,46174,NA,NA,NA,NA,NA,NA,NA,"13862  VALHALLA DR  LENGBY MN 566512039",335000,2017-12-20,2017,"1",NA,NA
"198","27087",NA,"10.750.0200","10",32.6,1420056,NA,NA,NA,NA,NA,NA,NA,"MN",120000,2017-05-11,2017,"1",NA,NA
"199","27087",NA,"13.011.0800","10",0.53,23087,NA,NA,NA,NA,NA,NA,NA,"2316  US HIGHWAY 59   MAHNOMEN MN 565579000",26600,2017-08-03,2017,"1",NA,NA
"200","27087",NA,"16.028.0500","10",1,43560,NA,NA,NA,NA,NA,NA,NA,"101  COUNTY ROAD 4   NAYTAHWAUSH MN 565666607",30000,2016-04-29,2016,"1",NA,NA
"201","27087",NA,"17.100.0395","10",NA,NA,NA,NA,NA,NA,NA,NA,NA,"",40000,2018-02-15,2018,"1",NA,NA
"202","27087",NA,"18.100.0080","10",NA,NA,NA,NA,NA,NA,NA,NA,NA,"119 E ADAMS AVE  MAHNOMEN MN 56557",15000,2018-12-19,2018,"1",NA,NA
"203","27087",NA,"18.100.0490","10",NA,NA,NA,NA,NA,NA,NA,NA,NA,"212  1ST ST NW MAHNOMEN MN 565574314",38500,2018-06-29,2018,"1",NA,NA
"204","27087",NA,"18.100.0630","10",NA,NA,NA,NA,NA,NA,NA,NA,NA,"115  1ST ST SW MAHNOMEN MN 565574722",102000,2018-05-15,2018,"1",NA,NA
"205","27087",NA,"18.100.1300","10",NA,NA,NA,NA,NA,NA,NA,NA,NA,"123 E JEFFERSON AVE  MAHNOMEN MN 565574910",125000,2017-09-13,2017,"1",NA,NA
"206","27087",NA,"18.100.1510","10",NA,NA,NA,NA,NA,NA,NA,NA,NA,"323  1ST ST NW MAHNOMEN MN 565574336",95500,2015-06-26,2015,"1",NA,NA
"207","27087",NA,"18.100.1580","10",NA,NA,NA,NA,NA,NA,NA,NA,NA,"301 N 2ND ST  MAHNOMEN MN 56557",13500,2019-07-25,2019,"1",NA,NA
"208","27087",NA,"18.100.1880","10",NA,NA,NA,NA,NA,NA,NA,NA,NA,"519 W MONROE AVE  MAHNOMEN MN 565574113",75000,2016-09-01,2016,"1",NA,NA
"209","27087",NA,"18.100.2200","10",NA,NA,NA,NA,NA,NA,NA,NA,NA,"412 W MONROE AVE  MAHNOMEN MN 565574110",10000,2016-11-18,2016,"1",NA,NA
"210","27087",NA,"18.150.0030","10",NA,NA,NA,NA,NA,NA,NA,NA,NA,"",65500,2017-12-11,2017,"1",NA,NA
"211","27087",NA,"18.250.0620","10",NA,NA,NA,NA,NA,NA,NA,NA,NA,"409  1ST ST NW MAHNOMEN MN 565574309",28000,2017-05-19,2017,"1",NA,NA
"212","27087",NA,"18.450.0060","10",NA,NA,NA,NA,NA,NA,NA,NA,NA,"519 W GARFIELD AVE  MAHNOMEN MN 565574230",20000,2017-05-17,2017,"1",NA,NA
"213","27087",NA,"18.450.0310","10",NA,NA,NA,NA,NA,NA,NA,NA,NA,"415 W MINNESOTA AVE  MAHNOMEN MN 565574225",8000,2019-02-06,2019,"1",NA,NA
"214","27087",NA,"18.450.0390","10",NA,NA,NA,NA,NA,NA,NA,NA,NA,"609  3RD ST NW MAHNOMEN MN 565574205",105100,2018-08-03,2018,"1",NA,NA
"215","27087",NA,"18.450.0550","10",NA,NA,NA,NA,NA,NA,NA,NA,NA,"515  2ND ST NW MAHNOMEN MN 565574319",65800,2016-01-27,2016,"1",NA,NA
"216","27087",NA,"18.500.0040","10",NA,NA,NA,NA,NA,NA,NA,NA,NA,"205  4TH ST NE MAHNOMEN MN 565574606",19500,2015-06-22,2015,"1",NA,NA
"217","27087",NA,"19.024.0670","10",NA,NA,NA,NA,NA,NA,NA,NA,NA,"1613  3RD ST  WAUBUN MN 565894128",75000,2019-08-30,2019,"1",NA,NA
"218","27087",NA,"19.100.0250","10",NA,NA,NA,NA,NA,NA,NA,NA,NA,"1421  3RD ST  WAUBUN MN 565894124",3500,2015-10-19,2015,"1",NA,NA
"219","27087",NA,"19.100.0275","10",NA,NA,NA,NA,NA,NA,NA,NA,NA,"1403  3RD ST  WAUBUN MN 565894124",12000,2017-07-25,2017,"1",NA,NA
"220","27087",NA,"19.100.0520","10",NA,NA,NA,NA,NA,NA,NA,NA,NA,"1113  MAIN ST  WAUBUN MN 565894045",19500,2017-09-11,2017,"1",NA,NA
"221","27087",NA,"07.010.0400","10",70,3049200,NA,NA,NA,NA,NA,NA,NA,"1175  315TH AVE  LENGBY MN 566512013",160000,2015-07-02,2015,"1",NA,NA
"222","27087",NA,"08.035.0140","10",19,827640,NA,NA,NA,NA,NA,NA,NA,"2688  270TH ST  WAUBUN MN 56589",50000,2017-11-01,2017,"1",NA,NA
"223","27087",NA,"09.013.0220","10",2.86,124582,NA,NA,NA,NA,NA,NA,NA,"3000  215TH AVE  WAUBUN MN 565899138",20000,2019-03-21,2019,"1",NA,NA
"224","27087",NA,"10.033.0300","10",39.5,1720620,NA,NA,NA,NA,NA,NA,NA,"3335  306TH AVE  WAUBUN MN 565899027",59000,2018-11-15,2018,"1",NA,NA
"225","27087",NA,"10.033.1200","10",NA,NA,NA,NA,NA,NA,NA,NA,NA,"3366  306TH AVE  WAUBUN MN 56589",293050,2018-06-15,2018,"1",NA,NA
"226","27087",NA,"11.033.0300","10",2,87120,NA,NA,NA,NA,NA,NA,NA,"1220  STATE HIGHWAY 200   MAHNOMEN MN 565579518",58100,2015-08-07,2015,"1",NA,NA
"227","27087",NA,"12.013.0610","10",3.2,139392,NA,NA,NA,NA,NA,NA,NA,"2751  305TH ST  WAUBUN MN 565899012",280000,2019-10-04,2019,"1",NA,NA
"228","27087",NA,"13.003.1210","10",1,43560,NA,NA,NA,NA,NA,NA,NA,"119  5TH ST NW MAHNOMEN MN 565574101",115100,2016-04-18,2016,"1",NA,NA
"229","27087",NA,"13.007.0200","10",4.53,197327,NA,NA,NA,NA,NA,NA,NA,"1029  230TH ST  MAHNOMEN MN 565579584",105000,2019-07-16,2019,"1",NA,NA
"230","27087",NA,"13.012.0800","10",0.68,29621,NA,NA,NA,NA,NA,NA,NA,"2343  US HIGHWAY 59   MAHNOMEN MN 565579000",63100,2016-12-05,2016,"1",NA,NA
"231","27087",NA,"14.003.0410","10",13.79,600692,NA,NA,NA,NA,NA,NA,NA,"1362  290TH ST  WAUBUN MN 565899186",92500,2016-06-06,2016,"1",NA,NA
"232","27087",NA,"14.008.0300","10",15,653400,NA,NA,NA,NA,NA,NA,NA,"2967  120TH AVE  WAUBUN MN 565899199",85000,2019-08-20,2019,"1",NA,NA
"233","27087",NA,"16.028.2710","10",0.24,10454,NA,NA,NA,NA,NA,NA,NA,"27577  COUNTY ROAD 4   NAYTAHWAUSH MN 565669309",5000,2017-06-05,2017,"1",NA,NA
"234","27087",NA,"16.500.0080","10",NA,NA,NA,NA,NA,NA,NA,NA,NA,"27479  COUNTY ROAD 4   NAYTAHWAUSH MN 565669309",215000,2017-07-17,2017,"1",NA,NA
"235","27087",NA,"18.011.0100","10",1.35,58806,NA,NA,NA,NA,NA,NA,NA,"715 SE CASINO RD  MAHNOMEN MN 565575014",37000,2015-07-07,2015,"1",NA,NA
"236","27087",NA,"18.100.0850","10",NA,NA,NA,NA,NA,NA,NA,NA,NA,"120 E LINCOLN AVE  MAHNOMEN MN 565574736",13000,2015-01-20,2015,"1",NA,NA
"237","27087",NA,"18.100.1290","10",NA,NA,NA,NA,NA,NA,NA,NA,NA,"115 E JEFFERSON AVE  MAHNOMEN MN 565574910",58000,2015-09-29,2015,"1",NA,NA
"238","27087",NA,"18.100.1610","10",NA,NA,NA,NA,NA,NA,NA,NA,NA,"315 W WASHINGTON AVE  MAHNOMEN MN 565574121",44000,2017-06-30,2017,"1",NA,NA
"239","27087",NA,"18.100.1630","10",NA,NA,NA,NA,NA,NA,NA,NA,NA,"316 W BIRKETT AVE  MAHNOMEN MN 565574126",48270,2018-02-16,2018,"1",NA,NA
"240","27087",NA,"18.100.1660","10",NA,NA,NA,NA,NA,NA,NA,NA,NA,"404 W BIRKETT AVE  MAHNOMEN MN 565574128",39500,2019-08-05,2019,"1",NA,NA
"241","27087",NA,"18.100.1760","10",NA,NA,NA,NA,NA,NA,NA,NA,NA,"420 W WASHINGTON AVE  MAHNOMEN MN 565574122",7000,2019-11-26,2019,"1",NA,NA
"242","27087",NA,"18.100.2150","10",NA,NA,NA,NA,NA,NA,NA,NA,NA,"101  2ND ST SW MAHNOMEN MN 56557",18730,2017-03-23,2017,"1",NA,NA
"243","27087",NA,"18.150.0040","10",NA,NA,NA,NA,NA,NA,NA,NA,NA,"802 S MAIN ST  MAHNOMEN MN 565574906",40000,2015-11-05,2015,"1",NA,NA
"244","27087",NA,"18.150.0230","10",NA,NA,NA,NA,NA,NA,NA,NA,NA,"517 S RAILWAY ST  MAHNOMEN MN 565574914",50000,2015-01-21,2015,"1",NA,NA
"245","27087",NA,"18.200.0130","10",NA,NA,NA,NA,NA,NA,NA,NA,NA,"314  4TH ST NE MAHNOMEN MN 565574607",3000,2018-11-16,2018,"1",NA,NA
"246","27087",NA,"18.350.0030","10",NA,NA,NA,NA,NA,NA,NA,NA,NA,"515  5TH ST SW MAHNOMEN MN 565574805",55100,2016-06-15,2016,"1",NA,NA
"247","27087",NA,"18.450.0710","10",NA,NA,NA,NA,NA,NA,NA,NA,NA,"524  2ND ST NW MAHNOMEN MN 565574318",5000,2015-08-06,2015,"1",NA,NA
"248","27087",NA,"18.450.0770","10",NA,NA,NA,NA,NA,NA,NA,NA,NA,"624  2ND ST NW MAHNOMEN MN 565574320",28000,2017-05-19,2017,"1",NA,NA
"249","27087",NA,"18.500.0020","10",NA,NA,NA,NA,NA,NA,NA,NA,NA,"202  3RD ST NE MAHNOMEN MN 565574601",30000,2017-06-14,2017,"1",NA,NA
"250","27087",NA,"19.025.0500","10",3.72,162043,NA,NA,NA,NA,NA,NA,NA,"1501  PLEASANT AVE  WAUBUN MN 565894001",87100,2015-10-15,2015,"1",NA,NA
"251","27087",NA,"19.100.0230","10",NA,NA,NA,NA,NA,NA,NA,NA,NA,"1404  MAIN ST  WAUBUN MN 565894138",45000,2015-08-20,2015,"1",NA,NA
"252","27087",NA,"19.100.0270","10",NA,NA,NA,NA,NA,NA,NA,NA,NA,"1403  3RD ST  WAUBUN MN 565894124",60000,2015-09-01,2015,"1",NA,NA
"253","27087",NA,"19.100.0420","10",NA,NA,NA,NA,NA,NA,NA,NA,NA,"1104  2ND ST  WAUBUN MN 565894019",80000,2019-06-28,2019,"1",NA,NA
