"","geoid_cnty","geoid_blk","p_id_iris_frmtd","property_indicator","acres","land_square_footage","bldg_code","building_square_feet","living_square_feet","year_built","effective_year_built","bedrooms","baths_appraised","property_address","sale_price","sale_date","sale_year","transaction_type","property_centroid_latitude","property_centroid_longitude"
"1","38087",NA,"37-10713000","10",NA,NA,NA,NA,NA,NA,NA,NA,NA,"112  2ND AVE NW MARMARTH ND 58647",35000,2016-09-16,2016,"1",NA,NA
"2","38087",NA,"37-11407912","10",NA,NA,NA,NA,NA,NA,NA,NA,NA,"ND",12700,2019-08-20,2019,"1",NA,NA
"3","38087",NA,"37-1170100","10",NA,NA,NA,NA,NA,NA,NA,NA,NA,"ND",64000,2010-06-15,2010,"6",NA,NA
"4","38087",NA,"37-13107908","10",NA,NA,NA,NA,NA,NA,NA,NA,NA,"9204  161ST AVE SW RHAME ND 58651",NA,2015-09-10,2015,"1",NA,NA
"5","38087",NA,"37-24804906","10",NA,NA,NA,NA,NA,NA,NA,NA,NA,"6602  169TH AVE SW MARMARTH ND 58643",25000,2018-05-23,2018,"1",NA,NA
"6","38087",NA,"37-25005906","10",NA,NA,NA,NA,NA,NA,NA,NA,NA,"ND",NA,2014-05-15,2014,"1",NA,NA
"7","38087",NA,"37-24802000","10",NA,NA,NA,NA,NA,NA,NA,NA,NA,"ND",12600,2014-07-11,2014,"1",NA,NA
"8","38087",NA,"37-24901000","10",NA,NA,NA,NA,NA,NA,NA,NA,NA,"102  1ST AVE SW MARMARTH ND 58643",NA,2015-11-28,2015,"1",NA,NA
"9","38087",NA,"37-11010911","10",NA,NA,NA,NA,NA,NA,NA,NA,NA,"ND",9000,2019-08-13,2019,"1",NA,NA
"10","38087",NA,"37-11607908","10",NA,NA,NA,NA,NA,NA,NA,NA,NA,"211  1ST AVE SE MARMARTH ND 58643",68075,2013-10-09,2013,"1",NA,NA
"11","38087",NA,"37-12305000","10",NA,NA,NA,NA,NA,NA,NA,NA,NA,"ND",NA,2016-08-04,2016,"1",NA,NA
"12","38087",NA,"37-35202000","10",NA,NA,NA,NA,NA,NA,NA,NA,NA,"ND",NA,2015-06-18,2015,"1",NA,NA
"13","38087",NA,"37-12907908","10",NA,NA,NA,NA,NA,NA,NA,NA,NA,"23  5TH ST  MARMARTH ND 58643",12000,2018-09-25,2018,"1",NA,NA
"14","38087",NA,"16-11301902","10",NA,NA,NA,NA,NA,NA,NA,NA,NA,"202  W AVE  AMIDON ND 58620",NA,2012-10-25,2012,"1",NA,NA
"15","38087",NA,"37-10401903","10",NA,NA,NA,NA,NA,NA,NA,NA,NA,"16806  HWY 12  E MARMARTH ND 58643",NA,2014-05-07,2014,"1",NA,NA
"16","38087",NA,"37-11815916","10",NA,NA,NA,NA,NA,NA,NA,NA,NA,"ND",NA,2016-05-24,2016,"1",NA,NA
