"","geoid_cnty","geoid_blk","p_id_iris_frmtd","property_indicator","acres","land_square_footage","bldg_code","building_square_feet","living_square_feet","year_built","effective_year_built","bedrooms","baths_appraised","property_address","sale_price","sale_date","sale_year","transaction_type","property_centroid_latitude","property_centroid_longitude"
"1","38001",NA,"05165000","10",11,479160,NA,NA,NA,NA,NA,NA,NA,"HETTINGER ND 58639",NA,2018-05-25,2018,"1",NA,NA
"2","38001",NA,"05405000","10",1.75,76230,NA,NA,NA,NA,NA,NA,NA,"214  LAKEVIEW DR  HETTINGER ND 586399500",243000,2012-05-12,2012,"1",NA,NA
"3","38001",NA,"13356001","10",0.34,14810,NA,NA,NA,NA,NA,NA,NA,"204  HIGHWAY 12  E HETTINGER ND 586399687",NA,2015-12-30,2015,"1",NA,NA
"4","38001",NA,"21575000","10",NA,NA,NA,NA,NA,NA,NA,NA,NA,"110  2ND ST N HETTINGER ND 586397001",22600,2018-09-05,2018,"1",NA,NA
"5","38001",NA,"21695000","10",NA,NA,NA,NA,NA,NA,NA,NA,NA,"107  4TH ST S HETTINGER ND 586397007",NA,2012-12-21,2012,"1",NA,NA
"6","38001",NA,"22005000","10",NA,NA,NA,NA,NA,NA,NA,NA,NA,"208 S MAIN ST  HETTINGER ND 586397033",NA,2015-09-23,2015,"1",NA,NA
"7","38001",NA,"22020000","10",NA,NA,NA,NA,NA,NA,NA,NA,NA,"216 S MAIN ST  HETTINGER ND 58639",35000,2016-02-17,2016,"1",NA,NA
"8","38001",NA,"22110000","10",NA,NA,NA,NA,NA,NA,NA,NA,NA,"506  2ND AVE S HETTINGER ND 586397027",NA,2019-03-19,2019,"1",NA,NA
"9","38001",NA,"22370000","10",NA,NA,NA,NA,NA,NA,NA,NA,NA,"308  7TH ST S HETTINGER ND 586397413",54000,2013-12-23,2013,"1",NA,NA
"10","38001",NA,"22465000","10",NA,NA,NA,NA,NA,NA,NA,NA,NA,"110  7TH ST N HETTINGER ND 586397447",93850,2012-07-31,2012,"6",NA,NA
"11","38001",NA,"22555000","10",NA,NA,NA,NA,NA,NA,NA,NA,NA,"100  8TH ST S HETTINGER ND 586397415",NA,2017-10-30,2017,"1",NA,NA
"12","38001",NA,"22610000","10",NA,NA,NA,NA,NA,NA,NA,NA,NA,"204  8TH ST S HETTINGER ND 586397422",NA,2018-11-04,2018,"1",NA,NA
"13","38001",NA,"22855000","10",NA,NA,NA,NA,NA,NA,NA,NA,NA,"909  3RD AVE S HETTINGER ND 586397504",95000,2019-03-27,2019,"1",NA,NA
"14","38001",NA,"23045000","10",NA,NA,NA,NA,NA,NA,NA,NA,NA,"206  10TH ST S HETTINGER ND 586397434",12000,2019-05-31,2019,"1",NA,NA
"15","38001",NA,"23230000","10",NA,NA,NA,NA,NA,NA,NA,NA,NA,"503  3RD AVE N HETTINGER ND 58639",148755.83,2016-01-12,2016,"1",NA,NA
"16","38001",NA,"23320000","10",NA,NA,NA,NA,NA,NA,NA,NA,NA,"205  4TH ST N HETTINGER ND 58639",NA,2013-08-27,2013,"1",NA,NA
"17","38001",NA,"23675000","10",NA,NA,NA,NA,NA,NA,NA,NA,NA,"107  13TH ST N HETTINGER ND 586397532",115530,2017-01-31,2017,"1",NA,NA
"18","38001",NA,"24300000","10",NA,NA,NA,NA,NA,NA,NA,NA,NA,"406  4TH ST N HETTINGER ND 586397152",184973.75,2017-04-24,2017,"1",NA,NA
"19","38001",NA,"24395000","10",NA,NA,NA,NA,NA,NA,NA,NA,NA,"409  4TH ST N HETTINGER ND 586397109",NA,2019-05-28,2019,"1",NA,NA
"20","38001",NA,"24500000","10",NA,NA,NA,NA,NA,NA,NA,NA,NA,"510  3RD AVE N HETTINGER ND 58639",NA,2012-12-11,2012,"1",NA,NA
"21","38001",NA,"24895000","10",NA,NA,NA,NA,NA,NA,NA,NA,NA,"502  6TH AVE N HETTINGER ND 586397185",184062.5,2013-08-12,2013,"1",NA,NA
"22","38001",NA,"25195000","10",NA,NA,NA,NA,NA,NA,NA,NA,NA,"905  2ND ST N HETTINGER ND 58639",140000,2013-05-15,2013,"1",NA,NA
"23","38001",NA,"25645000","10",NA,NA,NA,NA,NA,NA,NA,NA,NA,"404  12TH AVE N HETTINGER ND 586397316",13900,2014-08-03,2014,"1",NA,NA
"24","38001",NA,"25685000","10",NA,NA,NA,NA,NA,NA,NA,NA,NA,"510  12TH AVE N HETTINGER ND 58639",25000,2013-06-04,2013,"1",NA,NA
"25","38001",NA,"25720000","10",NA,NA,NA,NA,NA,NA,NA,NA,NA,"1008  6TH ST N HETTINGER ND 586397319",326562.5,2017-08-28,2017,"1",NA,NA
"26","38001",NA,"25745000","10",NA,NA,NA,NA,NA,NA,NA,NA,NA,"511  10TH AVE N HETTINGER ND 586397312",NA,2018-05-17,2018,"1",NA,NA
"27","38001",NA,"26065000","10",NA,NA,NA,NA,NA,NA,NA,NA,NA,"404  11TH AVE N HETTINGER ND 586397307",171565,2013-10-21,2013,"1",NA,NA
"28","38001",NA,"26685000","10",NA,NA,NA,NA,NA,NA,NA,NA,NA,"ND",76750,2019-01-04,2019,"1",NA,NA
"29","38001",NA,"26940000","10",NA,NA,NA,NA,NA,NA,NA,NA,NA,"305  1ST AVE E REEDER ND 586494958",NA,2019-01-04,2019,"1",NA,NA
"30","38001",NA,"27045000","10",NA,NA,NA,NA,NA,NA,NA,NA,NA,"302  2ND AVE E REEDER ND 586494974",NA,2013-04-29,2013,"1",NA,NA
"31","38001",NA,"27050000","10",NA,NA,NA,NA,NA,NA,NA,NA,NA,"601  3RD ST  REEDER ND 586494955",77000,2012-05-04,2012,"1",NA,NA
"32","38001",NA,"27265000","10",NA,NA,NA,NA,NA,NA,NA,NA,NA,"201  MAIN ST  REEDER ND 586494967",NA,2012-12-03,2012,"1",NA,NA
"33","38001",NA,"27885000","10",NA,NA,NA,NA,NA,NA,NA,NA,NA,"603  1ST AVE W REEDER ND 586494925",12500,2018-07-10,2018,"1",NA,NA
"34","38001",NA,"27985000","10",NA,NA,NA,NA,NA,NA,NA,NA,NA,"501  1ST AVE E REEDER ND 586494915",10000,2015-09-23,2015,"1",NA,NA
"35","38001",NA,"22485000","10",NA,NA,NA,NA,NA,NA,NA,NA,NA,"105  8TH ST N HETTINGER ND 586397453",NA,2015-03-18,2015,"1",NA,NA
"36","38001",NA,"22490000","10",NA,NA,NA,NA,NA,NA,NA,NA,NA,"107  8TH ST S HETTINGER ND 586397416",112119.84,2014-02-28,2014,"1",NA,NA
"37","38001",NA,"22537000","10",NA,NA,NA,NA,NA,NA,NA,NA,NA,"808  ADAMS AVE  HETTINGER ND 586397467",NA,2003-09-27,2003,"1",NA,NA
"38","38001",NA,"22690000","10",NA,NA,NA,NA,NA,NA,NA,NA,NA,"400  8TH ST S HETTINGER ND 586397421",32000,2015-09-10,2015,"1",NA,NA
"39","38001",NA,"23085000","10",NA,NA,NA,NA,NA,NA,NA,NA,NA,"304  10TH ST S HETTINGER ND 58639",72373.57,2015-06-22,2015,"1",NA,NA
"40","38001",NA,"23135000","10",NA,NA,NA,NA,NA,NA,NA,NA,NA,"411  11TH ST S HETTINGER ND 586397514",103000,2020-01-16,2020,"1",NA,NA
"41","38001",NA,"23180000","10",NA,NA,NA,NA,NA,NA,NA,NA,NA,"603  3RD AVE N HETTINGER ND 58639",232322.5,2017-10-27,2017,"1",NA,NA
"42","38001",NA,"23255000","10",NA,NA,NA,NA,NA,NA,NA,NA,NA,"209 N MAIN ST  HETTINGER ND 58639",NA,2014-07-23,2014,"1",NA,NA
"43","38001",NA,"23355000","10",NA,NA,NA,NA,NA,NA,NA,NA,NA,"302  2ND AVE N HETTINGER ND 586397000",65000,2018-09-10,2018,"1",NA,NA
"44","38001",NA,"23410000","10",NA,NA,NA,NA,NA,NA,NA,NA,NA,"206  2ND ST N HETTINGER ND 586397170",82000,2019-06-19,2019,"1",NA,NA
"45","38001",NA,"23745000","10",NA,NA,NA,NA,NA,NA,NA,NA,NA,"108  11TH ST S HETTINGER ND 586397508",5000,2013-10-23,2013,"1",NA,NA
"46","38001",NA,"24045000","10",NA,NA,NA,NA,NA,NA,NA,NA,NA,"ND",287500,2019-02-22,2019,"1",NA,NA
"47","38001",NA,"24155000","10",NA,NA,NA,NA,NA,NA,NA,NA,NA,"504  4TH ST N HETTINGER ND 586397102",197703.75,2013-01-31,2013,"1",NA,NA
"48","38001",NA,"24160000","10",NA,NA,NA,NA,NA,NA,NA,NA,NA,"404  5TH AVE N HETTINGER ND 586397181",33000,2019-08-15,2019,"1",NA,NA
"49","38001",NA,"24325000","10",NA,NA,NA,NA,NA,NA,NA,NA,NA,"403 N MAIN ST  HETTINGER ND 586397178",77781,2017-10-04,2017,"1",NA,NA
"50","38001",NA,"24375000","10",NA,NA,NA,NA,NA,NA,NA,NA,NA,"300  4TH AVE N HETTINGER ND 586397159",NA,2019-12-20,2019,"1",NA,NA
"51","38001",NA,"24410000","10",NA,NA,NA,NA,NA,NA,NA,NA,NA,"309 N MAIN ST  HETTINGER ND 586397176",120100,2018-06-15,2018,"1",NA,NA
"52","38001",NA,"24585000","10",NA,NA,NA,NA,NA,NA,NA,NA,NA,"504  2ND ST N HETTINGER ND 586397100",NA,2015-07-24,2015,"1",NA,NA
"53","38001",NA,"24675000","10",NA,NA,NA,NA,NA,NA,NA,NA,NA,"403  2ND ST N HETTINGER ND 586397126",NA,2014-10-02,2014,"1",NA,NA
"54","38001",NA,"25050000","10",NA,NA,NA,NA,NA,NA,NA,NA,NA,"110  6TH AVE N HETTINGER ND 586397119",195000,2019-03-29,2019,"1",NA,NA
"55","38001",NA,"25955000","10",NA,NA,NA,NA,NA,NA,NA,NA,NA,"ND",15045,2012-03-01,2012,"1",NA,NA
"56","38001",NA,"26050000","10",NA,NA,NA,NA,NA,NA,NA,NA,NA,"306  11TH AVE N HETTINGER ND 586397306",108901.25,2019-12-16,2019,"1",NA,NA
"57","38001",NA,"26075000","10",NA,NA,NA,NA,NA,NA,NA,NA,NA,"408  11TH AVE N HETTINGER ND 586397307",73478.51,2014-07-17,2014,"1",NA,NA
"58","38001",NA,"26815000","10",NA,NA,NA,NA,NA,NA,NA,NA,NA,"304  3RD ST  REEDER ND 586494949",NA,2012-07-16,2012,"1",NA,NA
"59","38001",NA,"27095000","10",NA,NA,NA,NA,NA,NA,NA,NA,NA,"206  2ND AVE E REEDER ND 586494930",NA,2017-11-29,2017,"1",NA,NA
"60","38001",NA,"28020000","10",NA,NA,NA,NA,NA,NA,NA,NA,NA,"502  1ST AVE E REEDER ND 586494915",NA,2012-02-23,2012,"1",NA,NA
"61","38001",NA,"01755000","10",NA,NA,NA,NA,NA,NA,NA,NA,NA,"19592  US HIGHWAY 12   LEMMON ND",110000,2018-02-16,2018,"1",NA,NA
"62","38001",NA,"05500000","10",NA,NA,NA,NA,NA,NA,NA,NA,NA,"ND",13500,2018-07-19,2018,"1",NA,NA
"63","38001",NA,"21580000","10",NA,NA,NA,NA,NA,NA,NA,NA,NA,"108  2ND ST N HETTINGER ND 58639",32100,2015-11-13,2015,"1",NA,NA
"64","38001",NA,"22325000","10",NA,NA,NA,NA,NA,NA,NA,NA,NA,"400  7TH ST S HETTINGER ND 586397414",NA,2020-01-02,2020,"1",NA,NA
"65","38001",NA,"21640000","10",NA,NA,NA,NA,NA,NA,NA,NA,NA,"200  2ND AVE S HETTINGER ND 586397014",30000,2014-01-06,2014,"1",NA,NA
"66","38001",NA,"21645000","10",NA,NA,NA,NA,NA,NA,NA,NA,NA,"109  3RD ST S HETTINGER ND 586397029",NA,2014-05-23,2014,"1",NA,NA
"67","38001",NA,"21690000","10",NA,NA,NA,NA,NA,NA,NA,NA,NA,"107  4TH ST S HETTINGER ND 586397007",NA,2012-12-21,2012,"1",NA,NA
"68","38001",NA,"21820000","10",NA,NA,NA,NA,NA,NA,NA,NA,NA,"123 S MAIN ST  HETTINGER ND 586397032",148908.75,2012-10-29,2012,"1",NA,NA
"69","38001",NA,"22065000","10",NA,NA,NA,NA,NA,NA,NA,NA,NA,"104 S MAIN ST  HETTINGER ND 586397031",16800,2020-01-06,2020,"1",NA,NA
"70","38001",NA,"22230000","10",NA,NA,NA,NA,NA,NA,NA,NA,NA,"111  7TH ST S HETTINGER ND 58639",75000,2013-12-20,2013,"1",NA,NA
"71","38001",NA,"22440000","10",NA,NA,NA,NA,NA,NA,NA,NA,NA,"109  8TH ST S HETTINGER ND 586397416",NA,2017-02-16,2017,"1",NA,NA
"72","38001",NA,"22500000","10",NA,NA,NA,NA,NA,NA,NA,NA,NA,"801  2ND AVE N HETTINGER ND 586397451",NA,2012-03-12,2012,"1",NA,NA
"73","38001",NA,"22685000","10",NA,NA,NA,NA,NA,NA,NA,NA,NA,"301  9TH ST S HETTINGER ND 586397424",NA,2012-06-18,2012,"1",NA,NA
"74","38001",NA,"22715000","10",NA,NA,NA,NA,NA,NA,NA,NA,NA,"410  8TH ST S HETTINGER ND 586397421",59900,2018-04-02,2018,"1",NA,NA
"75","38001",NA,"22755000","10",NA,NA,NA,NA,NA,NA,NA,NA,NA,"400  9TH ST S HETTINGER ND 586397428",NA,2012-11-13,2012,"1",NA,NA
"76","38001",NA,"22775000","10",NA,NA,NA,NA,NA,NA,NA,NA,NA,"410  9TH ST S HETTINGER ND 586397428",47500,2012-11-13,2012,"1",NA,NA
"77","38001",NA,"23515000","10",2.2,95832,NA,NA,NA,NA,NA,NA,NA,"ND",NA,2014-04-24,2014,"1",NA,NA
"78","38001",NA,"23731000","10",NA,NA,NA,NA,NA,NA,NA,NA,NA,"ND",13500,2015-03-12,2015,"1",NA,NA
"79","38001",NA,"23805000","10",NA,NA,NA,NA,NA,NA,NA,NA,NA,"201  13TH ST S HETTINGER ND 58639",55000,2015-04-13,2015,"1",NA,NA
"80","38001",NA,"23835000","10",NA,NA,NA,NA,NA,NA,NA,NA,NA,"204  12TH ST SE HETTINGER ND 58639",NA,2014-11-26,2014,"1",NA,NA
"81","38001",NA,"24345000","10",NA,NA,NA,NA,NA,NA,NA,NA,NA,"411 N MAIN ST  HETTINGER ND 586397178",82000,2019-11-20,2019,"1",NA,NA
"82","38001",NA,"24535000","10",0.23,10150,NA,NA,NA,NA,NA,NA,NA,"305  7TH ST N HETTINGER ND 586397146",101123,2012-10-15,2012,"1",NA,NA
"83","38001",NA,"24660000","10",NA,NA,NA,NA,NA,NA,NA,NA,NA,"107  5TH AVE N HETTINGER ND 586397158",NA,2014-08-04,2014,"1",NA,NA
"84","38001",NA,"26025000","10",NA,NA,NA,NA,NA,NA,NA,NA,NA,"206  11TH AVE N HETTINGER ND 586397304",205000,2018-11-17,2018,"1",NA,NA
"85","38001",NA,"26045000","10",NA,NA,NA,NA,NA,NA,NA,NA,NA,"304  11TH AVE N HETTINGER ND 586397306",138987.52,2012-11-13,2012,"1",NA,NA
"86","38001",NA,"26100000","10",NA,NA,NA,NA,NA,NA,NA,NA,NA,"403  11TH AVE N HETTINGER ND 586397308",288000,2018-10-10,2018,"1",NA,NA
"87","38001",NA,"26280000","10",NA,NA,NA,NA,NA,NA,NA,NA,NA,"ND",NA,2017-02-20,2017,"1",NA,NA
"88","38001",NA,"26730000","10",NA,NA,NA,NA,NA,NA,NA,NA,NA,"401  2ND AVE E REEDER ND 586494932",NA,2019-02-20,2019,"1",NA,NA
"89","38001",NA,"26990000","10",NA,NA,NA,NA,NA,NA,NA,NA,NA,"303  2ND AVE E REEDER ND 586494976",22600,2016-04-12,2016,"1",NA,NA
"90","38001",NA,"27955000","10",NA,NA,NA,NA,NA,NA,NA,NA,NA,"503  WESTERN AVE  REEDER ND 586494934",57500,2018-08-16,2018,"1",NA,NA
"91","38001",NA,"28040000","10",NA,NA,NA,NA,NA,NA,NA,NA,NA,"501  5TH ST  REEDER ND 586494942",NA,2011-12-23,2011,"1",NA,NA
"92","38001",NA,"01725000","10",NA,NA,NA,NA,NA,NA,NA,NA,NA,"ND",NA,2014-01-24,2014,"1",NA,NA
"93","38001",NA,"04355000","10",4.33,188615,NA,NA,NA,NA,NA,NA,NA,"HETTINGER ND 58639",NA,2011-05-24,2011,"1",NA,NA
"94","38001",NA,"04365000","10",6.14,267458,NA,NA,NA,NA,NA,NA,NA,"213  HIGHWAY 12  E HETTINGER ND 586398801",NA,2013-11-21,2013,"1",NA,NA
"95","38001",NA,"21840000","10",NA,NA,NA,NA,NA,NA,NA,NA,NA,"115 S MAIN ST  HETTINGER ND 586397032",NA,2015-04-24,2015,"1",NA,NA
"96","38001",NA,"21920000","10",NA,NA,NA,NA,NA,NA,NA,NA,NA,"213 S MAIN ST  HETTINGER ND 586397034",NA,2017-10-18,2017,"1",NA,NA
"97","38001",NA,"22195000","10",NA,NA,NA,NA,NA,NA,NA,NA,NA,"111  6TH ST N HETTINGER ND 586397015",NA,2008-03-31,2008,"1",NA,NA
"98","38001",NA,"22495000","10",NA,NA,NA,NA,NA,NA,NA,NA,NA,"111  8TH ST N HETTINGER ND 586397453",90000,2019-03-26,2019,"1",NA,NA
"99","38001",NA,"22525000","10",NA,NA,NA,NA,NA,NA,NA,NA,NA,"104  8TH ST N HETTINGER ND 586397441",NA,2012-02-07,2012,"1",NA,NA
"100","38001",NA,"22770000","10",NA,NA,NA,NA,NA,NA,NA,NA,NA,"408  9TH ST S HETTINGER ND 586397428",50000,2016-01-15,2016,"1",NA,NA
"101","38001",NA,"23340000","10",NA,NA,NA,NA,NA,NA,NA,NA,NA,"305  3RD AVE N HETTINGER ND 586397135",72000,2015-09-11,2015,"7",NA,NA
"102","38001",NA,"23365000","10",NA,NA,NA,NA,NA,NA,NA,NA,NA,"300  2ND AVE N HETTINGER ND 586397000",86500,2019-05-15,2019,"1",NA,NA
"103","38001",NA,"23970000","10",NA,NA,NA,NA,NA,NA,NA,NA,NA,"ND",287500,2019-02-22,2019,"1",NA,NA
"104","38001",NA,"24105000","10",NA,NA,NA,NA,NA,NA,NA,NA,NA,"504  3RD ST N HETTINGER ND 586397163",130000,2019-06-05,2019,"1",NA,NA
"105","38001",NA,"24820000","10",NA,NA,NA,NA,NA,NA,NA,NA,NA,"311  4TH ST N HETTINGER ND 586397140",76500,2013-07-03,2013,"1",NA,NA
"106","38001",NA,"25160000","10",NA,NA,NA,NA,NA,NA,NA,NA,NA,"306  3RD AVE N HETTINGER ND 586397136",NA,2014-06-24,2014,"1",NA,NA
"107","38001",NA,"25360000","10",NA,NA,NA,NA,NA,NA,NA,NA,NA,"802  4TH ST N HETTINGER ND 586397204",NA,2017-11-08,2017,"1",NA,NA
"108","38001",NA,"25435000","10",NA,NA,NA,NA,NA,NA,NA,NA,NA,"408  6TH ST N HETTINGER ND 586397116",114898.75,2017-12-08,2017,"1",NA,NA
"109","38001",NA,"25512000","10",NA,NA,NA,NA,NA,NA,NA,NA,NA,"17795  103RD ST  HETTINGER ND 586398625",NA,2015-05-21,2015,"1",NA,NA
"110","38001",NA,"25560000","10",NA,NA,NA,NA,NA,NA,NA,NA,NA,"409  8TH ST N HETTINGER ND 586397149",98750,2017-10-31,2017,"1",NA,NA
"111","38001",NA,"25770000","10",NA,NA,NA,NA,NA,NA,NA,NA,NA,"501  10TH AVE N HETTINGER ND 586397312",260000,2019-07-31,2019,"1",NA,NA
"112","38001",NA,"26795000","10",NA,NA,NA,NA,NA,NA,NA,NA,NA,"407  MAIN ST  REEDER ND 586494941",20000,2016-01-19,2016,"1",NA,NA
"113","38001",NA,"26870000","10",NA,NA,NA,NA,NA,NA,NA,NA,NA,"202  2ND ST  REEDER ND 586494910",68844,2008-08-15,2008,"1",NA,NA
"114","38001",NA,"27440000","10",NA,NA,NA,NA,NA,NA,NA,NA,NA,"104  2ND AVE E REEDER ND 586494912",NA,2017-09-08,2017,"1",NA,NA
"115","38001",NA,"28000000","10",NA,NA,NA,NA,NA,NA,NA,NA,NA,"505  2ND AVE E REEDER ND 586494913",16600,2015-12-08,2015,"7",NA,NA
"116","38001",NA,"28005000","10",NA,NA,NA,NA,NA,NA,NA,NA,NA,"503  2ND AVE E REEDER ND 586494913",40940,2015-09-30,2015,"1",NA,NA
"117","38001",NA,"13540000","10",137.71,5998648,NA,NA,NA,NA,NA,NA,NA,"302  2ND AVE S HETTINGER ND 586397025",52500,2016-07-26,2016,"1",NA,NA
"118","38001",NA,"21805000","10",NA,NA,NA,NA,NA,NA,NA,NA,NA,"104  4TH ST S HETTINGER ND 58639",NA,2014-06-30,2014,"1",NA,NA
"119","38001",NA,"22225000","10",NA,NA,NA,NA,NA,NA,NA,NA,NA,"600  2ND AVE S HETTINGER ND 586397408",NA,2015-11-10,2015,"1",NA,NA
"120","38001",NA,"22290000","10",NA,NA,NA,NA,NA,NA,NA,NA,NA,"311  7TH ST S HETTINGER ND 58639",NA,2014-10-02,2014,"1",NA,NA
"121","38001",NA,"22650000","10",NA,NA,NA,NA,NA,NA,NA,NA,NA,"300  8TH ST S HETTINGER ND 586397419",132575,2018-01-12,2018,"1",NA,NA
"122","38001",NA,"22680000","10",NA,NA,NA,NA,NA,NA,NA,NA,NA,"305  9TH ST S HETTINGER ND 586397424",NA,2012-08-02,2012,"1",NA,NA
"123","38001",NA,"22730000","10",NA,NA,NA,NA,NA,NA,NA,NA,NA,"407  9TH ST S HETTINGER ND 586397429",75000,2016-01-25,2016,"1",NA,NA
"124","38001",NA,"23030000","10",NA,NA,NA,NA,NA,NA,NA,NA,NA,"103  11TH ST S HETTINGER ND 58639",NA,2014-10-08,2014,"1",NA,NA
"125","38001",NA,"23305000","10",NA,NA,NA,NA,NA,NA,NA,NA,NA,"208  4TH ST N HETTINGER ND 586397121",115000,2014-10-10,2014,"1",NA,NA
"126","38001",NA,"23895000","10",NA,NA,NA,NA,NA,NA,NA,NA,NA,"HETTINGER ND 58639",15000,2012-09-11,2012,"1",NA,NA
"127","38001",NA,"23945000","10",NA,NA,NA,NA,NA,NA,NA,NA,NA,"306  12TH ST S HETTINGER ND 58639",130000,2018-07-06,2018,"1",NA,NA
"128","38001",NA,"24061000","10",0.63,27443,NA,NA,NA,NA,NA,NA,NA,"305  14TH ST S HETTINGER ND 586397528",113975,2018-06-01,2018,"1",NA,NA
"129","38001",NA,"24090000","10",NA,NA,NA,NA,NA,NA,NA,NA,NA,"510  3RD ST N HETTINGER ND 586397163",75000,2018-12-20,2018,"1",NA,NA
"130","38001",NA,"24285000","10",NA,NA,NA,NA,NA,NA,NA,NA,NA,"411  6TH ST N HETTINGER ND 586397117",20000,2013-01-24,2013,"1",NA,NA
"131","38001",NA,"24350000","10",NA,NA,NA,NA,NA,NA,NA,NA,NA,"303  5TH AVE N HETTINGER ND 586397150",30000,2014-09-03,2014,"1",NA,NA
"132","38001",NA,"24745000","10",NA,NA,NA,NA,NA,NA,NA,NA,NA,"303  3RD ST N HETTINGER ND 58639",NA,2013-05-03,2013,"1",NA,NA
"133","38001",NA,"24945000","10",NA,NA,NA,NA,NA,NA,NA,NA,NA,"611  4TH ST N HETTINGER ND 586397203",95000,2018-04-12,2018,"1",NA,NA
"134","38001",NA,"24980000","10",NA,NA,NA,NA,NA,NA,NA,NA,NA,"608  3RD ST N HETTINGER ND 586397212",142409,2014-05-16,2014,"1",NA,NA
"135","38001",NA,"25370000","10",NA,NA,NA,NA,NA,NA,NA,NA,NA,"608  6TH AVE N HETTINGER ND 58639",125000,2018-05-29,2018,"1",NA,NA
"136","38001",NA,"25380000","10",NA,NA,NA,NA,NA,NA,NA,NA,NA,"600  6TH AVE N HETTINGER ND 586397144",135000,2016-07-05,2016,"1",NA,NA
"137","38001",NA,"25425000","10",NA,NA,NA,NA,NA,NA,NA,NA,NA,"402  6TH ST N HETTINGER ND 586397116",NA,2017-11-16,2017,"1",NA,NA
"138","38001",NA,"25620000","10",NA,NA,NA,NA,NA,NA,NA,NA,NA,"ND",NA,2017-01-11,2017,"7",NA,NA
"139","38001",NA,"26585000","10",NA,NA,NA,NA,NA,NA,NA,NA,NA,"ND",NA,2012-11-20,2012,"1",NA,NA
"140","38001",NA,"26745000","10",NA,NA,NA,NA,NA,NA,NA,NA,NA,"406  1ST AVE E REEDER ND 586494959",NA,2019-02-20,2019,"1",NA,NA
"141","38001",NA,"26790000","10",NA,NA,NA,NA,NA,NA,NA,NA,NA,"406  MAIN ST  REEDER ND 586494940",40000,2018-07-16,2018,"1",NA,NA
"142","38001",NA,"26880000","10",NA,NA,NA,NA,NA,NA,NA,NA,NA,"303  3RD ST  REEDER ND 586494950",22000,2014-03-25,2014,"1",NA,NA
"143","38001",NA,"26886000","10",NA,NA,NA,NA,NA,NA,NA,NA,NA,"307  MAIN ST  REEDER ND 586494938",NA,2017-10-05,2017,"1",NA,NA
"144","38001",NA,"27575000","10",0.32,13939,NA,NA,NA,NA,NA,NA,NA,"HETTINGER ND 58639",NA,2012-10-09,2012,"1",NA,NA
"145","38001",NA,"27755000","10",NA,NA,NA,NA,NA,NA,NA,NA,NA,"602  3RD AVE E REEDER ND 586494922",NA,2018-07-26,2018,"1",NA,NA
"146","38001",NA,"27800000","10",NA,NA,NA,NA,NA,NA,NA,NA,NA,"601  6TH ST  REEDER ND 586494911",17800,2019-10-23,2019,"1",NA,NA
"147","38001",NA,"27970000","10",NA,NA,NA,NA,NA,NA,NA,NA,NA,"505  1ST AVE E REEDER ND 586494915",24000,2014-11-17,2014,"1",NA,NA
"148","38001",NA,"28253000","10",NA,NA,NA,NA,NA,NA,NA,NA,NA,"508  8TH ST NW BUCYRUS ND 586398599",NA,2017-08-10,2017,"1",NA,NA
"149","38001",NA,"01730000","10",NA,NA,NA,NA,NA,NA,NA,NA,NA,"ND",NA,2014-01-24,2014,"1",NA,NA
"150","38001",NA,"21875000","10",NA,NA,NA,NA,NA,NA,NA,NA,NA,"HETTINGER ND 58639",NA,2015-11-12,2015,"1",NA,NA
"151","38001",NA,"21945000","10",NA,NA,NA,NA,NA,NA,NA,NA,NA,"201 S MAIN ST  HETTINGER ND 58639",NA,2017-09-05,2017,"1",NA,NA
"152","38001",NA,"22150000","10",NA,NA,NA,NA,NA,NA,NA,NA,NA,"101  6TH ST S HETTINGER ND 586397072",287500,2019-02-22,2019,"1",NA,NA
"153","38001",NA,"22360000","10",NA,NA,NA,NA,NA,NA,NA,NA,NA,"304  7TH ST S HETTINGER ND 586397413",75100,2014-03-11,2014,"1",NA,NA
"154","38001",NA,"22840000","10",NA,NA,NA,NA,NA,NA,NA,NA,NA,"309  10TH ST S HETTINGER ND 586397437",NA,2013-07-18,2013,"1",NA,NA
"155","38001",NA,"22945000","10",NA,NA,NA,NA,NA,NA,NA,NA,NA,"105  10TH ST S HETTINGER ND 586397433",NA,2015-01-15,2015,"1",NA,NA
"156","38001",NA,"22965000","10",NA,NA,NA,NA,NA,NA,NA,NA,NA,"904  ADAMS AVE  HETTINGER ND 586397440",87600,2016-07-14,2016,"7",NA,NA
"157","38001",NA,"23075000","10",NA,NA,NA,NA,NA,NA,NA,NA,NA,"1009  2ND AVE S HETTINGER ND 586397550",NA,2015-06-30,2015,"1",NA,NA
"158","38001",NA,"23125000","10",NA,NA,NA,NA,NA,NA,NA,NA,NA,"HETTINGER ND 58639",NA,2018-08-06,2018,"1",NA,NA
"159","38001",NA,"23140000","10",NA,NA,NA,NA,NA,NA,NA,NA,NA,"409  11TH ST S HETTINGER ND 586397514",6000,2019-05-17,2019,"1",NA,NA
"160","38001",NA,"23185000","10",NA,NA,NA,NA,NA,NA,NA,NA,NA,"604  2ND AVE N HETTINGER ND 586397448",190000,2019-04-16,2019,"1",NA,NA
"161","38001",NA,"23200000","10",NA,NA,NA,NA,NA,NA,NA,NA,NA,"209  6TH ST N HETTINGER ND 586397168",120000,2018-06-29,2018,"1",NA,NA
"162","38001",NA,"23285000","10",NA,NA,NA,NA,NA,NA,NA,NA,NA,"405  3RD AVE N HETTINGER ND 586397186",75000,2014-06-13,2014,"1",NA,NA
"163","38001",NA,"23375000","10",NA,NA,NA,NA,NA,NA,NA,NA,NA,"209  3RD AVE N HETTINGER ND 58639",NA,2014-07-29,2014,"1",NA,NA
"164","38001",NA,"23815000","10",NA,NA,NA,NA,NA,NA,NA,NA,NA,"205  13TH ST S HETTINGER ND 586397526",65000,2016-03-16,2016,"1",NA,NA
"165","38001",NA,"24210000","10",NA,NA,NA,NA,NA,NA,NA,NA,NA,"502 N MAIN ST  HETTINGER ND 586397179",103000,2013-08-26,2013,"1",NA,NA
"166","38001",NA,"24305000","10",NA,NA,NA,NA,NA,NA,NA,NA,NA,"404  4TH ST N HETTINGER ND 586397108",55000,2018-03-15,2018,"1",NA,NA
"167","38001",NA,"24885000","10",NA,NA,NA,NA,NA,NA,NA,NA,NA,"609  6TH ST N HETTINGER ND 586397211",165625,2014-04-11,2014,"1",NA,NA
"168","38001",NA,"25240000","10",NA,NA,NA,NA,NA,NA,NA,NA,NA,"901  2ND ST N HETTINGER ND 586397202",165000,2019-09-10,2019,"6",NA,NA
"169","38001",NA,"25795000","10",NA,NA,NA,NA,NA,NA,NA,NA,NA,"405  10TH AVE N HETTINGER ND 586397310",225750,2020-01-07,2020,"1",NA,NA
"170","38001",NA,"26130000","10",NA,NA,NA,NA,NA,NA,NA,NA,NA,"415  11TH AVE N HETTINGER ND 586397308",14000,2014-06-03,2014,"1",NA,NA
"171","38001",NA,"27090000","10",NA,NA,NA,NA,NA,NA,NA,NA,NA,"204  2ND AVE E REEDER ND 586494930",130000,2018-07-06,2018,"1",NA,NA
"172","38001",NA,"27320000","10",NA,NA,NA,NA,NA,NA,NA,NA,NA,"103  MAIN ST  REEDER ND 58649",NA,2018-07-05,2018,"1",NA,NA
"173","38001",NA,"27425000","10",NA,NA,NA,NA,NA,NA,NA,NA,NA,"602  RAILWAY ST  REEDER ND 586494960",NA,2012-07-12,2012,"1",NA,NA
"174","38001",NA,"21785000","10",NA,NA,NA,NA,NA,NA,NA,NA,NA,"117 N MAIN ST  HETTINGER ND 586397030",60000,2018-09-14,2018,"1",NA,NA
"175","38001",NA,"21990000","10",NA,NA,NA,NA,NA,NA,NA,NA,NA,"505  2ND AVE S HETTINGER ND 58639",65000,2012-12-27,2012,"1",NA,NA
"176","38001",NA,"22040000","10",NA,NA,NA,NA,NA,NA,NA,NA,NA,"508  3RD AVE S HETTINGER ND 58639",531250,2017-12-19,2017,"1",NA,NA
"177","38001",NA,"22305000","10",NA,NA,NA,NA,NA,NA,NA,NA,NA,"305  7TH ST S HETTINGER ND 586397410",NA,2017-11-07,2017,"1",NA,NA
"178","38001",NA,"22395000","10",NA,NA,NA,NA,NA,NA,NA,NA,NA,"303  8TH ST S HETTINGER ND 586397420",160000,2017-02-09,2017,"1",NA,NA
"179","38001",NA,"22450000","10",NA,NA,NA,NA,NA,NA,NA,NA,NA,"105  8TH ST S HETTINGER ND 586397416",109100,2015-08-06,2015,"1",NA,NA
"180","38001",NA,"22460000","10",NA,NA,NA,NA,NA,NA,NA,NA,NA,"101  8TH ST S HETTINGER ND 586397416",35000,2012-11-15,2012,"1",NA,NA
"181","38001",NA,"22620000","10",NA,NA,NA,NA,NA,NA,NA,NA,NA,"208  8TH ST S HETTINGER ND 586397422",NA,2019-04-02,2019,"1",NA,NA
"182","38001",NA,"22675000","10",NA,NA,NA,NA,NA,NA,NA,NA,NA,"307  9TH ST S HETTINGER ND 586397424",115000,2018-06-25,2018,"1",NA,NA
"183","38001",NA,"23220000","10",NA,NA,NA,NA,NA,NA,NA,NA,NA,"506  2ND AVE N HETTINGER ND 586397020",125000,2014-07-25,2014,"1",NA,NA
"184","38001",NA,"23445000","10",NA,NA,NA,NA,NA,NA,NA,NA,NA,"203  2ND ST N HETTINGER ND 586397111",157767.26,2012-06-06,2012,"1",NA,NA
"185","38001",NA,"23500000","10",NA,NA,NA,NA,NA,NA,NA,NA,NA,"102  ADAMS AVE  HETTINGER ND 58639",NA,2019-12-02,2019,"1",NA,NA
"186","38001",NA,"23505000","10",NA,NA,NA,NA,NA,NA,NA,NA,NA,"308  6TH ST N HETTINGER ND 586397182",NA,2014-02-26,2014,"1",NA,NA
"187","38001",NA,"23665000","10",NA,NA,NA,NA,NA,NA,NA,NA,NA,"109  13TH ST N HETTINGER ND 586397532",NA,2019-06-10,2019,"1",NA,NA
"188","38001",NA,"23735000","10",NA,NA,NA,NA,NA,NA,NA,NA,NA,"111  12TH ST S HETTINGER ND 58639",NA,2014-09-29,2014,"1",NA,NA
"189","38001",NA,"23804000","10",NA,NA,NA,NA,NA,NA,NA,NA,NA,"210  13TH ST S HETTINGER ND 586397521",56522,2012-12-28,2012,"1",NA,NA
"190","38001",NA,"23855000","10",NA,NA,NA,NA,NA,NA,NA,NA,NA,"207  12TH ST S HETTINGER ND 586397516",NA,2014-10-15,2014,"1",NA,NA
"191","38001",NA,"24075000","10",NA,NA,NA,NA,NA,NA,NA,NA,NA,"311  14TH ST S HETTINGER ND 586397528",7000,2012-09-17,2012,"1",NA,NA
"192","38001",NA,"24520000","10",NA,NA,NA,NA,NA,NA,NA,NA,NA,"602  3RD AVE N HETTINGER ND 58639",92000,2015-11-19,2015,"1",NA,NA
"193","38001",NA,"24735000","10",NA,NA,NA,NA,NA,NA,NA,NA,NA,"307  3RD ST N HETTINGER ND 586397110",NA,2015-07-16,2015,"1",NA,NA
"194","38001",NA,"24860000","10",NA,NA,NA,NA,NA,NA,NA,NA,NA,"301  4TH AVE N HETTINGER ND 586397191",NA,2017-11-06,2017,"1",NA,NA
"195","38001",NA,"24925000","10",NA,NA,NA,NA,NA,NA,NA,NA,NA,"410  6TH AVE N HETTINGER ND 586397128",NA,2012-04-26,2012,"1",NA,NA
"196","38001",NA,"24990000","10",NA,NA,NA,NA,NA,NA,NA,NA,NA,"610  3RD ST N HETTINGER ND 586397212",NA,2017-06-30,2017,"1",NA,NA
"197","38001",NA,"25005000","10",NA,NA,NA,NA,NA,NA,NA,NA,NA,"601  3RD ST N HETTINGER ND 586397213",163238.75,2016-04-01,2016,"1",NA,NA
"198","38001",NA,"25235000","10",NA,NA,NA,NA,NA,NA,NA,NA,NA,"202  9TH AVE N HETTINGER ND 586397230",NA,2017-11-30,2017,"1",NA,NA
"199","38001",NA,"25280000","10",NA,NA,NA,NA,NA,NA,NA,NA,NA,"904  3RD ST N HETTINGER ND 586397210",290000,2013-06-28,2013,"1",NA,NA
"200","38001",NA,"25450000","10",NA,NA,NA,NA,NA,NA,NA,NA,NA,"309  8TH ST N HETTINGER ND 586397148",141187.5,2017-08-08,2017,"1",NA,NA
"201","38001",NA,"25680000","10",NA,NA,NA,NA,NA,NA,NA,NA,NA,"506  12TH AVE N HETTINGER ND 586397315",11800,2012-03-01,2012,"1",NA,NA
"202","38001",NA,"25695000","10",NA,NA,NA,NA,NA,NA,NA,NA,NA,"1200  6TH ST N HETTINGER ND 586397322",21000,2013-09-27,2013,"1",NA,NA
"203","38001",NA,"25730000","10",NA,NA,NA,NA,NA,NA,NA,NA,NA,"1002  6TH ST N HETTINGER ND 586397319",5900,2011-12-21,2011,"1",NA,NA
"204","38001",NA,"25815000","10",NA,NA,NA,NA,NA,NA,NA,NA,NA,"408  10TH AVE N HETTINGER ND 586397302",183750,2015-04-13,2015,"1",NA,NA
"205","38001",NA,"26395000","10",NA,NA,NA,NA,NA,NA,NA,NA,NA,"509  RHAMES AVE  HETTINGER ND 586393715",122500,2013-09-30,2013,"1",NA,NA
"206","38001",NA,"26405000","10",NA,NA,NA,NA,NA,NA,NA,NA,NA,"ND",122500,2013-09-30,2013,"1",NA,NA
"207","38001",NA,"26695000","10",NA,NA,NA,NA,NA,NA,NA,NA,NA,"401  3RD AVE E REEDER ND 586494929",NA,2015-08-31,2015,"1",NA,NA
"208","38001",NA,"27035000","10",NA,NA,NA,NA,NA,NA,NA,NA,NA,"604  2ND ST  REEDER ND 586494939",NA,2018-02-07,2018,"1",NA,NA
"209","38001",NA,"27145000","10",NA,NA,NA,NA,NA,NA,NA,NA,NA,"501  2ND ST  REEDER ND 586494951",55812.5,2014-04-24,2014,"1",NA,NA
"210","38001",NA,"27235000","10",NA,NA,NA,NA,NA,NA,NA,NA,NA,"211  MAIN ST  REEDER ND 586494902",NA,2015-06-15,2015,"1",NA,NA
"211","38001",NA,"28232000","10",NA,NA,NA,NA,NA,NA,NA,NA,NA,"508  8TH ST NW BUCYRUS ND 586398599",NA,2017-09-15,2017,"1",NA,NA
"212","38001",NA,"01875000","10",NA,NA,NA,NA,NA,NA,NA,NA,NA,"ND",NA,2017-12-08,2017,"1",NA,NA
"213","38001",NA,"22565000","10",NA,NA,NA,NA,NA,NA,NA,NA,NA,"104  8TH ST S HETTINGER ND 586397415",70000,2019-06-27,2019,"1",NA,NA
"214","38001",NA,"22615000","10",NA,NA,NA,NA,NA,NA,NA,NA,NA,"206  8TH ST S HETTINGER ND 586397422",NA,2015-11-13,2015,"1",NA,NA
"215","38001",NA,"22705000","10",NA,NA,NA,NA,NA,NA,NA,NA,NA,"406  8TH ST S HETTINGER ND 586397421",17009,2018-09-27,2018,"1",NA,NA
"216","38001",NA,"22720000","10",NA,NA,NA,NA,NA,NA,NA,NA,NA,"411  9TH ST S HETTINGER ND 586397429",57094.29,2012-08-31,2012,"1",NA,NA
"217","38001",NA,"22745000","10",NA,NA,NA,NA,NA,NA,NA,NA,NA,"401  9TH ST S HETTINGER ND 586397429",35000,2001-12-06,2001,"1",NA,NA
"218","38001",NA,"22795000","10",NA,NA,NA,NA,NA,NA,NA,NA,NA,"405  10TH ST S HETTINGER ND 586397439",NA,2014-11-12,2014,"1",NA,NA
"219","38001",NA,"23235000","10",NA,NA,NA,NA,NA,NA,NA,NA,NA,"200 N MAIN ST  HETTINGER ND 586397173",NA,2012-08-20,2012,"1",NA,NA
"220","38001",NA,"23325000","10",NA,NA,NA,NA,NA,NA,NA,NA,NA,"207  4TH ST N HETTINGER ND 586397113",NA,2012-01-05,2012,"1",NA,NA
"221","38001",NA,"23350000","10",NA,NA,NA,NA,NA,NA,NA,NA,NA,"303  3RD AVE N HETTINGER ND 586397135",105000,2014-09-25,2014,"1",NA,NA
"222","38001",NA,"23670000","10",NA,NA,NA,NA,NA,NA,NA,NA,NA,"109  13TH ST N HETTINGER ND 586397532",NA,2018-01-23,2018,"1",NA,NA
"223","38001",NA,"24195000","10",NA,NA,NA,NA,NA,NA,NA,NA,NA,"506 N MAIN ST  HETTINGER ND 586397179",60500,2012-08-01,2012,"1",NA,NA
"224","38001",NA,"24235000","10",NA,NA,NA,NA,NA,NA,NA,NA,NA,"410 N MAIN ST  HETTINGER ND 586397177",117200,2015-05-15,2015,"1",NA,NA
"225","38001",NA,"24240000","10",NA,NA,NA,NA,NA,NA,NA,NA,NA,"408 N MAIN ST  HETTINGER ND 586397177",79600,2018-08-31,2018,"1",NA,NA
"226","38001",NA,"24420000","10",NA,NA,NA,NA,NA,NA,NA,NA,NA,"303 N MAIN ST  HETTINGER ND 586397176",NA,2015-07-13,2015,"1",NA,NA
"227","38001",NA,"24505000","10",NA,NA,NA,NA,NA,NA,NA,NA,NA,"307  6TH ST N HETTINGER ND 586397115",85000,2018-12-20,2018,"1",NA,NA
"228","38001",NA,"24785000","10",NA,NA,NA,NA,NA,NA,NA,NA,NA,"306  AIRPORT RD  HETTINGER ND 586397192",72000,2018-09-06,2018,"6",NA,NA
"229","38001",NA,"25035000","10",NA,NA,NA,NA,NA,NA,NA,NA,NA,"608  CHRISTY CT  HETTINGER ND 586397229",189000,2019-06-07,2019,"1",NA,NA
"230","38001",NA,"25085000","10",10,435600,NA,NA,NA,NA,NA,NA,NA,"511  10TH AVE N HETTINGER ND 586397312",350100,2018-06-04,2018,"1",NA,NA
"231","38001",NA,"25265000","10",NA,NA,NA,NA,NA,NA,NA,NA,NA,"304  9TH AVE N HETTINGER ND 586397225",165000,2019-03-12,2019,"1",NA,NA
"232","38001",NA,"25335000","10",NA,NA,NA,NA,NA,NA,NA,NA,NA,"900  MAIN ST N HETTINGER ND 58639",NA,2014-02-11,2014,"1",NA,NA
"233","38001",NA,"25970000","10",NA,NA,NA,NA,NA,NA,NA,NA,NA,"504  10TH AVE N HETTINGER ND 586397311",248823.75,2015-06-12,2015,"1",NA,NA
"234","38001",NA,"26620000","10",0.5,21780,NA,NA,NA,NA,NA,NA,NA,"202  9TH ST SE HAYNES ND 586398808",28000,2018-08-30,2018,"1",NA,NA
"235","38001",NA,"26710000","10",NA,NA,NA,NA,NA,NA,NA,NA,NA,"404  2ND AVE E REEDER ND 586494953",NA,2017-12-08,2017,"1",NA,NA
"236","38001",NA,"26715000","10",NA,NA,NA,NA,NA,NA,NA,NA,NA,"601  4TH ST  REEDER ND 586494966",55000,2019-05-10,2019,"1",NA,NA
"237","38001",NA,"27085000","10",NA,NA,NA,NA,NA,NA,NA,NA,NA,"ND",130000,2018-07-06,2018,"1",NA,NA
"238","38001",NA,"27100000","10",NA,NA,NA,NA,NA,NA,NA,NA,NA,"208  2ND AVE E REEDER ND 586494930",48300,2013-07-11,2013,"1",NA,NA
"239","38001",NA,"28070000","10",NA,NA,NA,NA,NA,NA,NA,NA,NA,"305  17TH ST NW REEDER ND 586499429",NA,2015-08-10,2015,"1",NA,NA
"240","38001",NA,"28290000","10",NA,NA,NA,NA,NA,NA,NA,NA,NA,"501  8TH ST NW HETTINGER ND 586398500",NA,2015-12-30,2015,"1",NA,NA
"241","38001",NA,"28370000","10",NA,NA,NA,NA,NA,NA,NA,NA,NA,"511  8TH ST NW HETTINGER ND 586398500",113204.84,2012-05-30,2012,"1",NA,NA
"242","38001",NA,"21650000","10",NA,NA,NA,NA,NA,NA,NA,NA,NA,"105  3RD ST S HETTINGER ND 586397021",150000,2019-06-19,2019,"1",NA,NA
"243","38001",NA,"21660000","10",NA,NA,NA,NA,NA,NA,NA,NA,NA,"101  3RD ST S HETTINGER ND 586397021",112500,2016-08-18,2016,"1",NA,NA
"244","38001",NA,"21680000","10",NA,NA,NA,NA,NA,NA,NA,NA,NA,"303  ADAMS AVE  HETTINGER ND 58639",30000,2013-12-03,2013,"1",NA,NA
"245","38001",NA,"21780000","10",NA,NA,NA,NA,NA,NA,NA,NA,NA,"105 N MAIN ST  HETTINGER ND 58639",NA,2017-01-26,2017,"1",NA,NA
"246","38001",NA,"21816000","10",NA,NA,NA,NA,NA,NA,NA,NA,NA,"400  2ND AVE S HETTINGER ND 586397026",NA,2018-02-13,2018,"1",NA,NA
"247","38001",NA,"22025000","10",NA,NA,NA,NA,NA,NA,NA,NA,NA,"218 S MAIN ST  HETTINGER ND 586397033",70000,2013-02-01,2013,"1",NA,NA
"248","38001",NA,"22090000","10",NA,NA,NA,NA,NA,NA,NA,NA,NA,"114 S MAIN ST  HETTINGER ND 58639",NA,2012-02-23,2012,"1",NA,NA
"249","38001",NA,"22240000","10",NA,NA,NA,NA,NA,NA,NA,NA,NA,"107  7TH ST S HETTINGER ND 586397412",25100,2012-11-01,2012,"1",NA,NA
"250","38001",NA,"22315000","10",NA,NA,NA,NA,NA,NA,NA,NA,NA,"301  7TH ST S HETTINGER ND 58639",65312.5,2015-12-28,2015,"1",NA,NA
"251","38001",NA,"22340000","10",NA,NA,NA,NA,NA,NA,NA,NA,NA,"403  8TH ST S HETTINGER ND 586397404",NA,2014-09-11,2014,"1",NA,NA
"252","38001",NA,"22390000","10",NA,NA,NA,NA,NA,NA,NA,NA,NA,"307  8TH ST S HETTINGER ND 586397420",30000,2012-01-17,2012,"1",NA,NA
"253","38001",NA,"22505000","10",NA,NA,NA,NA,NA,NA,NA,NA,NA,"108  8TH ST N HETTINGER ND 586397441",112362.5,2016-11-07,2016,"1",NA,NA
"254","38001",NA,"22515000","10",NA,NA,NA,NA,NA,NA,NA,NA,NA,"804  ADAMS AVE  HETTINGER ND 58639",NA,2015-01-27,2015,"1",NA,NA
"255","38001",NA,"22520000","10",NA,NA,NA,NA,NA,NA,NA,NA,NA,"800  ADAMS AVE  HETTINGER ND 586397467",57518.49,2017-11-01,2017,"1",NA,NA
"256","38001",NA,"22530000","10",NA,NA,NA,NA,NA,NA,NA,NA,NA,"806  ADAMS AVE  HETTINGER ND 586397467",55000,2019-08-05,2019,"1",NA,NA
