"","geoid_cnty","geoid_blk","p_id_iris_frmtd","property_indicator","acres","land_square_footage","bldg_code","building_square_feet","living_square_feet","year_built","effective_year_built","bedrooms","baths_appraised","property_address","sale_price","sale_date","sale_year","transaction_type","property_centroid_latitude","property_centroid_longitude"
"1","02232",NA,"2TOWN019071","10",0.23,10000,NA,NA,NA,NA,NA,NA,NA,"850  MAIN    AK",320000,2019-12-12,2019,"1",NA,NA
"2","02232",NA,"2TOWN056010","10",1.1,47916,NA,NA,NA,NA,NA,NA,NA,"927  ALASKA    AK",472875,2019-08-21,2019,"1",NA,NA
"3","02232",NA,"3HLSD303055","10",1.36,59242,NA,NA,NA,NA,NA,NA,NA,"AK",97087.5,2020-03-04,2020,"7",NA,NA
"4","02232",NA,"4DYEA407040","10",0.23,10000,NA,NA,NA,NA,NA,NA,NA,"1140  BROADWAY    AK",223250,2019-11-29,2019,"1",NA,NA
"5","02232",NA,"2TOWN005100","10",0.23,10000,NA,NA,NA,NA,NA,NA,NA,"430  7TH    AK",237500,2019-10-31,2019,"7",NA,NA
"6","02232",NA,"2TOWN059110","10",0.23,10000,NA,NA,NA,NA,NA,NA,NA,"320  9TH    AK",393750,2019-12-16,2019,"1",NA,NA
"7","02232",NA,"2TOWN076020","10",2.29,99752,NA,NA,NA,NA,NA,NA,NA,"1253  BROADWAY    AK",348750,2019-12-20,2019,"1",NA,NA
"8","02232",NA,"2TOWN083040","10",0.11,5000,NA,NA,NA,NA,NA,NA,NA,"585  14TH    AK",348875,2020-01-24,2020,"1",NA,NA
"9","02232",NA,"2TOWN101070","10",0.17,7500,NA,NA,NA,NA,NA,NA,NA,"1602  STATE    AK",NA,2020-01-10,2020,"1",NA,NA
"10","02232",NA,"2TOWN127060","10",0.23,10000,NA,NA,NA,NA,NA,NA,NA,"2298  MAIN    AK",280000,2019-10-17,2019,"1",NA,NA
"11","02232",NA,"3HLSD304020","10",0.13,5500,NA,NA,NA,NA,NA,NA,NA,"429  3RD    AK",NA,2019-10-08,2019,"1",NA,NA
"12","02232",NA,"2TOWN066070","10",0.11,5000,NA,NA,NA,NA,NA,NA,NA,"1000  ALASKA    AK",370395.9,2019-09-16,2019,"1",NA,NA
"13","02232",NA,"2TOWN120040","10",0.11,5000,NA,NA,NA,NA,NA,NA,NA,"555  21ST    AK",103750,2019-09-16,2019,"1",NA,NA
"14","02232",NA,"2TOWN120030","10",0.17,7607,NA,NA,NA,NA,NA,NA,NA,"531  21ST    AK",NA,2019-10-22,2019,"1",NA,NA
"15","02232",NA,"1TOWN002072","10",0.23,10000,NA,NA,NA,NA,NA,NA,NA,"526  STATE    AK",187375,2020-02-25,2020,"6",NA,NA
"16","02232",NA,"3HLSD306050","10",0.11,5000,NA,NA,NA,NA,NA,NA,NA,"441  11TH    AK",NA,2019-10-09,2019,"1",NA,NA
